class_code,sale_date,qty,revenue,avg_price,qty_am,qty_noon,qty_pm,disc_avg_price,loss_bar,weekday,is_weekend
1011010101,2020-07-01,205.402,1503.7896,7.32120232519645,82.302,49.517,73.583,4.17537449762514,0.102803,4,0
1011010201,2020-07-01,47.076,598.634,12.7163310391707,17.326,11.597,18.153,NaN,0.14142,4,0
1011010402,2020-07-01,4.85,70.2838,14.4915051546392,2.159,1.353,1.338,NaN,0.119747368421053,4,0
1011010501,2020-07-01,35.374,176.818,4.99852999378074,9.726,4.726,20.922,NaN,0.07122,4,0
1011010504,2020-07-01,76.715,759.9902,9.9066701427361,27.807,14.152,34.756,NaN,0.0851533333333334,4,0
1011010801,2020-07-01,35.365,368.602,10.4227908949526,12.054,9.622,13.689,16,0.0813097222222222,4,0
1011010101,2020-07-02,198.362,1409.6647,7.10652594751011,73.037,32.568,92.757,4.75039252143374,0.102803,5,0
1011010201,2020-07-02,43.943,546.032,12.4259153903921,16.217,8.449,19.277,NaN,0.14142,5,0
1011010402,2020-07-02,4.6,53.1208,11.548,1.504,0.542,2.554,NaN,0.119747368421053,5,0
1011010501,2020-07-02,32.199,172.092,5.34463803223703,14.765,6.065,11.369,NaN,0.07122,5,0
1011010504,2020-07-02,66.064,669.7044,10.1372063453621,21.439,11.19,33.435,NaN,0.0851533333333334,5,0
1011010801,2020-07-02,48.51,605.929,12.4908060193774,14.471,5.394,28.645,NaN,0.0813097222222222,5,0
1011010101,2020-07-03,191.779,1406.4065,7.33347498944097,70.903,42.749,78.127,4.8600556206089,0.102803,6,0
1011010201,2020-07-03,42.076,495.368,11.7731723547866,14.523,5.494,22.059,NaN,0.14142,6,0
1011010402,2020-07-03,9.572,76.693,8.01222315085667,2.196,0.18,7.196,6.31402557148392,0.119747368421053,6,0
1011010501,2020-07-03,35.896,196.243,5.46698796523289,10.438,5.594,19.864,NaN,0.07122,6,0
1011010504,2020-07-03,64.253,670.6646,10.4378721616111,25.142,11.375,27.736,NaN,0.0851533333333334,6,0
1011010801,2020-07-03,42.442,546.295,12.8715659017011,16.207,10.512,15.723,NaN,0.0813097222222222,6,0
1011010101,2020-07-04,236.587,1841.4,7.78318335326962,107.151,42.755,86.681,6.49811320754717,0.102803,7,1
1011010201,2020-07-04,55.662,702.186,12.6151773202544,28.425,7.364,19.873,NaN,0.14142,7,1
1011010402,2020-07-04,5.439,118.7532,21.8336458907887,4.868,0.571,0,NaN,0.119747368421053,7,1
1011010501,2020-07-04,57.067,327.403,5.73716859130496,27.613,9.395,20.059,NaN,0.07122,7,1
1011010504,2020-07-04,81.282,826.4166,10.1672768878719,36.538,13.359,31.385,13.2,0.0851533333333334,7,1
1011010801,2020-07-04,47.262,578.7036,12.2445855020947,26.589,9.698,10.975,17.8,0.0813097222222222,7,1
1011010101,2020-07-05,223.899,1573.1793,7.02628997896373,122.67,50.608,50.621,6.82748648013167,0.102803,1,1
1011010201,2020-07-05,55.474,697.982,12.5821465911959,31.883,7.709,15.882,NaN,0.14142,1,1
1011010402,2020-07-05,4.019,40.19,10,3.438,0,0.581,NaN,0.119747368421053,1,1
1011010501,2020-07-05,61.816,411.3631,6.65463795781028,27.08,12.001,22.735,9.04816933638444,0.07122,1,1
1011010504,2020-07-05,98.496,1016.2366,10.3175418291098,38.919,22.039,37.538,13.6,0.0851533333333334,1,1
1011010801,2020-07-05,73.213,732.6238,10.0067447038094,38.647,11.541,23.025,NaN,0.0813097222222222,1,1
1011010101,2020-07-06,195.74,1511.5968,7.72247266782467,81.718,35.155,78.867,6.25402812779449,0.102803,2,0
1011010201,2020-07-06,42.721,506.3038,11.8514032911215,16.688,6.15,19.883,13.2,0.14142,2,0
1011010402,2020-07-06,3.089,30.7757,9.96299773389446,1.675,0.772,0.642,9.7,0.119747368421053,2,0
1011010501,2020-07-06,30.727,201.412,6.55488658183357,13.197,3.844,13.686,NaN,0.07122,2,0
1011010504,2020-07-06,58.682,645.2908,10.9964009406632,20.939,12.71,25.033,NaN,0.0851533333333334,2,0
1011010801,2020-07-06,40.578,487.603,12.0164374784366,15.969,4.723,19.886,3.4,0.0813097222222222,2,0
1011010101,2020-07-07,175.052,1348.709,7.70461919886662,68.83,37.434,68.788,4.61428477301179,0.102803,3,0
1011010201,2020-07-07,45.749,526.991,11.5191807471202,14.711,11.751,19.287,NaN,0.14142,3,0
1011010402,2020-07-07,3.117,31.17,10,1.643,0.893,0.581,NaN,0.119747368421053,3,0
1011010501,2020-07-07,32.112,186.848,5.81863477827603,6.226,6.853,19.033,NaN,0.07122,3,0
1011010504,2020-07-07,42.213,531.0704,12.5807310544145,11.573,7.093,23.547,NaN,0.0851533333333334,3,0
1011010801,2020-07-07,52.56,622.3339,11.840447108067,17.662,12.339,22.559,4.99743233865371,0.0813097222222222,3,0
1011010101,2020-07-08,158.57,1251.845,7.89458914044271,79.29,19.116,60.164,5.30231335436383,0.102803,4,0
1011010201,2020-07-08,45.433,532.102,11.7117953910153,16.076,5.809,23.548,NaN,0.14142,4,0
1011010402,2020-07-08,10.605,155.484,14.6613861386139,7.384,0.251,2.97,NaN,0.119747368421053,4,0
1011010501,2020-07-08,39.67,232.2832,5.85538694227376,14.021,5.457,20.192,6.7,0.07122,4,0
1011010504,2020-07-08,65.88,768.061,11.6584851244687,22.446,10.447,32.987,10,0.0851533333333334,4,0
1011010801,2020-07-08,43.968,565.4192,12.859788937409,15.498,5.788,22.682,NaN,0.0813097222222222,4,0
1011010101,2020-07-09,187.439,1395.7574,7.44646204898661,75.992,30.817,80.63,0.3,0.102803,5,0
1011010201,2020-07-09,41.131,496.204,12.0639906639761,12.524,8.911,19.696,NaN,0.14142,5,0
1011010402,2020-07-09,2.106,21.06,10,0.963,0.592,0.551,NaN,0.119747368421053,5,0
1011010501,2020-07-09,25.921,205.52,7.9287064542263,7.192,6.337,12.392,NaN,0.07122,5,0
1011010504,2020-07-09,58.86,615.355,10.4545531770302,26.227,6.789,25.844,NaN,0.0851533333333334,5,0
1011010801,2020-07-09,37.837,464.1238,12.2664006131564,16.782,6.467,14.588,NaN,0.0813097222222222,5,0
1011010101,2020-07-10,179.833,1305.5266,7.25966090761985,83.927,25.303,70.603,5.58414089830713,0.102803,6,0
1011010201,2020-07-10,62.344,659.9568,10.585730784037,23.161,8.651,30.532,8.88947266756809,0.14142,6,0
1011010402,2020-07-10,9.025,128.7304,14.263756232687,4.137,0.957,3.931,15.1,0.119747368421053,6,0
1011010501,2020-07-10,37.86,268.3507,7.08797411516112,11.408,6.369,20.083,7.21111411573824,0.07122,6,0
1011010504,2020-07-10,58.936,714.7903,12.128245893851,14.627,13.255,31.054,12.1645374449339,0.0851533333333334,6,0
1011010801,2020-07-10,41.429,470.8101,11.3642641627845,17.974,5.138,18.317,14.5751534439645,0.0813097222222222,6,0
1011010101,2020-07-11,271.12,2106.3287,7.76899048391856,123.522,69.257,78.341,6.70283771616629,0.102803,7,1
1011010201,2020-07-11,76.564,784.2707,10.2433349877227,30.135,19.991,26.438,9.01943516972732,0.14142,7,1
1011010402,2020-07-11,8.928,132.1233,14.7987567204301,6.524,1.771,0.633,14.7249014454665,0.119747368421053,7,1
1011010501,2020-07-11,68.277,405.2064,5.93474229974955,23.017,18.537,26.723,5.79059592657782,0.07122,7,1
1011010504,2020-07-11,85.936,1060.3598,12.3389475889034,46.466,17.04,22.43,11.1864670517506,0.0851533333333334,7,1
1011010801,2020-07-11,52.238,700.3148,13.4062330104522,34.637,12.314,5.287,12.6354794892692,0.0813097222222222,7,1
1011010101,2020-07-12,300.189,2195.9922,7.3153653198485,159.584,70.187,70.418,6.01426094194354,0.102803,1,1
1011010201,2020-07-12,71.615,777.0745,10.8507226139775,44.387,19.062,8.166,9.15825778478518,0.14142,1,1
1011010402,2020-07-12,13.994,247.9604,17.7190510218665,11.133,2.861,0,17.109276844412,0.119747368421053,1,1
1011010501,2020-07-12,81.706,582.6195,7.1306819572614,36.513,20.97,24.223,6.32386893656716,0.07122,1,1
1011010504,2020-07-12,72.459,855.2597,11.8033605211223,32.8,18.721,20.938,10.9901527203309,0.0851533333333334,1,1
1011010801,2020-07-12,55.96,678.7291,12.1288259471051,37.273,9.687,9,10.9327998457385,0.0813097222222222,1,1
1011010101,2020-07-13,190.832,1422.2044,7.45265154691037,68.555,46.906,75.371,6.26052935563256,0.102803,2,0
1011010201,2020-07-13,32.028,315.3762,9.84689022105658,15.849,6.966,9.213,6.54727467046669,0.14142,2,0
1011010402,2020-07-13,11.605,164.1054,14.1409220163723,5.936,4.475,1.194,10.2528899445764,0.119747368421053,2,0
1011010501,2020-07-13,44.379,306.6984,6.91089028594605,13.722,9.895,20.762,5.19283795881826,0.07122,2,0
1011010504,2020-07-13,61.24,662.7452,10.8220966688439,19.189,15.502,26.549,9.59660297239915,0.0851533333333334,2,0
1011010801,2020-07-13,42.113,544.001,12.9176501317883,10.801,14.831,16.481,14.0594033722438,0.0813097222222222,2,0
1011010101,2020-07-14,190.599,1375.1632,7.21495495779096,69.923,43.984,76.692,6.3256829137654,0.102803,3,0
1011010201,2020-07-14,57.575,558.9169,9.70763178462874,19.112,16.239,22.224,8.45526431718062,0.14142,3,0
1011010402,2020-07-14,9.007,135.8165,15.0789941156878,6.135,0.657,2.215,14.9,0.119747368421053,3,0
1011010501,2020-07-14,34.747,225.4722,6.4889688318416,8.739,13.175,12.833,5.29434214931369,0.07122,3,0
1011010504,2020-07-14,66.745,710.1373,10.6395580193273,19.35,19.489,27.906,9.42139976958525,0.0851533333333334,3,0
1011010801,2020-07-14,44.836,537.0122,11.9772548844678,13.857,16.289,14.69,9.1487963891675,0.0813097222222222,3,0
1011010101,2020-07-15,218.094,1481.9327,6.79492649958275,81.708,49.702,86.684,4.72682840236686,0.102803,4,0
1011010201,2020-07-15,37.962,375.1279,9.88166851061588,14.085,14.104,9.773,9.52147979139504,0.14142,4,0
1011010402,2020-07-15,10.238,151.4427,14.7922152764212,5.935,2.121,2.182,11.3205457463884,0.119747368421053,4,0
1011010501,2020-07-15,38.17,274.55,7.19282158763427,10.693,7.227,20.25,6.9,0.07122,4,0
1011010504,2020-07-15,73.354,749.7708,10.2212667339204,21.488,17.401,34.465,8.6767681498829,0.0851533333333334,4,0
1011010801,2020-07-15,42.196,494.0361,11.7081263626884,14.499,14.605,13.092,9.61627801675345,0.0813097222222222,4,0
1011010101,2020-07-16,215.526,1535.9922,7.12671417833579,82.77,50.066,82.69,6.31091755518847,0.102803,5,0
1011010201,2020-07-16,39.45,417.228,10.5761216730038,18.013,10.763,10.674,6.88674698795181,0.14142,5,0
1011010402,2020-07-16,11.354,162.7251,14.3319623040338,7.798,1.49,2.066,12.3083689154569,0.119747368421053,5,0
1011010501,2020-07-16,26.586,192.9674,7.25823365681186,12.298,5.507,8.781,5.5014481409002,0.07122,5,0
1011010504,2020-07-16,72.656,764.0534,10.5160399691698,24.83,17.453,30.373,8.43406553835074,0.0851533333333334,5,0
1011010801,2020-07-16,53.685,641.0918,11.9417304647481,21.999,13.702,17.984,16.2944645340751,0.0813097222222222,5,0
1011010101,2020-07-17,201.67,1377.6054,6.83098824812813,65.911,57.393,78.366,6.21359161413698,0.102803,6,0
1011010201,2020-07-17,44.198,455.7297,10.3110932621386,15.547,13.724,14.927,9.72961086806355,0.14142,6,0
1011010402,2020-07-17,10.727,154.124,14.3678568099189,9.187,0.895,0.645,NaN,0.119747368421053,6,0
1011010501,2020-07-17,37.251,294.065,7.89415049260423,8.152,9.255,19.844,7.73846801346802,0.07122,6,0
1011010504,2020-07-17,61.025,690.4716,11.3145694387546,19.15,15.386,26.489,10.0052257444765,0.0851533333333334,6,0
1011010801,2020-07-17,51.908,656.7742,12.6526585497419,15.457,11.645,24.806,10.5925363053023,0.0813097222222222,6,0
1011010101,2020-07-18,275.265,2023.5223,7.35117904564692,123.968,66.049,85.248,6.06913700966459,0.102803,7,1
1011010201,2020-07-18,61.088,634.3341,10.3839395625982,22.298,21.969,16.821,9.95081815375116,0.14142,7,1
1011010402,2020-07-18,10.418,151.2599,14.5190919562296,7.54,0.401,2.477,13.3186083123426,0.119747368421053,7,1
1011010501,2020-07-18,56.585,393.6409,6.95662984889989,27.217,13.746,15.622,6.06561907020873,0.07122,7,1
1011010504,2020-07-18,85.051,987.4653,11.6102726599335,33.645,21.921,29.485,10.0332177180432,0.0851533333333334,7,1
1011010801,2020-07-18,71.884,884.559,12.3053669801347,34.024,21.109,16.751,9.63521962274212,0.0813097222222222,7,1
1011010101,2020-07-19,321.164,2307.3773,7.18442073208703,160.003,72.785,88.376,6.21986529394785,0.102803,1,1
1011010201,2020-07-19,76.351,809.2379,10.5989168445731,43.207,16.402,16.742,10.1605010091416,0.14142,1,1
1011010402,2020-07-19,11.124,159.4384,14.3328299172959,8.702,2.19,0.232,13.4809589041096,0.119747368421053,1,1
1011010501,2020-07-19,71.772,556.3028,7.75097252410411,31.381,15.577,24.814,6.56836470096194,0.07122,1,1
1011010504,2020-07-19,103.776,1116.3662,10.7574602991058,55.554,25.99,22.232,9.62790740569953,0.0851533333333334,1,1
1011010801,2020-07-19,80.322,1123.2615,13.9844812131172,44.82,24.171,11.331,15.1110006027728,0.0813097222222222,1,1
1011010101,2020-07-20,204.997,1412.958,6.89257891578901,80.218,33.386,91.393,5.61240070609003,0.102803,2,0
1011010201,2020-07-20,47.431,411.3892,8.67342455356202,11.857,10.698,24.876,6.15834180044707,0.14142,2,0
1011010402,2020-07-20,9.548,134.2522,14.0607666527021,7.297,1.625,0.626,8.73431192660551,0.119747368421053,2,0
1011010501,2020-07-20,33.947,280.5997,8.2658173034436,14.213,3.221,16.513,7.5341690359266,0.07122,2,0
1011010504,2020-07-20,67.35,677.3549,10.0572368225687,21.25,12.114,33.986,8.31084293065426,0.0851533333333334,2,0
1011010801,2020-07-20,52.617,627.6752,11.9291331698881,16.475,9.823,26.319,10.9549866666667,0.0813097222222222,2,0
1011010101,2020-07-21,214.99,1592.4823,7.40723894134611,88.344,41.111,85.535,6.29877762430939,0.102803,3,0
1011010201,2020-07-21,49.005,461.4358,9.41609631670238,19.251,12.236,17.518,9.73266796494644,0.14142,3,0
1011010402,2020-07-21,12.744,213.1828,16.728091650973,9.425,1.152,2.167,16.3829099307159,0.119747368421053,3,0
1011010501,2020-07-21,27.094,206.342,7.61578209197608,8.258,3.944,14.892,6.19308510638298,0.07122,3,0
1011010504,2020-07-21,56.993,571.6611,10.0303739055673,21.497,13.857,21.639,8.95581540380418,0.0851533333333334,3,0
1011010801,2020-07-21,45.905,570.2716,12.4228646116981,15.261,6.753,23.891,10.9582774626096,0.0813097222222222,3,0
1011010101,2020-07-22,232.783,1648.3367,7.08100118994944,80,54.216,98.567,5.61397467798595,0.102803,4,0
1011010201,2020-07-22,53.675,531.4384,9.9010414531905,22.599,12.117,18.959,10.1167080231596,0.14142,4,0
1011010402,2020-07-22,11.05,180.9364,16.374334841629,5.949,2.816,2.285,14.6405328258801,0.119747368421053,4,0
1011010501,2020-07-22,48.247,372.4259,7.71915144983108,18.16,14.903,15.184,7.5169239565466,0.07122,4,0
1011010504,2020-07-22,81.36,801.0997,9.8463581612586,29.514,22.045,29.801,8.98122386395317,0.0851533333333334,4,0
1011010801,2020-07-22,66.794,745.5677,11.1621957062012,27.579,13.109,26.106,9.59815842583249,0.0813097222222222,4,0
1011010101,2020-07-23,200.441,1426.5588,7.11710079275198,74.97,40.961,84.51,4.56304293604133,0.102803,5,0
1011010201,2020-07-23,39.425,420.2273,10.6589042485732,19.999,7.682,11.744,7.8056799740344,0.14142,5,0
1011010402,2020-07-23,30.417,207.4809,6.8212151099714,15.463,4.558,10.396,2.42324482448245,0.119747368421053,5,0
1011010501,2020-07-23,44.142,338.846,7.67627203117213,17.664,10.098,16.38,5.56896149358226,0.07122,5,0
1011010504,2020-07-23,57.639,640.9893,11.120756779264,17.7,19.129,20.81,9.179592376919,0.0851533333333334,5,0
1011010801,2020-07-23,56.759,623.9236,10.9925051533677,16.482,16.423,23.854,12.2438988095238,0.0813097222222222,5,0
1011010101,2020-07-24,176.325,1340.1699,7.60056656741812,70.89,31.717,73.718,7.06098438643571,0.102803,6,0
1011010201,2020-07-24,38.284,409.2171,10.6889849545502,11.721,6.65,19.913,8.53085492227979,0.14142,6,0
1011010402,2020-07-24,11.74,197.4297,16.8168398637138,8.101,1.567,2.072,14.8519154557464,0.119747368421053,6,0
1011010501,2020-07-24,34.97,289.3317,8.27371175293109,14.177,4.217,16.576,7.46205951448708,0.07122,6,0
1011010504,2020-07-24,58.738,600.5783,10.2246978106166,13.528,14.101,31.109,9.70806210250655,0.0851533333333334,6,0
1011010801,2020-07-24,49.201,573.4826,11.6559134976931,20.034,9.428,19.739,10.1943285395989,0.0813097222222222,6,0
1011010101,2020-07-25,227.137,1805.9512,7.9509335775325,93.495,49.554,84.088,6.56496640735502,0.102803,7,1
1011010201,2020-07-25,57.421,620.8881,10.8129099110082,28.106,7.319,21.996,8.96109184328838,0.14142,7,1
1011010402,2020-07-25,10.424,150.716,14.4585571757483,7.483,2.052,0.889,12.1966987620358,0.119747368421053,7,1
1011010501,2020-07-25,61.874,435.2305,7.03414196593076,24.185,12.002,25.687,6.13226013649137,0.07122,7,1
1011010504,2020-07-25,94.206,951.9405,10.1048818546589,37.862,21.658,34.686,9.01100807418658,0.0851533333333334,7,1
1011010801,2020-07-25,67.013,809.1515,12.0745452374912,31.675,17.945,17.393,11.7859187109187,0.0813097222222222,7,1
1011010101,2020-07-26,250.825,2045.4513,8.1548940496362,107.185,66.788,76.852,6.69725886878473,0.102803,1,1
1011010201,2020-07-26,64.119,711.6964,11.099617897971,25.311,22.523,16.285,9.69250190445097,0.14142,1,1
1011010402,2020-07-26,12.988,234.4727,18.0530258700339,9.47,2.636,0.882,16.2892692897292,0.119747368421053,1,1
1011010501,2020-07-26,69.521,515.1741,7.41033788351721,27.198,15.865,26.458,5.78202173628388,0.07122,1,1
1011010504,2020-07-26,102.061,1058.5517,10.3717551268359,34.735,25.674,41.652,9.85321121165306,0.0851533333333334,1,1
1011010801,2020-07-26,71.295,882.8239,12.3826902307315,29.745,23.534,18.016,11.1007693107392,0.0813097222222222,1,1
1011010101,2020-07-27,198.009,1568.9211,7.92348378104026,91.714,29.374,76.921,7.45420017387524,0.102803,2,0
1011010201,2020-07-27,42.876,463.1993,10.8032302453587,24.539,7.63,10.707,9.61812775752925,0.14142,2,0
1011010402,2020-07-27,17.265,246.9673,14.3045062264697,10.508,2.74,4.017,18.9197828709288,0.119747368421053,2,0
1011010501,2020-07-27,36.121,265.8719,7.36059079206002,18.264,10.081,7.776,5.93859332732191,0.07122,2,0
1011010504,2020-07-27,71.402,776.7884,10.8790846194784,28.109,14.224,29.069,10.842658922233,0.0851533333333334,2,0
1011010801,2020-07-27,52.777,654.2723,12.3969210072569,21.344,10.522,20.911,8.97634344804204,0.0813097222222222,2,0
1011010101,2020-07-28,165.443,1326.3971,8.01724521436386,74.343,29.992,61.108,6.10995271039496,0.102803,3,0
1011010201,2020-07-28,34.937,379.2339,10.8547929129576,12.502,4.488,17.947,11.4631698455949,0.14142,3,0
1011010402,2020-07-28,13.959,166.7864,11.9483057525611,6.788,3.814,3.357,10.4,0.119747368421053,3,0
1011010501,2020-07-28,40.34,313.6707,7.77567426871592,18.57,6.045,15.725,6.82645955275401,0.07122,3,0
1011010504,2020-07-28,66.001,667.8376,10.1185982030575,22.685,13.834,29.482,9.55174979653529,0.0851533333333334,3,0
1011010801,2020-07-28,47.728,550.9985,11.5445545591686,16.317,7.03,24.381,13.4943215892054,0.0813097222222222,3,0
1011010101,2020-07-29,193.729,1516.066,7.8257049796365,75.103,38.408,80.218,6.34863341029909,0.102803,4,0
1011010201,2020-07-29,42.22,486.9335,11.533242539081,19.791,9.193,13.236,11.2359751730723,0.14142,4,0
1011010402,2020-07-29,18.597,226.9722,12.2047749637038,9.389,3.598,5.61,11.4,0.119747368421053,4,0
1011010501,2020-07-29,40.777,324.2181,7.95100424258773,14.091,6.574,20.112,7.5883441434567,0.07122,4,0
1011010504,2020-07-29,82.494,815.1328,9.88111620239048,39.088,12.655,30.751,8.23604461711994,0.0851533333333334,4,0
1011010801,2020-07-29,54.315,660.9125,12.168139556292,21.34,9.463,23.512,13.5990166933455,0.0813097222222222,4,0
1011010101,2020-07-30,201.743,1575.9332,7.81158801048859,96.955,37.297,67.491,6.16814623423701,0.102803,5,0
1011010201,2020-07-30,38.198,392.4168,10.2732289648673,20.564,8.465,9.169,8.56044107512061,0.14142,5,0
1011010402,2020-07-30,10.645,126.7949,11.9112165335838,8.432,0.827,1.386,11.0471876341778,0.119747368421053,5,0
1011010501,2020-07-30,46.311,355.9828,7.68678715639913,18.369,8.508,19.434,6.43929679420889,0.07122,5,0
1011010504,2020-07-30,68.219,647.6431,9.49358829651564,28.969,11.437,27.813,8.69519986334131,0.0851533333333334,5,0
1011010801,2020-07-30,50.774,578.2916,11.3895221963997,20.709,11.676,18.389,14.5744694743715,0.0813097222222222,5,0
1011010101,2020-07-31,197.166,1534.2384,7.78145522047412,72.545,44.03,80.591,5.9,0.102803,6,0
1011010201,2020-07-31,37.549,393.0233,10.4669445258196,12.328,8.841,16.38,3.9,0.14142,6,0
1011010402,2020-07-31,19.062,213.33,11.1913755114888,7.836,2.332,8.894,NaN,0.119747368421053,6,0
1011010501,2020-07-31,34.092,265.107,7.77622316085885,12.561,8.073,13.458,NaN,0.07122,6,0
1011010504,2020-07-31,41.104,440.091,10.7067681977423,17.637,8.882,14.585,NaN,0.0851533333333334,6,0
1011010801,2020-07-31,45.587,522.947,11.4714063219778,15.079,12.918,17.59,NaN,0.0813097222222222,6,0
1011010101,2020-08-01,229.89,1835.8272,7.9856766279525,120.528,37.115,72.247,6.35927453198555,0.102803,7,1
1011010201,2020-08-01,54.362,607.9993,11.1842702623156,27.186,11.264,15.912,10.7095770151636,0.14142,7,1
1011010402,2020-08-01,21.432,237.8084,11.0959499813363,16.496,3.023,1.913,9.7,0.119747368421053,7,1
1011010501,2020-08-01,48.805,353.9742,7.25282655465629,19.612,5.205,23.988,5.85407807045382,0.07122,7,1
1011010504,2020-08-01,66.156,693.1243,10.4771192333273,30.777,10.879,24.5,9.46387969094923,0.0851533333333334,7,1
1011010801,2020-08-01,53.797,669.5794,12.4464077922561,28.582,8.194,17.021,11.8151706700379,0.0813097222222222,7,1
1011010101,2020-08-02,243.138,2089.567,8.59416051789519,123.288,45.112,74.738,6.54625940681718,0.102803,1,1
1011010201,2020-08-02,49.219,556.502,11.3066498709848,25.385,11.431,12.403,NaN,0.14142,1,1
1011010402,2020-08-02,56.154,627.7452,11.1789934822096,31.618,9.345,15.191,9,0.119747368421053,1,1
1011010501,2020-08-02,50.893,352.942,6.93498123514039,20.619,9.964,20.31,NaN,0.07122,1,1
1011010504,2020-08-02,67.963,661.0504,9.72662183835322,26.166,14.238,27.559,NaN,0.0851533333333334,1,1
1011010801,2020-08-02,54.961,617.6406,11.2377977111042,26.909,7.468,20.584,NaN,0.0813097222222222,1,1
1011010101,2020-08-03,207.843,1680.6198,8.08600626434376,97.549,30.592,79.702,6,0.102803,2,0
1011010201,2020-08-03,44.426,492.028,11.0752262188808,20.785,6.983,16.658,NaN,0.14142,2,0
1011010402,2020-08-03,15.555,195.6176,12.5758662809386,13.083,0.538,1.934,NaN,0.119747368421053,2,0
1011010501,2020-08-03,45.191,302.953,6.70383483436967,17.949,5.707,21.535,NaN,0.07122,2,0
1011010504,2020-08-03,86.474,854.4544,9.88105557739899,41.432,12.449,32.593,NaN,0.0851533333333334,2,0
1011010801,2020-08-03,48.575,600.7602,12.3676829644879,21.651,5.656,21.268,8,0.0813097222222222,2,0
1011010101,2020-08-04,180.012,1328.5652,7.38042574939448,69.127,39.529,71.356,6.8,0.102803,3,0
1011010201,2020-08-04,44.534,484.39,10.8768581308663,21.876,6.296,16.362,NaN,0.14142,3,0
1011010402,2020-08-04,26.208,319.5464,12.1927045177045,20.554,2.226,3.428,NaN,0.119747368421053,3,0
1011010501,2020-08-04,30.591,228.636,7.47396293027361,9.91,5.415,15.266,NaN,0.07122,3,0
1011010504,2020-08-04,73.365,706.3548,9.6279533837661,28.63,13.242,31.493,NaN,0.0851533333333334,3,0
1011010801,2020-08-04,45.301,570.8358,12.6009536213329,21.694,8.591,15.016,NaN,0.0813097222222222,3,0
1011010101,2020-08-05,244.395,1891.6622,7.74018371897952,106.712,51.613,86.07,6.36221788799108,0.102803,4,0
1011010201,2020-08-05,43.631,446.41,10.2314867869176,24.824,7.509,11.298,NaN,0.14142,4,0
1011010402,2020-08-05,21.452,258.012,12.0274100316987,15.759,3.571,2.122,NaN,0.119747368421053,4,0
1011010501,2020-08-05,49.472,368.65,7.45168984476067,20.514,8.175,20.783,NaN,0.07122,4,0
1011010504,2020-08-05,82.229,808.7544,9.83539140692456,32.417,15.942,33.87,NaN,0.0851533333333334,4,0
1011010801,2020-08-05,62.84,757.8292,12.0596626352642,24.653,14.208,23.979,NaN,0.0813097222222222,4,0
1011010101,2020-08-06,234.777,1788.7844,7.61907852983895,96.479,37.529,100.769,4.60083632019116,0.102803,5,0
1011010201,2020-08-06,40.827,394.476,9.66213535160556,17.73,7.919,15.178,NaN,0.14142,5,0
1011010402,2020-08-06,19.115,220.8958,11.5561496207167,10.699,5.191,3.225,NaN,0.119747368421053,5,0
1011010501,2020-08-06,31.596,252.768,8,11.53,5.265,14.801,NaN,0.07122,5,0
1011010504,2020-08-06,74.047,731.4874,9.87869056140019,31.565,12.4,30.082,NaN,0.0851533333333334,5,0
1011010801,2020-08-06,48.611,596.5882,12.2726995947419,18.235,10.785,19.591,NaN,0.0813097222222222,5,0
1011010101,2020-08-07,204.941,1683.3442,8.21379909339761,95.997,39.209,69.735,8.13934820998555,0.102803,6,0
1011010201,2020-08-07,40.272,438.672,10.8927294398093,20.554,7.016,12.702,NaN,0.14142,6,0
1011010402,2020-08-07,25.415,312.622,12.3006885697423,15.556,6.844,3.015,NaN,0.119747368421053,6,0
1011010501,2020-08-07,51.799,266.16,5.13832313365123,15.703,8.092,28.004,NaN,0.07122,6,0
1011010504,2020-08-07,78.611,789.528,10.043479920113,26.215,18.765,33.631,NaN,0.0851533333333334,6,0
1011010801,2020-08-07,68.177,735.9746,10.7950569840269,27.918,13.749,26.51,NaN,0.0813097222222222,6,0
1011010101,2020-08-08,311.161,2505.7686,8.05296486384862,103.622,73.592,133.947,5.9,0.102803,7,1
1011010201,2020-08-08,58.156,619.868,10.6587110530298,22.728,15.155,20.273,NaN,0.14142,7,1
1011010402,2020-08-08,27.461,335.91,12.2322566548924,19.639,5.449,2.373,NaN,0.119747368421053,7,1
1011010501,2020-08-08,63.764,323.176,5.06831440938461,21.95,14.677,27.137,NaN,0.07122,7,1
1011010504,2020-08-08,100.292,980.1272,9.77273561201292,38.45,27.371,34.471,NaN,0.0851533333333334,7,1
1011010801,2020-08-08,92.144,863.66,9.37293801007119,25.459,23.196,43.489,NaN,0.0813097222222222,7,1
1011010101,2020-08-09,250.59,2007.366,8.01055908056986,115.575,41.191,93.824,4.65691585409895,0.102803,1,1
1011010201,2020-08-09,54.876,655.23,11.9401924338509,24.287,8.77,21.819,NaN,0.14142,1,1
1011010402,2020-08-09,25.9,289.348,11.1717374517375,13.307,6.34,6.253,NaN,0.119747368421053,1,1
1011010501,2020-08-09,51.835,259.75,5.01109289090383,16.173,8.432,27.23,NaN,0.07122,1,1
1011010504,2020-08-09,73.684,729.5186,9.90063785896531,36.568,18.691,18.425,NaN,0.0851533333333334,1,1
1011010801,2020-08-09,73.073,930.362,12.7319529785283,32.162,21.402,19.509,NaN,0.0813097222222222,1,1
1011010101,2020-08-10,210.292,1730.7,8.22998497327526,69.734,41.534,99.024,5,0.102803,2,0
1011010201,2020-08-10,50.7,589.83,11.6337278106509,15.863,13.528,21.309,NaN,0.14142,2,0
1011010402,2020-08-10,30.683,342.8468,11.1738356744777,16.767,6.811,7.105,NaN,0.119747368421053,2,0
1011010501,2020-08-10,47.664,237.186,4.9762084592145,15.052,6.491,26.121,NaN,0.07122,2,0
1011010504,2020-08-10,78.905,783.0778,9.92431151384576,25.458,13.862,39.585,NaN,0.0851533333333334,2,0
1011010801,2020-08-10,36.094,497.3138,13.7782955615892,15.202,7.015,13.877,NaN,0.0813097222222222,2,0
1011010101,2020-08-11,216.713,1614.1096,7.44814385846719,89.964,30.803,95.946,6.02751577050165,0.102803,3,0
1011010201,2020-08-11,56.279,643.296,11.4304802857194,23.266,9.81,23.203,NaN,0.14142,3,0
1011010402,2020-08-11,20.458,248.3272,12.1383908495454,8.114,5.566,6.778,12,0.119747368421053,3,0
1011010501,2020-08-11,33.572,167.394,4.98611938520195,12.718,6.132,14.722,NaN,0.07122,3,0
1011010504,2020-08-11,73.292,747.7902,10.2028898106205,26.845,13.649,32.798,NaN,0.0851533333333334,3,0
1011010801,2020-08-11,40.017,529.7576,13.2383137166704,14.141,7.896,17.98,NaN,0.0813097222222222,3,0
1011010101,2020-08-12,206.877,1561.0814,7.54593985798324,73.07,32.111,101.696,6.06847984458475,0.102803,4,0
1011010201,2020-08-12,50.065,581.3,11.6109058224308,14.353,7.015,28.697,NaN,0.14142,4,0
1011010402,2020-08-12,27.355,311.9464,11.4036337049899,13.458,6.544,7.353,NaN,0.119747368421053,4,0
1011010501,2020-08-12,36.009,244.553,6.79144102863173,9.192,3.946,22.871,NaN,0.07122,4,0
1011010504,2020-08-12,85.166,860.6532,10.105596129911,27.426,13.813,43.927,NaN,0.0851533333333334,4,0
1011010801,2020-08-12,34.195,459.8046,13.4465448164936,14.082,7.49,12.623,NaN,0.0813097222222222,4,0
1011010101,2020-08-13,188.208,1360.5064,7.22873841707048,84.836,40.427,62.945,4.47328244274809,0.102803,5,0
1011010201,2020-08-13,47.468,494.769,10.4232114266453,17.322,10.652,19.494,NaN,0.14142,5,0
1011010402,2020-08-13,19.324,234.1614,12.1176464500104,11.745,3.047,4.532,NaN,0.119747368421053,5,0
1011010501,2020-08-13,31.109,212.742,6.83859976212671,11.85,5.817,13.442,NaN,0.07122,5,0
1011010504,2020-08-13,61.768,613.2288,9.92793679575185,27.311,12.124,22.333,NaN,0.0851533333333334,5,0
1011010801,2020-08-13,35.65,480.5257,13.4789817671809,11.983,7.71,15.957,17.7,0.0813097222222222,5,0
1011010101,2020-08-14,217.758,1606.1536,7.37586495100065,86.646,36.345,94.767,6.04476275738585,0.102803,6,0
1011010201,2020-08-14,58.582,598.541,10.2171486122017,18.256,8.068,32.258,NaN,0.14142,6,0
1011010402,2020-08-14,29.991,253.2994,8.44584708745957,12.961,5.249,11.781,NaN,0.119747368421053,6,0
1011010501,2020-08-14,37.826,276.063,7.29823401892878,13.737,8.49,15.599,NaN,0.07122,6,0
1011010504,2020-08-14,76.489,776.5718,10.1527252284642,24.611,16.759,35.119,NaN,0.0851533333333334,6,0
1011010801,2020-08-14,53.795,583.87,10.8536109303839,19.622,5.881,28.292,NaN,0.0813097222222222,6,0
1011010101,2020-08-15,245.136,1933.717,7.88834361334117,134.719,37.774,72.643,NaN,0.102803,7,1
1011010201,2020-08-15,79.38,680.84,8.57697152935248,55.518,6.291,17.571,NaN,0.14142,7,1
1011010402,2020-08-15,25.642,272.6662,10.6335777240465,16,2.95,6.692,NaN,0.119747368421053,7,1
1011010501,2020-08-15,43.279,318.823,7.36669054275746,16.452,9.258,17.569,NaN,0.07122,7,1
1011010504,2020-08-15,94.285,956.6032,10.1458683777907,42.282,19.447,32.556,NaN,0.0851533333333334,7,1
1011010801,2020-08-15,58.015,658.7176,11.3542635525295,29.571,11.057,17.387,NaN,0.0813097222222222,7,1
1011010101,2020-08-16,241.48,1826.1872,7.56247805201259,141.543,43.197,56.74,NaN,0.102803,1,1
1011010201,2020-08-16,60.231,634.4398,10.5334429114576,26.978,9.625,23.628,NaN,0.14142,1,1
1011010402,2020-08-16,24.454,244.5982,10.0023799787356,18.593,2.535,3.326,NaN,0.119747368421053,1,1
1011010501,2020-08-16,48.366,341.816,7.06727866683207,22.644,8.116,17.606,NaN,0.07122,1,1
1011010504,2020-08-16,95.285,943.0664,9.89732276853649,46.524,17.629,31.132,NaN,0.0851533333333334,1,1
1011010801,2020-08-16,55.093,685.6208,12.4447897192021,35.729,11.397,7.967,NaN,0.0813097222222222,1,1
1011010101,2020-08-17,215.633,1440.412,6.67992375935038,92.642,37.421,85.57,4,0.102803,2,0
1011010201,2020-08-17,51.749,535.147,10.3412046609596,22.361,6.268,23.12,NaN,0.14142,2,0
1011010402,2020-08-17,15.916,172.623,10.8458783613973,6.592,1.434,7.89,NaN,0.119747368421053,2,0
1011010501,2020-08-17,35.014,259.046,7.39835494373679,12.665,5.675,16.674,NaN,0.07122,2,0
1011010504,2020-08-17,72.953,690.9762,9.47152550272093,28.418,13.715,30.82,NaN,0.0851533333333334,2,0
1011010801,2020-08-17,47.418,538.4362,11.3551014382724,16.965,7.53,22.923,NaN,0.0813097222222222,2,0
1011010101,2020-08-18,225.113,1601.7918,7.11550110389005,83.24,43.098,98.775,NaN,0.102803,3,0
1011010201,2020-08-18,55.92,551.62,9.86444921316166,19.546,12.91,23.464,NaN,0.14142,3,0
1011010402,2020-08-18,21.753,208.0406,9.56376591734473,9.146,5.921,6.686,NaN,0.119747368421053,3,0
1011010501,2020-08-18,34.019,259.425,7.62588553455422,10.845,4.704,18.47,NaN,0.07122,3,0
1011010504,2020-08-18,76.92,725.141,9.42721008840354,26.991,14.381,35.548,NaN,0.0851533333333334,3,0
1011010801,2020-08-18,45.716,523.6236,11.4538367311226,17.075,9.059,19.582,NaN,0.0813097222222222,3,0
1011010101,2020-08-19,214.173,1519.7384,7.09584494777586,92.83,43.69,77.653,NaN,0.102803,4,0
1011010201,2020-08-19,64.061,591.306,9.23035856449322,28.648,7.129,28.284,NaN,0.14142,4,0
1011010402,2020-08-19,17.95,188.2404,10.486930362117,9.903,4.203,3.844,NaN,0.119747368421053,4,0
1011010501,2020-08-19,30.347,232.616,7.66520578640393,9.875,5.375,15.097,NaN,0.07122,4,0
1011010504,2020-08-19,80.919,658.47,8.13739665591518,28.779,17.047,35.093,NaN,0.0851533333333334,4,0
1011010801,2020-08-19,50.126,621.4786,12.3983282129035,15.292,8.817,26.017,NaN,0.0813097222222222,4,0
1011010101,2020-08-20,233.532,1683.267,7.2078644468424,81.858,53.654,98.02,NaN,0.102803,5,0
1011010201,2020-08-20,69.587,630.3,9.05772629945248,18.025,16.753,34.809,NaN,0.14142,5,0
1011010402,2020-08-20,22.966,223.0876,9.71382043020117,8.021,4.339,10.606,NaN,0.119747368421053,5,0
1011010501,2020-08-20,37.957,329.806,8.6889374818874,8.487,10.92,18.55,NaN,0.07122,5,0
1011010504,2020-08-20,75.953,633.024,8.33441733703738,24.484,17.817,33.652,NaN,0.0851533333333334,5,0
1011010801,2020-08-20,54.411,608.8122,11.1891382257264,19.735,10.501,24.175,NaN,0.0813097222222222,5,0
1011010101,2020-08-21,207.076,1551.367,7.49177596631189,86.124,46.606,74.346,4.94443412005203,0.102803,6,0
1011010201,2020-08-21,50.062,507.66,10.140625624226,20.847,10.994,18.221,NaN,0.14142,6,0
1011010402,2020-08-21,34.598,251.5688,7.2711948667553,17.688,7.41,9.5,NaN,0.119747368421053,6,0
1011010501,2020-08-21,29.694,247.648,8.34000134707348,7.097,6.917,15.68,NaN,0.07122,6,0
1011010504,2020-08-21,85.198,694.994,8.15739806098735,30.072,18.519,36.607,NaN,0.0851533333333334,6,0
1011010801,2020-08-21,50,608.3198,12.166396,21.97,13.679,14.351,NaN,0.0813097222222222,6,0
1011010101,2020-08-22,273.081,2003.071,7.3350800678187,132.194,56.661,84.226,8,0.102803,7,1
1011010201,2020-08-22,55.886,563.756,10.0876069140751,22.307,20.979,12.6,NaN,0.14142,7,1
1011010402,2020-08-22,42.772,282.6736,6.60884690919293,19.663,16.366,6.743,NaN,0.119747368421053,7,1
1011010501,2020-08-22,30.422,295.327,9.70767865360594,10.781,8.926,10.715,NaN,0.07122,7,1
1011010504,2020-08-22,116.801,959.536,8.21513514439089,46.433,33.103,37.265,NaN,0.0851533333333334,7,1
1011010801,2020-08-22,49.895,627.016,12.5667100911915,25.839,13.395,10.661,NaN,0.0813097222222222,7,1
1011010101,2020-08-23,261.552,1988.1942,7.60152550926776,131.338,58.838,71.376,7.17193787504412,0.102803,1,1
1011010201,2020-08-23,71.556,775.273,10.834493264017,24.032,13.286,34.238,NaN,0.14142,1,1
1011010402,2020-08-23,46.057,309.383,6.71739366437241,35.796,3.539,6.722,NaN,0.119747368421053,1,1
1011010501,2020-08-23,47.316,454.528,9.60622199678756,16.457,10.396,20.463,NaN,0.07122,1,1
1011010504,2020-08-23,93.714,770.576,8.22263482510617,55.392,19.043,19.279,NaN,0.0851533333333334,1,1
1011010801,2020-08-23,55.226,665.1796,12.0446818527505,29.983,14.274,10.969,NaN,0.0813097222222222,1,1
1011010101,2020-08-24,260.694,1777.826,6.81958925023207,129.436,36.45,94.808,NaN,0.102803,2,0
1011010201,2020-08-24,41.784,439.187,10.5108893356309,17.867,4.844,19.073,NaN,0.14142,2,0
1011010402,2020-08-24,20.305,201.1994,9.90885988672741,14.358,0.617,5.33,NaN,0.119747368421053,2,0
1011010501,2020-08-24,26.874,233.149,8.6756344422118,9.479,5.959,11.436,NaN,0.07122,2,0
1011010504,2020-08-24,97.079,760.6728,7.83560605280236,36.498,15.713,44.868,NaN,0.0851533333333334,2,0
1011010801,2020-08-24,39.576,472.2158,11.9318728522337,12.77,7.953,18.853,NaN,0.0813097222222222,2,0
1011010101,2020-08-25,343.427,1911.802,5.56683662030068,112.39,55.177,175.86,2.8,0.102803,3,0
1011010201,2020-08-25,47.761,527.521,11.0450158078767,17.893,5.342,24.526,NaN,0.14142,3,0
1011010402,2020-08-25,20.062,213.2984,10.6319609211445,13.243,2.094,4.725,NaN,0.119747368421053,3,0
1011010501,2020-08-25,23.272,230.431,9.90164145754555,7.083,4.477,11.712,NaN,0.07122,3,0
1011010504,2020-08-25,107.213,839.8614,7.83357801759115,41.108,21.946,44.159,5.6,0.0851533333333334,3,0
1011010801,2020-08-25,54.488,627.6222,11.518539861988,22.393,11.198,20.897,NaN,0.0813097222222222,3,0
1011010101,2020-08-26,241.686,1632.57,6.7549216752315,98.276,39.417,103.993,7,0.102803,4,0
1011010201,2020-08-26,82.544,915.261,11.0881590424501,35.378,12.225,34.941,11,0.14142,4,0
1011010402,2020-08-26,18.95,196.0036,10.3431978891821,8.099,3.778,7.073,NaN,0.119747368421053,4,0
1011010501,2020-08-26,30.722,304.665,9.91683484148168,8.219,11.47,11.033,NaN,0.07122,4,0
1011010504,2020-08-26,82.32,644.126,7.82465986394558,26.542,12.77,43.008,NaN,0.0851533333333334,4,0
1011010801,2020-08-26,42.811,605.6674,14.147471444255,14.3,9.996,18.515,NaN,0.0813097222222222,4,0
1011010101,2020-08-27,199.007,1573.879,7.9086615043692,74.009,33.088,91.91,NaN,0.102803,5,0
1011010201,2020-08-27,92.506,935.528,10.1131602274447,27.017,14.817,50.672,8.45036501843907,0.14142,5,0
1011010402,2020-08-27,19.487,240.0828,12.3201518961359,8.767,4.86,5.86,NaN,0.119747368421053,5,0
1011010501,2020-08-27,19.129,191.572,10.014742014742,3.799,7.543,7.787,NaN,0.07122,5,0
1011010504,2020-08-27,89.92,709.0152,7.88495551601423,24.84,17.848,47.232,NaN,0.0851533333333334,5,0
1011010801,2020-08-27,50.458,600.5288,11.9015577311824,15.729,10.242,24.487,3.5,0.0813097222222222,5,0
1011010101,2020-08-28,195.032,1479.211,7.58445280774437,86.633,30.155,78.244,NaN,0.102803,6,0
1011010201,2020-08-28,39.93,387.056,9.69336338592537,21.906,2.958,15.066,NaN,0.14142,6,0
1011010402,2020-08-28,20.997,258.9204,12.3313044720674,14.868,2.504,3.625,NaN,0.119747368421053,6,0
1011010501,2020-08-28,24.597,259.176,10.5368947432614,9.143,2.996,12.458,NaN,0.07122,6,0
1011010504,2020-08-28,156.11,993.381,6.36333995259753,48.861,30.718,76.531,NaN,0.0851533333333334,6,0
1011010801,2020-08-28,55.659,652.1884,11.717573078927,21.039,6.307,28.313,NaN,0.0813097222222222,6,0
1011010101,2020-08-29,267.031,2101.76,7.87084645602945,130.063,46.285,90.683,NaN,0.102803,7,1
1011010201,2020-08-29,56.803,583.74,10.2765698994771,15.578,8.302,32.923,NaN,0.14142,7,1
1011010402,2020-08-29,65.814,544.4688,8.27284164463488,47.341,8.736,9.737,NaN,0.119747368421053,7,1
1011010501,2020-08-29,30.675,324.78,10.5877750611247,18.069,5.583,7.023,NaN,0.07122,7,1
1011010504,2020-08-29,145.627,945.657,6.49369279048528,61.42,28.757,55.45,NaN,0.0851533333333334,7,1
1011010801,2020-08-29,62.431,728.2266,11.6645032115455,25.266,10.263,26.902,NaN,0.0813097222222222,7,1
1011010101,2020-08-30,266.387,2080.0218,7.80827067386922,130.679,76.981,58.727,8,0.102803,1,1
1011010201,2020-08-30,80.779,815.7,10.097921489496,28.196,12.728,39.855,NaN,0.14142,1,1
1011010402,2020-08-30,30.005,286.332,9.54280953174471,21.573,3.84,4.592,NaN,0.119747368421053,1,1
1011010501,2020-08-30,21.641,219.287,10.1329421006423,10.227,5.334,6.08,NaN,0.07122,1,1
1011010504,2020-08-30,155.811,1023.816,6.57088395556155,66.171,33.983,55.657,NaN,0.0851533333333334,1,1
1011010801,2020-08-30,73.195,761.0296,10.3972894323383,32.819,14.274,26.102,NaN,0.0813097222222222,1,1
1011010101,2020-08-31,224.882,1721.1058,7.65337287999929,96.77,39.022,89.09,NaN,0.102803,2,0
1011010201,2020-08-31,54.722,546.932,9.99473703446512,16.63,13.559,24.533,NaN,0.14142,2,0
1011010402,2020-08-31,52.949,449.968,8.49813971935258,33.619,10.595,8.735,NaN,0.119747368421053,2,0
1011010501,2020-08-31,15.943,157.332,9.86840619707709,4.957,2.397,8.589,NaN,0.07122,2,0
1011010504,2020-08-31,117.965,790.7804,6.70351714491587,40.914,24.334,52.717,NaN,0.0851533333333334,2,0
1011010801,2020-08-31,44.776,605.2586,13.517478113275,18.261,9.459,17.056,NaN,0.0813097222222222,2,0
1011010101,2020-09-01,191.655,1444.873,7.53892671727844,81.564,34.349,75.742,4,0.102803,3,0
1011010201,2020-09-01,55.858,566.672,10.1448673421891,21.782,9.964,24.112,NaN,0.14142,3,0
1011010402,2020-09-01,47.658,411.3492,8.63127281883419,29.022,7.131,11.505,NaN,0.119747368421053,3,0
1011010501,2020-09-01,26.329,263.517,10.0086216719207,6.369,8.386,11.574,NaN,0.07122,3,0
1011010504,2020-09-01,102.504,684.0116,6.67302349176618,41.847,20.994,39.663,NaN,0.0851533333333334,3,0
1011010801,2020-09-01,47.282,585.404,12.381117550019,16.69,9.501,21.091,NaN,0.0813097222222222,3,0
1011010101,2020-09-02,179.819,1354.1118,7.53041558456003,67.852,37.247,74.72,NaN,0.102803,4,0
1011010201,2020-09-02,38.716,393.956,10.1755346626718,17.937,5.263,15.516,NaN,0.14142,4,0
1011010402,2020-09-02,17.941,154.654,8.62014380469316,8.845,2.616,6.48,NaN,0.119747368421053,4,0
1011010501,2020-09-02,13.873,138.294,9.9685720464211,5.41,2.979,5.484,NaN,0.07122,4,0
1011010504,2020-09-02,83.969,559.7978,6.66671986090105,19.923,14.217,49.829,NaN,0.0851533333333334,4,0
1011010801,2020-09-02,51.011,550.8762,10.799164886005,15.848,9.164,25.999,NaN,0.0813097222222222,4,0
1011010101,2020-09-03,193.463,1344.2868,6.94854726743615,78.928,33.583,80.952,6.08204829114662,0.102803,5,0
1011010201,2020-09-03,38.893,386.36,9.9339212711799,18.208,4.193,16.492,NaN,0.14142,5,0
1011010402,2020-09-03,15.996,133.144,8.32358089522381,8.878,5.753,1.365,NaN,0.119747368421053,5,0
1011010501,2020-09-03,14.172,141.414,9.97840812870449,3.049,3.645,7.478,NaN,0.07122,5,0
1011010504,2020-09-03,87.119,591.0916,6.7848758594566,37.458,16.363,33.298,NaN,0.0851533333333334,5,0
1011010801,2020-09-03,48.163,514.7058,10.6867470880136,17.862,6.904,23.397,NaN,0.0813097222222222,5,0
1011010101,2020-09-04,176.316,1276.8378,7.24175797999047,69.149,27.556,79.611,NaN,0.102803,6,0
1011010201,2020-09-04,46.612,460.088,9.87059126405217,16.012,10.155,20.445,NaN,0.14142,6,0
1011010402,2020-09-04,16.635,146.936,8.83294259092275,10.591,2.252,3.792,NaN,0.119747368421053,6,0
1011010501,2020-09-04,20.233,186.4,9.21267236692532,7.923,2.835,9.475,NaN,0.07122,6,0
1011010504,2020-09-04,91.579,616.0522,6.72700291551557,23.953,23.95,43.676,NaN,0.0851533333333334,6,0
1011010801,2020-09-04,54.43,638.4452,11.7296564394635,19.479,8.916,26.035,NaN,0.0813097222222222,6,0
1011010101,2020-09-05,249.559,1875.2994,7.51445309526004,101.473,42.998,105.088,7.33550113192015,0.102803,7,1
1011010201,2020-09-05,57.828,582.46,10.0722833229577,21.104,14.917,21.807,NaN,0.14142,7,1
1011010402,2020-09-05,42.554,331.0884,7.78042957183814,29.45,7.009,6.095,NaN,0.119747368421053,7,1
1011010501,2020-09-05,33.731,325.696,9.6556876463787,14.162,2.104,17.465,NaN,0.07122,7,1
1011010504,2020-09-05,110.439,789.6522,7.15012088121044,44.458,22.793,43.188,NaN,0.0851533333333334,7,1
1011010801,2020-09-05,62.594,733.1446,11.7126977026552,27.943,7.22,27.431,NaN,0.0813097222222222,7,1
1011010101,2020-09-06,276.111,2156.9974,7.81206616179725,122.167,62.965,90.979,8,0.102803,1,1
1011010201,2020-09-06,53.202,592.318,11.1333784444194,29.119,10.086,13.997,NaN,0.14142,1,1
1011010402,2020-09-06,46.963,357.958,7.62212805825863,35.732,5.778,5.453,7,0.119747368421053,1,1
1011010501,2020-09-06,33.397,331.628,9.92987394077312,16.154,4.226,13.017,NaN,0.07122,1,1
1011010504,2020-09-06,126.5,1095.6204,8.66103083003952,55.012,25.951,45.537,NaN,0.0851533333333334,1,1
1011010801,2020-09-06,78.472,845.633,10.776238658375,35.016,23.747,19.709,NaN,0.0813097222222222,1,1
1011010101,2020-09-07,148.221,1164.2198,7.85462114005438,65.826,29.252,53.143,6.51683098591549,0.102803,2,0
1011010201,2020-09-07,26.257,293.354,11.1724111665461,11.868,4.51,9.879,NaN,0.14142,2,0
1011010402,2020-09-07,38.926,299.6072,7.69684015824899,16.682,11.996,10.248,5.6,0.119747368421053,2,0
1011010501,2020-09-07,17.365,166.346,9.57938381802476,6.906,1.842,8.617,NaN,0.07122,2,0
1011010504,2020-09-07,56.473,496.2668,8.78768260938856,22.283,13.96,20.23,NaN,0.0851533333333334,2,0
1011010801,2020-09-07,41.804,490.5716,11.7350397091187,14.291,10.041,17.472,NaN,0.0813097222222222,2,0
1011010101,2020-09-08,158.329,1168.783,7.38198940181521,62.701,32.805,62.823,6.31356728378005,0.102803,3,0
1011010201,2020-09-08,33.239,371.65,11.1811426336532,13.096,6.413,13.73,NaN,0.14142,3,0
1011010402,2020-09-08,19.127,153.016,8,8.888,3.759,6.48,NaN,0.119747368421053,3,0
1011010501,2020-09-08,20.623,199.116,9.65504533772972,3.972,2.334,14.317,NaN,0.07122,3,0
1011010504,2020-09-08,50.259,444.6856,8.84787998169482,22.797,6.743,20.719,NaN,0.0851533333333334,3,0
1011010801,2020-09-08,32.389,446.3426,13.7806848003952,13.918,8.268,10.203,NaN,0.0813097222222222,3,0
1011010101,2020-09-09,131.492,980.7452,7.45859215769781,43.803,24.955,62.734,6,0.102803,4,0
1011010201,2020-09-09,32.73,363.64,11.1102963641919,15.478,4.629,12.623,NaN,0.14142,4,0
1011010402,2020-09-09,12.161,102.436,8.42332045062084,5.62,4.223,2.318,NaN,0.119747368421053,4,0
1011010501,2020-09-09,12.041,105.454,8.75791047255211,5.861,2.299,3.881,NaN,0.07122,4,0
1011010504,2020-09-09,39.795,359.266,9.02791808016082,12.876,11.216,15.703,NaN,0.0851533333333334,4,0
1011010801,2020-09-09,33.45,416.389,12.4481016442451,10.199,5.799,17.452,NaN,0.0813097222222222,4,0
1011010101,2020-09-10,119.919,852.5874,7.10969404347935,55.451,28.153,36.315,NaN,0.102803,5,0
1011010201,2020-09-10,57.319,660.568,11.5244159877179,23.053,13.473,20.793,10,0.14142,5,0
1011010402,2020-09-10,14.492,120.616,8.32293679271322,10.745,2.417,1.33,NaN,0.119747368421053,5,0
1011010501,2020-09-10,16.916,154.97,9.16114920785055,5.322,2.818,8.776,NaN,0.07122,5,0
1011010504,2020-09-10,49.321,504.621,10.2313618945277,17.814,7.541,23.966,NaN,0.0851533333333334,5,0
1011010801,2020-09-10,35.789,442.8454,12.3737852412753,15.544,6.566,13.679,NaN,0.0813097222222222,5,0
1011010101,2020-09-11,151.957,1064.8528,7.00759293747573,68.16,35.033,48.764,NaN,0.102803,6,0
1011010201,2020-09-11,31.538,290.536,9.21225188661297,13.747,8.524,9.267,7,0.14142,6,0
1011010402,2020-09-11,13.364,110.776,8.2891349895241,9.178,2.068,2.118,NaN,0.119747368421053,6,0
1011010501,2020-09-11,22.019,166.367,7.55561106317271,7.262,3.823,10.934,10,0.07122,6,0
1011010504,2020-09-11,50.22,518.5636,10.3258383114297,19.755,12.414,18.051,NaN,0.0851533333333334,6,0
1011010801,2020-09-11,48.467,584.8806,12.067604762003,16.612,11.668,20.187,NaN,0.0813097222222222,6,0
1011010101,2020-09-12,231.884,1696.1298,7.3145615911404,123.14,38.579,70.165,8,0.102803,7,1
1011010201,2020-09-12,43.337,451.515,10.4186953411634,25.446,6.584,11.307,NaN,0.14142,7,1
1011010402,2020-09-12,16.957,135.656,8,7.708,5.902,3.347,NaN,0.119747368421053,7,1
1011010501,2020-09-12,21.411,191.94,8.96455093176405,9.216,3.698,8.497,NaN,0.07122,7,1
1011010504,2020-09-12,74.51,801.8314,10.7613931015971,33.187,12.232,29.091,NaN,0.0851533333333334,7,1
1011010801,2020-09-12,73.173,794.115,10.8525685703743,30.498,11.3,31.375,NaN,0.0813097222222222,7,1
1011010101,2020-09-13,263.345,1810.301,6.87425620383907,141.946,57.052,64.347,12,0.102803,1,1
1011010201,2020-09-13,41.704,419.798,10.0661327450604,18.7,12.395,10.609,NaN,0.14142,1,1
1011010402,2020-09-13,18.739,159.268,8.49927957735205,17.352,0.761,0.626,NaN,0.119747368421053,1,1
1011010501,2020-09-13,28.737,281.08,9.78111841876327,12.543,7.09,9.104,NaN,0.07122,1,1
1011010504,2020-09-13,83.723,890.1392,10.6319553766587,38.451,20.297,24.975,NaN,0.0851533333333334,1,1
1011010801,2020-09-13,74.834,936.6564,12.5164550872598,40.99,16.042,17.802,NaN,0.0813097222222222,1,1
1011010101,2020-09-14,175.844,1181.2894,6.71782602761539,65.884,43.712,66.248,5,0.102803,2,0
1011010201,2020-09-14,64.257,677.225,10.5393186734519,26.698,15.194,22.365,NaN,0.14142,2,0
1011010402,2020-09-14,17.361,145.752,8.39536893036115,10.456,2.081,4.824,NaN,0.119747368421053,2,0
1011010501,2020-09-14,16.134,135.657,8.4081442915582,6.935,0.952,8.247,NaN,0.07122,2,0
1011010504,2020-09-14,48.55,512.871,10.5637693099897,17.025,15.209,16.316,NaN,0.0851533333333334,2,0
1011010801,2020-09-14,31.147,444.7546,14.2792114810415,11.047,10.609,9.491,NaN,0.0813097222222222,2,0
1011010101,2020-09-15,156.048,1083.0754,6.94065543935199,57.668,25.342,73.038,8,0.102803,3,0
1011010201,2020-09-15,29.878,305.848,10.2365620188768,7.743,7.198,14.937,NaN,0.14142,3,0
1011010402,2020-09-15,19.219,182.978,9.52068265778657,6.859,6.822,5.538,NaN,0.119747368421053,3,0
1011010501,2020-09-15,13.243,102.405,7.73276447934758,4.961,1.412,6.87,NaN,0.07122,3,0
1011010504,2020-09-15,49.991,518.87,10.3792682682883,18.544,8.355,23.092,NaN,0.0851533333333334,3,0
1011010801,2020-09-15,41.578,525.619,12.6417576603011,14.615,7.086,19.877,NaN,0.0813097222222222,3,0
1011010101,2020-09-16,176.949,1141.97,6.45366744090105,64.341,40.889,71.719,NaN,0.102803,4,0
1011010201,2020-09-16,59.448,614.392,10.3349481900148,20.829,10.466,28.153,9,0.14142,4,0
1011010402,2020-09-16,18.818,138.923,7.3824529705601,12.02,3.159,3.639,6,0.119747368421053,4,0
1011010501,2020-09-16,15.194,129.216,8.50440963538239,3.864,0.92,10.41,NaN,0.07122,4,0
1011010504,2020-09-16,46.895,542.3644,11.5655059174752,16.868,9.377,20.65,NaN,0.0851533333333334,4,0
1011010801,2020-09-16,35.413,448.1618,12.6552904300681,11.075,9.854,14.484,NaN,0.0813097222222222,4,0
1011010101,2020-09-17,143.534,1054.4646,7.34644474479914,58.358,32.007,53.169,3,0.102803,5,0
1011010201,2020-09-17,32.648,331.394,10.1505145797599,12.759,5.296,14.593,NaN,0.14142,5,0
1011010402,2020-09-17,17.437,122.059,7,9.342,3.625,4.47,NaN,0.119747368421053,5,0
1011010501,2020-09-17,22.924,176.784,7.7117431512825,8.595,5.908,8.421,NaN,0.07122,5,0
1011010504,2020-09-17,46.145,546.804,11.8496911908116,15.963,9.468,20.714,NaN,0.0851533333333334,5,0
1011010801,2020-09-17,39.259,387.1482,9.86138719783999,12.533,11.359,15.367,NaN,0.0813097222222222,5,0
1011010101,2020-09-18,154.388,1117.1474,7.23597300308314,51.616,30.133,72.639,NaN,0.102803,6,0
1011010201,2020-09-18,27.705,279.765,10.0979967514889,9.21,5.328,13.167,NaN,0.14142,6,0
1011010402,2020-09-18,11.389,88.536,7.77381684081131,4.913,3.167,3.309,NaN,0.119747368421053,6,0
1011010501,2020-09-18,13.805,108.193,7.83723288663528,3.257,2.455,8.093,NaN,0.07122,6,0
1011010504,2020-09-18,48.075,513.4474,10.680133125325,17.049,9.693,21.333,NaN,0.0851533333333334,6,0
1011010801,2020-09-18,38.541,494.7814,12.8377935185906,14.275,5.831,18.435,12,0.0813097222222222,6,0
1011010101,2020-09-19,235.874,1639.4566,6.95056089267999,94.4,57.425,84.049,3,0.102803,7,1
1011010201,2020-09-19,82.76,769.5468,9.29853552440793,27.689,21.856,33.215,7.2,0.14142,7,1
1011010402,2020-09-19,39.431,322.018,8.16662017194593,20.76,9.309,9.362,NaN,0.119747368421053,7,1
1011010501,2020-09-19,30.406,241.87,7.95467999736894,8.89,7.838,13.678,NaN,0.07122,7,1
1011010504,2020-09-19,84.269,863.851,10.2511125087517,31.335,13.002,39.932,7,0.0851533333333334,7,1
1011010801,2020-09-19,60.52,587.0486,9.70007600793126,22.018,11.055,27.447,14,0.0813097222222222,7,1
1011010101,2020-09-20,317.998,2192.5508,6.89485720035975,132.572,88.677,96.749,NaN,0.102803,1,1
1011010201,2020-09-20,53.497,480.424,8.98039142381816,29.707,17.672,6.118,NaN,0.14142,1,1
1011010402,2020-09-20,39.551,323.614,8.18219514045157,25.878,12.106,1.567,NaN,0.119747368421053,1,1
1011010501,2020-09-20,41.474,305.707,7.37105174326084,13.171,12.158,16.145,NaN,0.07122,1,1
1011010504,2020-09-20,99.148,1115.9916,11.255815548473,35.481,33.76,29.907,NaN,0.0851533333333334,1,1
1011010801,2020-09-20,50.42,661.0378,13.1106267354225,29.056,14.564,6.8,NaN,0.0813097222222222,1,1
1011010101,2020-09-21,212.997,1403.691,6.59019141114664,93.294,47.633,72.07,NaN,0.102803,2,0
1011010201,2020-09-21,39.191,366.707,9.35691868030926,18.134,10.889,10.168,NaN,0.14142,2,0
1011010402,2020-09-21,16.289,130.312,8,8.156,3.27,4.863,NaN,0.119747368421053,2,0
1011010501,2020-09-21,20.868,154.166,7.3876749089515,9.902,4.506,6.46,NaN,0.07122,2,0
1011010504,2020-09-21,56.561,640.6618,11.3269178409151,18.849,14.893,22.819,NaN,0.0851533333333334,2,0
1011010801,2020-09-21,63.529,625.1466,9.84033433550032,24.508,13.935,25.086,NaN,0.0813097222222222,2,0
1011010101,2020-09-22,232.243,1687.4828,7.26602222671943,95.723,57.978,78.542,NaN,0.102803,3,0
1011010201,2020-09-22,40.905,433.26,10.5918591859186,12.499,12.494,15.912,NaN,0.14142,3,0
1011010402,2020-09-22,37.808,310.666,8.21693821413457,14.821,9.211,13.776,NaN,0.119747368421053,3,0
1011010501,2020-09-22,25.819,177.746,6.88431000426043,7.801,5.72,12.298,NaN,0.07122,3,0
1011010504,2020-09-22,77.009,866.3646,11.2501733563609,21.931,20.767,34.311,NaN,0.0851533333333334,3,0
1011010801,2020-09-22,49.058,743.7362,15.160344897876,17.371,11.559,20.128,25.845288326301,0.0813097222222222,3,0
1011010101,2020-09-23,179.262,1292.233,7.20862759536321,80.352,32.561,66.349,NaN,0.102803,4,0
1011010201,2020-09-23,31.972,356.026,11.1355561115976,16.961,4.884,10.127,NaN,0.14142,4,0
1011010402,2020-09-23,18.629,157.108,8.43351763379677,13.027,3.121,2.481,NaN,0.119747368421053,4,0
1011010501,2020-09-23,22.515,153.852,6.83331112591605,7.09,3.787,11.638,NaN,0.07122,4,0
1011010504,2020-09-23,54.327,656.8228,12.0901724740921,20.59,10.585,23.152,NaN,0.0851533333333334,4,0
1011010801,2020-09-23,56.265,629.0034,11.1793015195948,25.516,11.726,19.023,16,0.0813097222222222,4,0
1011010101,2020-09-24,162.861,1263.2616,7.75668576270562,61.927,37.459,63.475,NaN,0.102803,5,0
1011010201,2020-09-24,38.952,480.076,12.3248100225919,15.027,11.693,12.232,NaN,0.14142,5,0
1011010402,2020-09-24,51.886,409.3,7.88844775083838,22.629,11.292,17.965,6,0.119747368421053,5,0
1011010501,2020-09-24,18.9,130.59,6.90952380952381,7.348,4.345,7.207,NaN,0.07122,5,0
1011010504,2020-09-24,50.486,608.2412,12.0477201600444,17.24,13.718,19.528,NaN,0.0851533333333334,5,0
1011010801,2020-09-24,61.336,770.85,12.5676601017347,17.035,12.495,31.806,NaN,0.0813097222222222,5,0
1011010101,2020-09-25,173.781,1331.6094,7.66257185768295,66.146,41.946,65.689,NaN,0.102803,6,0
1011010201,2020-09-25,41.561,545.658,13.1290873655591,18.099,8.938,14.524,NaN,0.14142,6,0
1011010402,2020-09-25,22.732,196.19,8.63056484251276,11.802,2.67,8.26,NaN,0.119747368421053,6,0
1011010501,2020-09-25,26.529,168.448,6.34957970522824,8.365,5.728,12.436,NaN,0.07122,6,0
1011010504,2020-09-25,53.938,663.8968,12.3085171863992,16.326,16.829,20.783,NaN,0.0851533333333334,6,0
1011010801,2020-09-25,64.509,768.5568,11.9139468911315,21.148,11.436,31.925,14,0.0813097222222222,6,0
1011010101,2020-09-26,227.771,1782.8668,7.82745301201646,89.874,68.906,68.991,NaN,0.102803,7,1
1011010201,2020-09-26,86.643,1074.982,12.4070265341689,39.173,18.002,29.468,NaN,0.14142,7,1
1011010402,2020-09-26,65.744,543.382,8.26511925042589,36.967,18.613,10.164,NaN,0.119747368421053,7,1
1011010501,2020-09-26,33.517,223.189,6.65897902556911,14.376,9.102,10.039,NaN,0.07122,7,1
1011010504,2020-09-26,68.094,770.6292,11.3171380738391,28.237,23.716,16.141,NaN,0.0851533333333334,7,1
1011010801,2020-09-26,94.495,1114.7232,11.7966368590931,32.681,24.975,36.839,16,0.0813097222222222,7,1
1011010101,2020-09-27,199.813,1507.6782,7.54544599200252,74.322,49.04,76.451,NaN,0.102803,1,1
1011010201,2020-09-27,35.964,420.324,11.6873540206874,12.706,10.865,12.393,NaN,0.14142,1,1
1011010402,2020-09-27,28.289,233.35,8.24878928205309,18.698,6.69,2.901,NaN,0.119747368421053,1,1
1011010501,2020-09-27,20.532,146.238,7.12244301578025,6.763,6.486,7.283,NaN,0.07122,1,1
1011010504,2020-09-27,54.459,626.7256,11.5082098459392,20.41,14.307,19.742,NaN,0.0851533333333334,1,1
1011010801,2020-09-27,72.522,827.3038,11.4076252723312,29.46,17.907,25.155,16,0.0813097222222222,1,1
1011010101,2020-09-28,114.933,942.4538,8.20002784230813,50.33,32.737,31.866,14,0.102803,2,0
1011010201,2020-09-28,24.576,296.928,12.08203125,12.36,6.554,5.662,NaN,0.14142,2,0
1011010402,2020-09-28,11.861,100.258,8.4527442880027,8.003,1.702,2.156,NaN,0.119747368421053,2,0
1011010501,2020-09-28,18.401,112.097,6.09189717950111,10.843,1.477,6.081,NaN,0.07122,2,0
1011010504,2020-09-28,37.41,404.0882,10.8016091954023,15.162,10.574,11.674,NaN,0.0851533333333334,2,0
1011010801,2020-09-28,46.913,559.5806,11.9280497943001,11.361,12.641,22.911,NaN,0.0813097222222222,2,0
1011010101,2020-09-29,157.957,1291.7204,8.17767113834778,54.413,32.99,70.554,9.36229508196721,0.102803,3,0
1011010201,2020-09-29,28.105,341.57,12.1533534958192,11.925,6.651,9.529,NaN,0.14142,3,0
1011010402,2020-09-29,24.135,197.886,8.19912989434431,12.164,6.019,5.952,NaN,0.119747368421053,3,0
1011010501,2020-09-29,24.719,147.128,5.95202071281201,7.098,7.343,10.278,NaN,0.07122,3,0
1011010504,2020-09-29,57.017,570.487,10.0055597453391,21.15,17.081,18.786,NaN,0.0851533333333334,3,0
1011010801,2020-09-29,45.485,561.5908,12.346725294053,13.769,12.878,18.838,NaN,0.0813097222222222,3,0
1011010101,2020-09-30,177.129,1375.818,7.76732212116593,64.562,42.486,70.081,6.43943191311613,0.102803,4,0
1011010201,2020-09-30,60.771,742.159,12.2123874874529,25.004,17.241,18.526,12,0.14142,4,0
1011010402,2020-09-30,36.839,301.972,8.19707375335921,23.964,8.071,4.804,NaN,0.119747368421053,4,0
1011010501,2020-09-30,25.865,154.139,5.95936593852697,5.202,10.444,10.219,NaN,0.07122,4,0
1011010504,2020-09-30,53.628,542.9572,10.1245095845454,18.118,11.877,23.633,NaN,0.0851533333333334,4,0
1011010801,2020-09-30,110.358,1347.0066,12.2057902462894,31.325,36.347,42.686,NaN,0.0813097222222222,4,0
1011010101,2020-10-01,248.415,2004.5306,8.06928164563332,105.104,70.342,72.969,6.06618261826183,0.102803,5,0
1011010201,2020-10-01,93.928,1137.434,12.1096371688953,48.991,21.541,23.396,12,0.14142,5,0
1011010402,2020-10-01,55.356,450.028,8.12970590360575,40.79,9.411,5.155,NaN,0.119747368421053,5,0
1011010501,2020-10-01,32.482,187.865,5.78366479896558,11.154,10.115,11.213,NaN,0.07122,5,0
1011010504,2020-10-01,64.092,678.0898,10.5799444548462,37.283,14.686,12.123,NaN,0.0851533333333334,5,0
1011010801,2020-10-01,103.929,1363.191,13.1165603440811,59.999,24.592,19.338,NaN,0.0813097222222222,5,0
1011010101,2020-10-02,244.124,1975.4444,8.09197129327719,127.933,62.207,53.984,NaN,0.102803,6,0
1011010201,2020-10-02,67.145,807.854,12.0314841015712,32.352,18.137,16.656,12,0.14142,6,0
1011010402,2020-10-02,21.931,189.632,8.64675573389266,17.578,3.811,0.542,NaN,0.119747368421053,6,0
1011010501,2020-10-02,38.762,206.5024,5.3274444043135,15.594,10.164,13.004,NaN,0.07122,6,0
1011010504,2020-10-02,69.054,736.9588,10.6722101543719,28.564,19.666,20.824,NaN,0.0851533333333334,6,0
1011010801,2020-10-02,89.316,957.4802,10.7201419678445,40.946,29.764,18.606,NaN,0.0813097222222222,6,0
1011010101,2020-10-03,298.341,2252.0622,7.54861785674782,198.889,59.071,40.381,NaN,0.102803,7,1
1011010201,2020-10-03,44.493,531.162,11.9381026228845,30.017,9.285,5.191,NaN,0.14142,7,1
1011010402,2020-10-03,18.497,153.088,8.27636914094177,17.838,0.258,0.401,NaN,0.119747368421053,7,1
1011010501,2020-10-03,63.535,340.6044,5.36089399543559,30.177,14.123,19.235,NaN,0.07122,7,1
1011010504,2020-10-03,84.728,895.931,10.5742021527712,49.274,23.946,11.508,NaN,0.0851533333333334,7,1
1011010801,2020-10-03,60.052,777.5976,12.9487377606075,46.524,11.053,2.475,NaN,0.0813097222222222,7,1
1011010101,2020-10-04,232.776,1732.616,7.44327593910025,156.293,54.67,21.813,NaN,0.102803,1,1
1011010201,2020-10-04,34.491,397.086,11.5127424545534,22.846,5.141,6.504,NaN,0.14142,1,1
1011010402,2020-10-04,19.254,157.408,8.17534018905162,16.377,2.476,0.401,NaN,0.119747368421053,1,1
1011010501,2020-10-04,43.849,228.3728,5.20816438231202,12.194,11.849,19.806,NaN,0.07122,1,1
1011010504,2020-10-04,75.21,804.531,10.6971280414838,41.362,22.911,10.937,NaN,0.0851533333333334,1,1
1011010801,2020-10-04,122.501,1049.7052,8.56895209018702,47.761,37.772,36.968,NaN,0.0813097222222222,1,1
1011010101,2020-10-05,294.623,1926.411,6.53856284132603,117.378,86.547,90.698,NaN,0.102803,2,0
1011010201,2020-10-05,92.279,852.924,9.2428829961313,27.637,23.934,40.708,12,0.14142,2,0
1011010402,2020-10-05,79.752,650.336,8.15447888454208,42.621,21.608,15.523,NaN,0.119747368421053,2,0
1011010501,2020-10-05,31.128,184.84,5.93806219480853,16.434,8.47,6.224,NaN,0.07122,2,0
1011010504,2020-10-05,87.933,969.3614,11.0238636234406,31.623,22.975,33.335,NaN,0.0851533333333334,2,0
1011010801,2020-10-05,126.518,1250.1502,9.88120425552096,31.517,38.746,56.255,NaN,0.0813097222222222,2,0
1011010101,2020-10-06,287.297,2227.083,7.75184913173475,128.733,81.679,76.885,NaN,0.102803,3,0
1011010201,2020-10-06,108.157,806.134,7.4533687139991,46.471,29.517,32.169,NaN,0.14142,3,0
1011010402,2020-10-06,25.784,208.444,8.08423828730996,21.858,3.684,0.242,NaN,0.119747368421053,3,0
1011010501,2020-10-06,42.318,262.756,6.20908360508531,16.814,10.502,15.002,NaN,0.07122,3,0
1011010504,2020-10-06,81.727,920.1356,11.2586489165147,36.908,17.855,26.964,NaN,0.0851533333333334,3,0
1011010801,2020-10-06,124.059,1159.6624,9.34766844807713,42.889,35.989,45.181,NaN,0.0813097222222222,3,0
1011010101,2020-10-07,255.378,1871.256,7.32739703498344,94.584,80.806,79.988,4,0.102803,4,0
1011010201,2020-10-07,56.266,555.216,9.86769985426367,17.362,17.389,21.515,12,0.14142,4,0
1011010402,2020-10-07,52.907,424.588,8.02517625266978,23.563,20.65,8.694,6,0.119747368421053,4,0
1011010501,2020-10-07,29.085,192.1696,6.60717208182912,6.862,10.216,12.007,NaN,0.07122,4,0
1011010504,2020-10-07,63.151,757.9944,12.0028883153078,23.475,14.316,25.36,NaN,0.0851533333333334,4,0
1011010801,2020-10-07,80.421,1044.4744,12.9875828452767,24.223,27.488,28.71,NaN,0.0813097222222222,4,0
1011010101,2020-10-08,252.73,1907.876,7.54906817552329,106.366,74.584,71.78,NaN,0.102803,5,0
1011010201,2020-10-08,49.58,455.944,9.19612747075433,18.954,12.157,18.469,NaN,0.14142,5,0
1011010402,2020-10-08,31.952,261.16,8.1735102653981,18.323,6.621,7.008,NaN,0.119747368421053,5,0
1011010501,2020-10-08,33.49,208.265,6.21872200656912,10.834,8.459,14.197,NaN,0.07122,5,0
1011010504,2020-10-08,72.023,851.7548,11.8261499798675,20.693,19.99,31.34,NaN,0.0851533333333334,5,0
1011010801,2020-10-08,328.488,1355.1604,4.12544872263218,93.825,66.807,167.856,NaN,0.0813097222222222,5,0
1011010101,2020-10-09,162.518,1305.61,8.0336331975535,46.588,56.107,59.823,NaN,0.102803,6,0
1011010201,2020-10-09,55.845,650.552,11.6492434416689,11.695,15.012,29.138,NaN,0.14142,6,0
1011010402,2020-10-09,51.476,395.632,7.68575646903411,21.101,15.063,15.312,5,0.119747368421053,6,0
1011010501,2020-10-09,24.289,171.199,7.04841697887933,9.381,4.462,10.446,NaN,0.07122,6,0
1011010504,2020-10-09,51.243,570.2036,11.1274437484144,15.753,18.207,17.283,NaN,0.0851533333333334,6,0
1011010801,2020-10-09,57.258,567.0858,9.904044849628,18.62,12.5,26.138,NaN,0.0813097222222222,6,0
1011010101,2020-10-10,175.163,1443.301,8.23975953825865,51.129,41.674,82.36,NaN,0.102803,7,1
1011010201,2020-10-10,37.393,380.184,10.1672505549167,11.792,7.809,17.792,NaN,0.14142,7,1
1011010402,2020-10-10,22.07,177.628,8.0483914816493,13.713,3.496,4.861,NaN,0.119747368421053,7,1
1011010501,2020-10-10,26.814,178.062,6.6406354889237,6.948,5.692,14.174,NaN,0.07122,7,1
1011010504,2020-10-10,52.511,557.3166,10.6133305402678,14.999,9.158,28.354,NaN,0.0851533333333334,7,1
1011010801,2020-10-10,75.63,805.1394,10.6457675525585,23.998,18.768,32.864,NaN,0.0813097222222222,7,1
1011010101,2020-10-11,238.081,1864.726,7.83231757259084,95.156,72.956,69.969,5,0.102803,1,1
1011010201,2020-10-11,60.47,676.9,11.1939804861915,23.508,15.529,21.433,NaN,0.14142,1,1
1011010402,2020-10-11,57.223,460.388,8.04550617758593,43.601,11.455,2.167,NaN,0.119747368421053,1,1
1011010501,2020-10-11,34.726,246.407,7.09574958244543,11.194,10.876,12.656,NaN,0.07122,1,1
1011010504,2020-10-11,70.214,790.5902,11.2597231321389,28.155,19.831,22.228,NaN,0.0851533333333334,1,1
1011010801,2020-10-11,163.664,1149.3134,7.02239588425066,60.014,40.725,62.925,NaN,0.0813097222222222,1,1
1011010101,2020-10-12,170.212,1234.194,7.25092237915071,55.379,56.583,58.25,NaN,0.102803,2,0
1011010201,2020-10-12,34.815,336.77,9.67312939824788,8.526,11.306,14.983,NaN,0.14142,2,0
1011010402,2020-10-12,38.333,297.284,7.7553022200193,17.176,8.588,12.569,6,0.119747368421053,2,0
1011010501,2020-10-12,17.876,132.674,7.42190646677109,6.267,3.381,8.228,NaN,0.07122,2,0
1011010504,2020-10-12,48.979,535.7464,10.9382878376447,16.117,15.856,17.006,NaN,0.0851533333333334,2,0
1011010801,2020-10-12,102.385,712.306,6.9571323924403,30.684,28.943,42.758,NaN,0.0813097222222222,2,0
1011010101,2020-10-13,178.246,1191.9366,6.68703140603436,54.633,42.153,81.46,8,0.102803,3,0
1011010201,2020-10-13,47.321,423.006,8.93907567464762,12.131,11.67,23.52,NaN,0.14142,3,0
1011010402,2020-10-13,50.519,400.032,7.91844652506978,22.845,12.57,15.104,6,0.119747368421053,3,0
1011010501,2020-10-13,23.119,169.698,7.34019637527575,7.465,7.332,8.322,NaN,0.07122,3,0
1011010504,2020-10-13,49.116,546.9048,11.1349621304667,19.56,12.062,17.494,NaN,0.0851533333333334,3,0
1011010801,2020-10-13,48.021,532.1818,11.0822723391849,15.917,10.818,21.286,NaN,0.0813097222222222,3,0
1011010101,2020-10-14,182.96,1332.636,7.28375601224311,67.241,45.911,69.808,NaN,0.102803,4,0
1011010201,2020-10-14,48.259,434.52,9.00391636793137,13.82,11.241,23.198,NaN,0.14142,4,0
1011010402,2020-10-14,46.207,369.656,8,22.822,7.532,15.853,NaN,0.119747368421053,4,0
1011010501,2020-10-14,13.742,100.995,7.34936690438073,4.339,2.918,6.485,NaN,0.07122,4,0
1011010504,2020-10-14,46.36,524.5342,11.3143701466782,17.572,10.457,18.331,NaN,0.0851533333333334,4,0
1011010801,2020-10-14,73.831,723.5074,9.79950698216196,22.578,21.932,29.321,4.9,0.0813097222222222,4,0
1011010101,2020-10-15,190.238,1356.509,7.13058905160903,68.81,51.277,70.151,NaN,0.102803,5,0
1011010201,2020-10-15,59.624,473.1296,7.93522071649,24.644,17.558,17.422,NaN,0.14142,5,0
1011010402,2020-10-15,42.162,323.682,7.67710260424079,12.37,11.617,18.175,6,0.119747368421053,5,0
1011010501,2020-10-15,19.447,133.0996,6.84422275929449,4.673,4.647,10.127,NaN,0.07122,5,0
1011010504,2020-10-15,45.236,501.1804,11.0792377752233,14.947,12.147,18.142,NaN,0.0851533333333334,5,0
1011010801,2020-10-15,72.91,692.3814,9.49638458373337,34.509,17.566,20.835,NaN,0.0813097222222222,5,0
1011010101,2020-10-16,170.77,1224.072,7.16795690109504,62.348,48.468,59.954,NaN,0.102803,6,0
1011010201,2020-10-16,88.361,701.106,7.93456389130951,30.475,23.33,34.556,9,0.14142,6,0
1011010402,2020-10-16,58.973,459.408,7.790141251081,26.217,11.982,20.774,6,0.119747368421053,6,0
1011010501,2020-10-16,20.139,132.2908,6.56888624062764,6.135,3.909,10.095,NaN,0.07122,6,0
1011010504,2020-10-16,44.67,467.9844,10.4764808596373,14.688,10.365,19.617,NaN,0.0851533333333334,6,0
1011010801,2020-10-16,69.805,804.4312,11.5239767924934,21.278,14.855,33.672,NaN,0.0813097222222222,6,0
1011010101,2020-10-17,249.493,1758.571,7.04857851723295,109.815,52.328,87.35,NaN,0.102803,7,1
1011010201,2020-10-17,109.311,988.018,9.03859629863417,36.548,29.47,43.293,NaN,0.14142,7,1
1011010402,2020-10-17,87.12,692.176,7.94508723599633,49.878,21.981,15.261,6,0.119747368421053,7,1
1011010501,2020-10-17,30.556,198.0428,6.48130645372431,11.336,5.749,13.471,NaN,0.07122,7,1
1011010504,2020-10-17,97.155,899.0152,9.25341155884926,35.369,18.321,43.465,NaN,0.0851533333333334,7,1
1011010801,2020-10-17,115.896,1257.7274,10.852207151239,57.983,28.363,29.55,NaN,0.0813097222222222,7,1
1011010101,2020-10-18,226.735,1616.49,7.12942421769908,87.6,65.27,73.865,NaN,0.102803,1,1
1011010201,2020-10-18,91.597,818.306,8.9337642062513,39.337,23.851,28.409,NaN,0.14142,1,1
1011010402,2020-10-18,79.338,626.04,7.89079633971111,46.255,16.883,16.2,6,0.119747368421053,1,1
1011010501,2020-10-18,36.361,233.739,6.42828855091994,13.836,10.185,12.34,NaN,0.07122,1,1
1011010504,2020-10-18,88.247,829.5528,9.40035128672929,34.376,20.25,33.621,NaN,0.0851533333333334,1,1
1011010801,2020-10-18,113.125,1339.16,11.8378784530387,49.057,40.581,23.487,NaN,0.0813097222222222,1,1
1011010101,2020-10-19,152.709,980.456,6.42042053840966,53.472,39.529,59.708,NaN,0.102803,2,0
1011010201,2020-10-19,57.412,490.304,8.54009614714694,20.822,18.219,18.371,NaN,0.14142,2,0
1011010402,2020-10-19,40.6,322.36,7.93990147783251,21.081,12.12,7.399,6,0.119747368421053,2,0
1011010501,2020-10-19,20.03,128.309,6.40584123814279,8.644,3.864,7.522,NaN,0.07122,2,0
1011010504,2020-10-19,56.69,546.0218,9.63171282413124,23.655,13.343,19.692,NaN,0.0851533333333334,2,0
1011010801,2020-10-19,58.338,562.8824,9.64864068017416,19.245,17.479,21.614,NaN,0.0813097222222222,2,0
1011010101,2020-10-20,186.078,1231.602,6.61874052816561,61.059,49.564,75.455,NaN,0.102803,3,0
1011010201,2020-10-20,30.899,259.082,8.38480209715525,5.695,8.896,16.308,NaN,0.14142,3,0
1011010402,2020-10-20,49.434,389.45,7.87818100902213,16.844,15.867,16.723,6,0.119747368421053,3,0
1011010501,2020-10-20,13.777,87.9908,6.38678957683095,3.402,4.115,6.26,NaN,0.07122,3,0
1011010504,2020-10-20,49.296,484.3752,9.82585199610516,15.871,12.652,20.773,NaN,0.0851533333333334,3,0
1011010801,2020-10-20,45.419,508.957,11.205816948854,13.964,11.511,19.944,16,0.0813097222222222,3,0
1011010101,2020-10-21,168.765,1078.5602,6.39089977187213,56.446,43.56,68.759,NaN,0.102803,4,0
1011010201,2020-10-21,40.555,356.971,8.80214523486623,12.969,9.714,17.872,NaN,0.14142,4,0
1011010402,2020-10-21,21.201,162.752,7.67661902740437,5.064,4.362,11.775,6,0.119747368421053,4,0
1011010501,2020-10-21,15.327,104.6112,6.82528870620474,5.543,3.396,6.388,NaN,0.07122,4,0
1011010504,2020-10-21,48.047,489.3048,10.1838782858451,17.294,9.897,20.856,NaN,0.0851533333333334,4,0
1011010801,2020-10-21,56.114,545.6308,9.72361264568557,19.6,11.623,24.891,NaN,0.0813097222222222,4,0
1011010101,2020-10-22,117.235,794.8454,6.77993261398047,41.175,39.865,36.195,NaN,0.102803,5,0
1011010201,2020-10-22,26.166,223.062,8.52487961476725,7.635,9.082,9.449,NaN,0.14142,5,0
1011010402,2020-10-22,35.917,272.92,7.59863017512598,17.157,8.745,10.015,6,0.119747368421053,5,0
1011010501,2020-10-22,14.725,104.8152,7.11817996604414,3.664,4.503,6.558,NaN,0.07122,5,0
1011010504,2020-10-22,50.037,491.2958,9.81865019885285,14.676,15.076,20.285,NaN,0.0851533333333334,5,0
1011010801,2020-10-22,94.688,906.6724,9.57536752281176,29.793,26.069,38.826,NaN,0.0813097222222222,5,0
1011010101,2020-10-23,211.914,1155.419,5.45230140528705,74.298,60.051,77.565,4,0.102803,6,0
1011010201,2020-10-23,23.854,221.518,9.2864089880104,6.384,9.125,8.345,NaN,0.14142,6,0
1011010402,2020-10-23,30.801,245.638,7.97500081166196,12.131,9.185,9.485,6,0.119747368421053,6,0
1011010501,2020-10-23,14.427,96.299,6.67491508976225,3.412,5.028,5.987,NaN,0.07122,6,0
1011010504,2020-10-23,43.758,464.33,10.6113167877874,10.409,14.499,18.85,NaN,0.0851533333333334,6,0
1011010801,2020-10-23,115.306,1058.9732,9.18402511577889,28.601,31.263,55.442,NaN,0.0813097222222222,6,0
1011010101,2020-10-24,282.107,1656.383,5.87147075400468,90.702,73.156,118.249,NaN,0.102803,7,1
1011010201,2020-10-24,31.113,278.339,8.94606756018385,9.481,5.27,16.362,NaN,0.14142,7,1
1011010402,2020-10-24,67.932,529.104,7.78872990637696,28.623,14.975,24.334,6,0.119747368421053,7,1
1011010501,2020-10-24,22.221,146.6556,6.59986499257459,5.748,6.395,10.078,NaN,0.07122,7,1
1011010504,2020-10-24,77.097,755.7422,9.80248518100575,29.814,20.352,26.931,NaN,0.0851533333333334,7,1
1011010801,2020-10-24,115.39,963.07,8.34621717653176,39.395,31.203,44.792,NaN,0.0813097222222222,7,1
1011010101,2020-10-25,223.397,1410.5256,6.31398631136497,98.189,65.827,59.381,NaN,0.102803,1,1
1011010201,2020-10-25,43.114,383.49,8.89479055527207,17.309,8.376,17.429,NaN,0.14142,1,1
1011010402,2020-10-25,71.16,553.124,7.77296233839236,33.459,18.996,18.705,6,0.119747368421053,1,1
1011010501,2020-10-25,30.136,200.056,6.63843907618795,9.804,12.604,7.728,NaN,0.07122,1,1
1011010504,2020-10-25,72.537,756.301,10.4264168631181,29.772,16.654,26.111,NaN,0.0851533333333334,1,1
1011010801,2020-10-25,104.16,914.669,8.78138440860215,38.089,27.887,38.184,NaN,0.0813097222222222,1,1
1011010101,2020-10-26,157.832,940.033,5.9559088144356,59.711,26,72.121,NaN,0.102803,2,0
1011010201,2020-10-26,22.371,213.357,9.53721335657771,6.77,6.584,9.017,NaN,0.14142,2,0
1011010402,2020-10-26,20.666,165.328,8,8.147,8.76,3.759,NaN,0.119747368421053,2,0
1011010501,2020-10-26,10.797,70.918,6.56830601092896,4.779,2.542,3.476,NaN,0.07122,2,0
1011010504,2020-10-26,45.439,461.7382,10.1617157067717,14.509,10.44,20.49,NaN,0.0851533333333334,2,0
1011010801,2020-10-26,62.363,545.738,8.75099017045364,18.373,14.653,29.337,NaN,0.0813097222222222,2,0
1011010101,2020-10-27,154.566,842.1276,5.44833663289469,62.445,40.539,51.582,NaN,0.102803,3,0
1011010201,2020-10-27,23.305,228.922,9.82287062862047,9.396,5.753,8.156,NaN,0.14142,3,0
1011010402,2020-10-27,21.273,169.148,7.95129976966107,6.041,5.364,9.868,6,0.119747368421053,3,0
1011010501,2020-10-27,13.444,85.262,6.34201130615888,0.659,3.342,9.443,NaN,0.07122,3,0
1011010504,2020-10-27,45.479,462.3914,10.1671408782075,16.049,14.038,15.392,NaN,0.0851533333333334,3,0
1011010801,2020-10-27,56.508,501.14,8.86847879946202,20.898,10.225,25.385,NaN,0.0813097222222222,3,0
1011010101,2020-10-28,167.542,954.701,5.69827864057967,63.997,41.409,62.136,NaN,0.102803,4,0
1011010201,2020-10-28,30.297,274.372,9.05607815955375,12.062,8.045,10.19,NaN,0.14142,4,0
1011010402,2020-10-28,32.418,223.758,6.90227651304831,7.807,8.925,15.686,6,0.119747368421053,4,0
1011010501,2020-10-28,12.238,75.568,6.17486517404805,3.102,1.699,7.437,NaN,0.07122,4,0
1011010504,2020-10-28,49.395,502.5848,10.1748112157101,18.007,10.612,20.776,NaN,0.0851533333333334,4,0
1011010801,2020-10-28,75.211,607.948,8.08323250588345,31.885,19.788,23.538,NaN,0.0813097222222222,4,0
1011010101,2020-10-29,120.551,702.4834,5.82727144528042,43.647,27.643,49.261,NaN,0.102803,5,0
1011010201,2020-10-29,24.902,215.896,8.66982571680989,11.041,5.522,8.339,NaN,0.14142,5,0
1011010402,2020-10-29,15.828,126.624,8,9.612,3.621,2.595,NaN,0.119747368421053,5,0
1011010501,2020-10-29,14.436,93.9092,6.50520919922416,3.612,3.654,7.17,NaN,0.07122,5,0
1011010504,2020-10-29,52.654,532.7496,10.1179321608995,17.049,9.612,25.993,NaN,0.0851533333333334,5,0
1011010801,2020-10-29,81.051,661.98,8.167450123996,29.071,15.113,36.867,NaN,0.0813097222222222,5,0
1011010101,2020-10-30,148.243,823.897,5.55774640286556,52.843,31.812,63.588,NaN,0.102803,6,0
1011010201,2020-10-30,28.939,243.1674,8.40275752444798,9.109,4.806,15.024,NaN,0.14142,6,0
1011010402,2020-10-30,18.769,146.672,7.81458788427727,7.995,3.596,7.178,6,0.119747368421053,6,0
1011010501,2020-10-30,12.192,83.9566,6.88620406824147,3.625,3.777,4.79,NaN,0.07122,6,0
1011010504,2020-10-30,46.452,504.0126,10.8501808318264,16.34,9.237,20.875,NaN,0.0851533333333334,6,0
1011010801,2020-10-30,74.23,657.792,8.86153846153846,28.67,17.324,28.236,NaN,0.0813097222222222,6,0
1011010101,2020-10-31,248.102,1393.8188,5.61792649797261,109.176,63.889,75.037,NaN,0.102803,7,1
1011010201,2020-10-31,82.701,712.524,8.61566365582037,42.845,19.196,20.66,NaN,0.14142,7,1
1011010402,2020-10-31,79.265,622.716,7.85612817763199,55.253,9.551,14.461,6,0.119747368421053,7,1
1011010501,2020-10-31,16.499,102.1192,6.189417540457,6.977,3.557,5.965,NaN,0.07122,7,1
1011010504,2020-10-31,81.292,885.327,10.8907026521675,37.07,17.885,26.337,NaN,0.0851533333333334,7,1
1011010801,2020-10-31,135.284,1339.896,9.90431980130688,60.135,42.702,32.447,NaN,0.0813097222222222,7,1
1011010101,2020-11-01,206.956,1063.2486,5.1375587081312,81.823,55.239,69.894,NaN,0.102803,1,1
1011010201,2020-11-01,69.062,608.448,8.81017057137065,27.704,18.528,22.83,NaN,0.14142,1,1
1011010402,2020-11-01,71.332,537.742,7.53858016037683,33.159,16.979,21.194,6,0.119747368421053,1,1
1011010501,2020-11-01,15.407,100.832,6.5445576685922,5.999,2.476,6.932,NaN,0.07122,1,1
1011010504,2020-11-01,73.722,731.8592,9.92728357885028,30.841,18.198,24.683,NaN,0.0851533333333334,1,1
1011010801,2020-11-01,127.967,1165.722,9.10955168129283,51.064,41.869,35.034,NaN,0.0813097222222222,1,1
1011010101,2020-11-02,144.442,674.3918,4.66894532061312,45.624,40.003,58.815,6,0.102803,2,0
1011010201,2020-11-02,32.726,271.2468,8.28841899407199,12.592,8.188,11.946,NaN,0.14142,2,0
1011010402,2020-11-02,15.053,120.424,8,7.458,3.46,4.135,NaN,0.119747368421053,2,0
1011010501,2020-11-02,11.378,72.4372,6.36642643698365,2.996,4.205,4.177,NaN,0.07122,2,0
1011010504,2020-11-02,54.351,590.4854,10.8642968850619,17.262,16.03,21.059,NaN,0.0851533333333334,2,0
1011010801,2020-11-02,78.321,676.3304,8.63536471699799,28.417,23.522,26.382,NaN,0.0813097222222222,2,0
1011010101,2020-11-03,135.067,642.322,4.75558056372023,53.416,38.336,43.315,3.46871310507674,0.102803,3,0
1011010201,2020-11-03,52.37,444.1784,8.48154286805423,15.852,11.552,24.966,NaN,0.14142,3,0
1011010402,2020-11-03,15.727,122.838,7.81064411521587,3.548,6.566,5.613,6,0.119747368421053,3,0
1011010501,2020-11-03,10.846,70.6196,6.51111930665683,3.339,3.06,4.447,NaN,0.07122,3,0
1011010504,2020-11-03,66.834,551.5728,8.25287727803214,23.287,19.628,23.919,NaN,0.0851533333333334,3,0
1011010801,2020-11-03,65.341,539.933,8.26331093800217,17.317,19.241,28.783,NaN,0.0813097222222222,3,0
1011010101,2020-11-04,122.114,571.8402,4.68283898652079,46.421,24.247,51.446,NaN,0.102803,4,0
1011010201,2020-11-04,67.527,474.668,7.0293067958002,24.91,15.713,26.904,NaN,0.14142,4,0
1011010402,2020-11-04,18.183,145.464,8,6.166,5.914,6.103,NaN,0.119747368421053,4,0
1011010501,2020-11-04,10.702,70.6324,6.59992524761727,2.504,1.562,6.636,NaN,0.07122,4,0
1011010504,2020-11-04,59.731,500.4148,8.37780716880682,17.049,13.594,29.088,NaN,0.0851533333333334,4,0
1011010801,2020-11-04,195.34,789.968,4.04406675540084,54.558,53.962,86.82,NaN,0.0813097222222222,4,0
1011010101,2020-11-05,146.327,698.3254,4.77236190176796,67.036,32.699,46.592,NaN,0.102803,5,0
1011010201,2020-11-05,57.354,400.5954,6.98461136102103,22.304,20.319,14.731,NaN,0.14142,5,0
1011010402,2020-11-05,8.347,66.776,8,6.104,0.451,1.792,NaN,0.119747368421053,5,0
1011010501,2020-11-05,9.067,59.2802,6.53801698466968,1.682,1.16,6.225,NaN,0.07122,5,0
1011010504,2020-11-05,45.282,482.5766,10.65713970231,11.065,10.033,24.184,NaN,0.0851533333333334,5,0
1011010801,2020-11-05,129.089,664.178,5.14511693482791,33.796,39.537,55.756,NaN,0.0813097222222222,5,0
1011010101,2020-11-06,142.586,689.5884,4.836298093782,54.631,31.496,56.459,NaN,0.102803,6,0
1011010201,2020-11-06,95.136,458.1672,4.81591826437942,30.83,20.71,43.596,NaN,0.14142,6,0
1011010402,2020-11-06,13.443,103.798,7.72134196235959,7.446,1.755,4.242,6,0.119747368421053,6,0
1011010501,2020-11-06,7.22,45.1492,6.25335180055402,2.301,0.92,3.999,NaN,0.07122,6,0
1011010504,2020-11-06,49.287,485.6466,9.85344208411955,17.28,12.951,19.056,NaN,0.0851533333333334,6,0
1011010801,2020-11-06,80.588,554.748,6.88375440512235,30.497,18.603,31.488,NaN,0.0813097222222222,6,0
1011010101,2020-11-07,224.3,1053.7168,4.69780115916184,94.458,40.258,89.584,NaN,0.102803,7,1
1011010201,2020-11-07,121.453,703.7704,5.79459050002882,32.788,34.059,54.606,NaN,0.14142,7,1
1011010402,2020-11-07,71.413,549.494,7.69459342136586,38.338,14.436,18.639,6,0.119747368421053,7,1
1011010501,2020-11-07,10.878,68.2188,6.27126309983453,2.84,2.63,5.408,NaN,0.07122,7,1
1011010504,2020-11-07,69.738,743.7168,10.6644411941839,28.789,15.851,25.098,NaN,0.0851533333333334,7,1
1011010801,2020-11-07,122.896,1174.584,9.55754459054811,39.154,36.643,47.099,NaN,0.0813097222222222,7,1
1011010101,2020-11-08,209.808,1000.6624,4.76941965987951,94.2,55.185,60.423,NaN,0.102803,1,1
1011010201,2020-11-08,125.591,705.308,5.61591196821428,39.596,41.438,44.557,NaN,0.14142,1,1
1011010402,2020-11-08,58.207,460.406,7.90980466266944,29.651,21.105,7.451,6,0.119747368421053,1,1
1011010501,2020-11-08,16.906,104.15,6.16053472140069,4.598,6.007,6.301,NaN,0.07122,1,1
1011010504,2020-11-08,78.907,720.006,9.12474178463254,29.24,21.505,28.162,NaN,0.0851533333333334,1,1
1011010801,2020-11-08,124.492,1146.977,9.21325868328889,47.14,39.632,37.72,NaN,0.0813097222222222,1,1
1011010101,2020-11-09,144.911,691.2118,4.76990566623652,57.95,29.549,57.412,NaN,0.102803,2,0
1011010201,2020-11-09,57.592,349.243,6.0640887623281,21.071,11.006,25.515,NaN,0.14142,2,0
1011010402,2020-11-09,14.579,114.29,7.83935798065711,7.044,3.132,4.403,6,0.119747368421053,2,0
1011010501,2020-11-09,10.063,61.8228,6.14357547451058,2.813,1.386,5.864,NaN,0.07122,2,0
1011010504,2020-11-09,64.616,538.0968,8.32760926086418,22.668,16.463,25.485,NaN,0.0851533333333334,2,0
1011010801,2020-11-09,63.22,469.443,7.42554571338184,27.707,9.978,25.535,NaN,0.0813097222222222,2,0
1011010101,2020-11-10,157.962,656.1002,4.15353186209341,56.225,33.222,68.515,NaN,0.102803,3,0
1011010201,2020-11-10,25.698,160.224,6.23488209199159,8.943,6.897,9.858,NaN,0.14142,3,0
1011010402,2020-11-10,12.103,92.444,7.63810625464761,7.569,0.414,4.12,6,0.119747368421053,3,0
1011010501,2020-11-10,9.574,60.8912,6.36005849174849,3.227,0.552,5.795,NaN,0.07122,3,0
1011010504,2020-11-10,54.663,456.89,8.35830452042515,23.343,12.165,19.155,NaN,0.0851533333333334,3,0
1011010801,2020-11-10,64.18,450.616,7.02112807728264,23.029,12.397,28.754,NaN,0.0813097222222222,3,0
1011010101,2020-11-11,150.867,587.6944,3.89544698310432,55.893,28.102,66.872,8.87672327672328,0.102803,4,0
1011010201,2020-11-11,63.25,364.272,5.75924110671937,20.509,17.435,25.306,NaN,0.14142,4,0
1011010402,2020-11-11,17.155,153.452,8.94503060332265,10.73,2.181,4.244,6,0.119747368421053,4,0
1011010501,2020-11-11,15.585,94.9084,6.08972730189285,5.787,4.436,5.362,NaN,0.07122,4,0
1011010504,2020-11-11,65.834,590.5646,8.97051067837288,23.448,15.14,27.246,NaN,0.0851533333333334,4,0
1011010801,2020-11-11,64.522,395.881,6.13559716065838,18.084,21.904,24.534,4,0.0813097222222222,4,0
1011010101,2020-11-12,151.144,583.2938,3.8591925580903,45.642,36.23,69.272,NaN,0.102803,5,0
1011010201,2020-11-12,13.406,77.774,5.80143219453976,1.69,6.131,5.585,NaN,0.14142,5,0
1011010402,2020-11-12,15.951,138.518,8.68396965707479,8.683,4.072,3.196,6,0.119747368421053,5,0
1011010501,2020-11-12,15.508,99.9248,6.44343564611813,4.729,2.826,7.953,NaN,0.07122,5,0
1011010504,2020-11-12,58.851,515.6316,8.76164551154611,20.036,13.716,25.099,NaN,0.0851533333333334,5,0
1011010801,2020-11-12,68.656,397.194,5.78527732463295,20.205,20.836,27.615,NaN,0.0813097222222222,5,0
1011010101,2020-11-13,141.977,523.3356,3.68605900955789,43.482,32.26,66.235,4,0.102803,6,0
1011010201,2020-11-13,60.306,332.536,5.51414452956588,17.993,16.19,26.123,NaN,0.14142,6,0
1011010402,2020-11-13,13.766,114.394,8.30989394159523,7.696,4.398,1.672,6,0.119747368421053,6,0
1011010501,2020-11-13,8.044,48.0704,5.97593237195425,0.736,2.19,5.118,NaN,0.07122,6,0
1011010504,2020-11-13,70.246,566.3542,8.06244056601088,22.117,16.915,31.214,NaN,0.0851533333333334,6,0
1011010801,2020-11-13,67.676,405.834,5.99671966428276,17.26,10.48,39.936,NaN,0.0813097222222222,6,0
1011010101,2020-11-14,207.145,933.8278,4.50808757150788,74.711,71.927,60.507,NaN,0.102803,7,1
1011010201,2020-11-14,84.001,457.3816,5.4449542267354,35.987,17.065,30.949,NaN,0.14142,7,1
1011010402,2020-11-14,58.127,400.467,6.88951778003338,28.166,16.834,13.127,6,0.119747368421053,7,1
1011010501,2020-11-14,18.146,93.6662,5.16180976523752,5.546,4.804,7.796,NaN,0.07122,7,1
1011010504,2020-11-14,71.84,738.8982,10.2853312917595,28.931,19.007,23.902,NaN,0.0851533333333334,7,1
1011010801,2020-11-14,92.793,677.133,7.29724224887654,38.056,24.39,30.347,NaN,0.0813097222222222,7,1
1011010101,2020-11-15,227.231,1019.4928,4.4865920583019,108.229,55.946,63.056,NaN,0.102803,1,1
1011010201,2020-11-15,77.798,423.2864,5.44083909612072,37.336,16.827,23.635,NaN,0.14142,1,1
1011010402,2020-11-15,45.353,311.349,6.86501444226402,23.457,12.665,9.231,6,0.119747368421053,1,1
1011010501,2020-11-15,18.318,100.4406,5.48316410088438,5.922,1.736,10.66,NaN,0.07122,1,1
1011010504,2020-11-15,74.078,710.5856,9.59239720294824,28.987,19.126,25.965,NaN,0.0851533333333334,1,1
1011010801,2020-11-15,73.108,433.123,5.92442687530777,35.971,17.321,19.816,NaN,0.0813097222222222,1,1
1011010101,2020-11-16,140.087,646.0148,4.61152569474684,55.888,24.159,60.04,NaN,0.102803,2,0
1011010201,2020-11-16,48.64,260.7216,5.36023026315789,15.698,16.397,16.545,NaN,0.14142,2,0
1011010402,2020-11-16,14.45,114.696,7.93743944636678,9.424,3.033,1.993,6,0.119747368421053,2,0
1011010501,2020-11-16,15.672,86.9058,5.54529096477795,5.681,5.879,4.112,NaN,0.07122,2,0
1011010504,2020-11-16,45.345,430.4526,9.49283493218657,18.985,10.879,15.481,NaN,0.0851533333333334,2,0
1011010801,2020-11-16,54.363,327.347,6.02150359619594,19.048,8.232,27.083,NaN,0.0813097222222222,2,0
1011010101,2020-11-17,222.517,850.9528,3.82421477909553,80.808,59.196,82.513,NaN,0.102803,3,0
1011010201,2020-11-17,43.621,238.6088,5.4700442447445,9.95,13.539,20.132,NaN,0.14142,3,0
1011010402,2020-11-17,24.762,189.802,7.66505128826428,8.359,4.349,12.054,6,0.119747368421053,3,0
1011010501,2020-11-17,12.224,68.9412,5.63982329842932,3.054,2.646,6.524,NaN,0.07122,3,0
1011010504,2020-11-17,43.486,383.019,8.80786919928253,12.008,14.242,17.236,NaN,0.0851533333333334,3,0
1011010801,2020-11-17,131.979,495.592,3.75508224793338,41.494,29.502,60.983,NaN,0.0813097222222222,3,0
1011010101,2020-11-18,203.322,827.3134,4.06898122190417,90.269,45.014,68.039,NaN,0.102803,4,0
1011010201,2020-11-18,50.438,240.732,4.77283000912011,13.932,14.527,21.979,NaN,0.14142,4,0
1011010402,2020-11-18,19.171,148.318,7.73658129466382,10.542,5.553,3.076,6,0.119747368421053,4,0
1011010501,2020-11-18,15.946,96.8378,6.07285839709018,3.073,4.849,8.024,NaN,0.07122,4,0
1011010504,2020-11-18,45.407,462.781,10.1918426674301,13.907,10.897,20.603,NaN,0.0851533333333334,4,0
1011010801,2020-11-18,99.089,461.105,4.65344286449555,22.909,30.202,45.978,NaN,0.0813097222222222,4,0
1011010101,2020-11-19,207.8,681.16,3.27795957651588,81.284,53.288,73.228,4,0.102803,5,0
1011010201,2020-11-19,77.165,362.2798,4.6948720274736,31.149,17.356,28.66,NaN,0.14142,5,0
1011010402,2020-11-19,22.977,199.492,8.68224746485616,9.211,4.674,9.092,6,0.119747368421053,5,0
1011010501,2020-11-19,12.808,86.4716,6.75137414116177,1.91,2.111,8.787,NaN,0.07122,5,0
1011010504,2020-11-19,59.111,543.5856,9.19601427822233,17.596,14.33,27.185,NaN,0.0851533333333334,5,0
1011010801,2020-11-19,90.297,524.004,5.80311638260407,21.343,25.281,43.673,NaN,0.0813097222222222,5,0
1011010101,2020-11-20,244.555,756.6246,3.09388317556378,76.729,54.809,113.017,NaN,0.102803,6,0
1011010201,2020-11-20,52.701,256.383,4.86486024933113,18.67,15.534,18.497,NaN,0.14142,6,0
1011010402,2020-11-20,22.48,183.078,8.14403914590747,6.729,7.293,8.458,6,0.119747368421053,6,0
1011010501,2020-11-20,9.804,65.911,6.72286821705426,2.003,2.063,5.738,NaN,0.07122,6,0
1011010504,2020-11-20,53.492,545.285,10.1937672923054,15.225,14.862,23.405,NaN,0.0851533333333334,6,0
1011010801,2020-11-20,70.888,358.984,5.06410111725539,14.666,25.314,30.908,NaN,0.0813097222222222,6,0
1011010101,2020-11-21,460.646,1463.7466,3.17759537692719,176.004,107.053,177.589,NaN,0.102803,7,1
1011010201,2020-11-21,114.066,487.836,4.27678712324444,46.221,23.857,43.988,NaN,0.14142,7,1
1011010402,2020-11-21,95.789,783.184,8.17613713474407,61.611,12.46,21.718,6,0.119747368421053,7,1
1011010501,2020-11-21,25.451,169.4252,6.65691721346902,10.368,5.242,9.841,NaN,0.07122,7,1
1011010504,2020-11-21,79.774,773.5536,9.69681349813222,30.04,20.961,28.773,NaN,0.0851533333333334,7,1
1011010801,2020-11-21,169.382,869.03,5.13059238880164,80.266,47.322,41.794,NaN,0.0813097222222222,7,1
1011010101,2020-11-22,371.968,1141.9126,3.06992160615967,156.781,171.631,43.556,NaN,0.102803,1,1
1011010201,2020-11-22,119.596,508.1144,4.24859025385464,50.12,39.999,29.477,NaN,0.14142,1,1
1011010402,2020-11-22,67.538,540.304,8,37.624,21.731,8.183,NaN,0.119747368421053,1,1
1011010501,2020-11-22,26.933,183.6438,6.81854230869194,9.39,7.391,10.152,NaN,0.07122,1,1
1011010504,2020-11-22,99.221,834.0508,8.40599066729825,34.52,33.2,31.501,NaN,0.0851533333333334,1,1
1011010801,2020-11-22,160.154,1537.6912,9.60132872110594,78.846,44.732,36.576,NaN,0.0813097222222222,1,1
1011010101,2020-11-23,294.311,1016.226,3.45289846454941,188.886,46.601,58.824,NaN,0.102803,2,0
1011010201,2020-11-23,74.623,304.9214,4.08615842300631,22.641,31.157,20.825,NaN,0.14142,2,0
1011010402,2020-11-23,34.987,279.896,8,19.312,13.457,2.218,NaN,0.119747368421053,2,0
1011010501,2020-11-23,15.902,103.206,6.49012702804679,5.191,5.949,4.762,NaN,0.07122,2,0
1011010504,2020-11-23,59.056,499.0114,8.4498001896505,20.906,19.683,18.467,NaN,0.0851533333333334,2,0
1011010801,2020-11-23,195.788,1147.439,5.86061964982532,63.591,59.942,72.255,NaN,0.0813097222222222,2,0
1011010101,2020-11-24,220.189,871.6004,3.95841935791525,68.075,57.063,95.051,NaN,0.102803,3,0
1011010201,2020-11-24,60.927,268.0452,4.39944852036043,15.937,24.088,20.902,NaN,0.14142,3,0
1011010402,2020-11-24,44.692,349.208,7.81365792535577,18.409,10.451,15.832,6,0.119747368421053,3,0
1011010501,2020-11-24,13.897,85.793,6.17349068144204,3.807,4.319,5.771,NaN,0.07122,3,0
1011010504,2020-11-24,52.157,479.5806,9.19494219376114,15.132,12.424,24.601,NaN,0.0851533333333334,3,0
1011010801,2020-11-24,117.661,827.3984,7.03205310170745,32.526,26.935,58.2,NaN,0.0813097222222222,3,0
1011010101,2020-11-25,237.713,822.822,3.46140934656498,96.686,60.405,80.622,NaN,0.102803,4,0
1011010201,2020-11-25,37.137,152.5724,4.1083663193042,9.46,9.498,18.179,NaN,0.14142,4,0
1011010402,2020-11-25,38.697,295.796,7.64390004393105,11.23,19.186,8.281,6,0.119747368421053,4,0
1011010501,2020-11-25,13.199,85.3798,6.46865671641791,2.013,4.443,6.743,NaN,0.07122,4,0
1011010504,2020-11-25,39.054,386.1988,9.88884109182158,9.456,12.644,16.954,NaN,0.0851533333333334,4,0
1011010801,2020-11-25,95.581,803.3278,8.40468084661177,29.696,26.435,39.45,NaN,0.0813097222222222,4,0
1011010101,2020-11-26,282.923,696.0344,2.46015488313075,96.005,83.961,102.957,3.2923722883135,0.102803,5,0
1011010201,2020-11-26,34.766,162.3144,4.66876833688086,10.895,8.842,15.029,NaN,0.14142,5,0
1011010402,2020-11-26,24.099,192.792,8,6.43,7.242,10.427,NaN,0.119747368421053,5,0
1011010501,2020-11-26,12.868,91.0904,7.07883120920112,3.922,4.198,4.748,NaN,0.07122,5,0
1011010504,2020-11-26,48.086,447.855,9.31362558748908,14.202,13.376,20.508,NaN,0.0851533333333334,5,0
1011010801,2020-11-26,110.276,839.589,7.61352424824984,33.604,32.068,44.604,NaN,0.0813097222222222,5,0
1011010101,2020-11-27,225.596,670.474,2.97201191510488,90.134,55.372,80.09,NaN,0.102803,6,0
1011010201,2020-11-27,28.934,135.982,4.69973042095804,7.959,12.325,8.65,NaN,0.14142,6,0
1011010402,2020-11-27,23.178,179.268,7.73440331348693,6.742,8.421,8.015,6,0.119747368421053,6,0
1011010501,2020-11-27,13.175,103.3744,7.84625426944972,5.44,3.269,4.466,NaN,0.07122,6,0
1011010504,2020-11-27,53.116,470.1752,8.85185631448151,13.84,15.365,23.911,NaN,0.0851533333333334,6,0
1011010801,2020-11-27,112.979,901.7318,7.98141070464423,31.623,32.831,48.525,NaN,0.0813097222222222,6,0
1011010101,2020-11-28,400.295,1043.2144,2.60611399093169,174.205,125.289,100.801,NaN,0.102803,7,1
1011010201,2020-11-28,79.441,429.056,5.40093906169358,30.456,20.801,28.184,NaN,0.14142,7,1
1011010402,2020-11-28,30.289,242.312,8,13.796,11.694,4.799,NaN,0.119747368421053,7,1
1011010501,2020-11-28,18.759,138.701,7.39383762460685,8.475,4.588,5.696,NaN,0.07122,7,1
1011010504,2020-11-28,82.485,668.034,8.09885433715221,29.056,20.101,33.328,NaN,0.0851533333333334,7,1
1011010801,2020-11-28,187.133,1306.8872,6.98373456311821,59.497,49.08,78.556,NaN,0.0813097222222222,7,1
1011010101,2020-11-29,287.707,814.801,2.83205135780499,102.288,92.402,93.017,NaN,0.102803,1,1
1011010201,2020-11-29,77.335,423.094,5.47092519557768,29.577,22.549,25.209,NaN,0.14142,1,1
1011010402,2020-11-29,31.494,251.952,8,11.393,11.492,8.609,NaN,0.119747368421053,1,1
1011010501,2020-11-29,20.702,156.622,7.56554922229736,8.607,6.126,5.969,NaN,0.07122,1,1
1011010504,2020-11-29,66.151,612.9718,9.26625145500446,25.168,19.736,21.247,NaN,0.0851533333333334,1,1
1011010801,2020-11-29,168.218,1362.4976,8.09959457370793,57.409,54.412,56.397,NaN,0.0813097222222222,1,1
1011010101,2020-11-30,207.353,629.2276,3.03457196182356,71.02,65.933,70.4,NaN,0.102803,2,0
1011010201,2020-11-30,41.156,217.5304,5.28550879580134,8.329,15.877,16.95,NaN,0.14142,2,0
1011010402,2020-11-30,18.481,143.096,7.742871056761,5.615,6.918,5.948,6,0.119747368421053,2,0
1011010501,2020-11-30,18.29,137.4694,7.51609622744669,6.072,4.837,7.381,NaN,0.07122,2,0
1011010504,2020-11-30,54.214,498.776,9.20013280702402,11.777,18.877,23.56,NaN,0.0851533333333334,2,0
1011010801,2020-11-30,100.486,609.4374,6.0648985928388,26.522,26.494,47.47,NaN,0.0813097222222222,2,0
1011010101,2020-12-01,287.797,738.5806,2.56632487482496,112.061,61.148,114.588,NaN,0.102803,3,0
1011010201,2020-12-01,25.82,140.336,5.43516653756778,9.016,9.469,7.335,NaN,0.14142,3,0
1011010402,2020-12-01,25.029,200.232,8,9.363,8.072,7.594,NaN,0.119747368421053,3,0
1011010501,2020-12-01,9.271,77.7902,8.39070218962356,1.964,3.436,3.871,NaN,0.07122,3,0
1011010504,2020-12-01,47.882,421.1564,8.79571446472578,14.425,15.433,18.024,NaN,0.0851533333333334,3,0
1011010801,2020-12-01,99.477,641.612,6.44985272977673,20.16,35.247,44.07,4.9,0.0813097222222222,3,0
1011010101,2020-12-02,213.665,617.9328,2.892063744647,72.082,69.071,72.512,NaN,0.102803,4,0
1011010201,2020-12-02,24.46,134.512,5.49926410466067,6.992,8.07,9.398,NaN,0.14142,4,0
1011010402,2020-12-02,22.979,182.662,7.94908394621176,7.681,6.83,8.468,6,0.119747368421053,4,0
1011010501,2020-12-02,9.603,78.403,8.16442778298448,3.088,3.239,3.276,NaN,0.07122,4,0
1011010504,2020-12-02,48.74,461.395,9.46645465736561,17.1,12.762,18.878,NaN,0.0851533333333334,4,0
1011010801,2020-12-02,185.141,1065.265,5.75380385760042,36.07,56.127,92.944,2.232,0.0813097222222222,4,0
1011010101,2020-12-03,274.097,688.7304,2.51272505718778,62.85,105.54,105.707,3,0.102803,5,0
1011010201,2020-12-03,27.342,162.4644,5.94193548387097,5.845,9.421,12.076,NaN,0.14142,5,0
1011010402,2020-12-03,35.348,273.116,7.72649089057372,9.738,13.545,12.065,6,0.119747368421053,5,0
1011010501,2020-12-03,12.913,115.8798,8.97388678076357,5.627,2.124,5.162,NaN,0.07122,5,0
1011010504,2020-12-03,48.795,516.5614,10.5863592581207,14.244,16.246,18.305,NaN,0.0851533333333334,5,0
1011010801,2020-12-03,97.395,786.579,8.07617434159865,30.62,23.55,43.225,NaN,0.0813097222222222,5,0
1011010101,2020-12-04,242.529,719.1002,2.96500707131931,86.238,70.231,86.06,8,0.102803,6,0
1011010201,2020-12-04,27.457,169.067,6.15751902975562,6.831,9.044,11.582,NaN,0.14142,6,0
1011010402,2020-12-04,87.25,551.384,6.31958739255014,38.296,15.03,33.924,5,0.119747368421053,6,0
1011010501,2020-12-04,11.517,92.636,8.0434140835287,4.236,2.018,5.263,NaN,0.07122,6,0
1011010504,2020-12-04,42.929,438.3398,10.2108085443407,15.158,10.886,16.885,NaN,0.0851533333333334,6,0
1011010801,2020-12-04,110.875,910.5812,8.21268275084555,37.553,29.625,43.697,NaN,0.0813097222222222,6,0
1011010101,2020-12-05,306.959,842.0552,2.74321717232595,139.853,88.037,79.069,NaN,0.102803,7,1
1011010201,2020-12-05,72.116,422.4912,5.85849464751234,29.353,20.521,22.242,NaN,0.14142,7,1
1011010402,2020-12-05,43.518,314.501,7.22691759731605,17.909,12.072,13.537,6,0.119747368421053,7,1
1011010501,2020-12-05,18.693,149.888,8.0184026106029,7.238,4.57,6.885,NaN,0.07122,7,1
1011010504,2020-12-05,50.32,590.9724,11.7442845786963,18.782,14.361,17.177,NaN,0.0851533333333334,7,1
1011010801,2020-12-05,155.115,1375.4552,8.86732553266931,55.277,54.057,45.781,9,0.0813097222222222,7,1
1011010101,2020-12-06,367.129,941.8606,2.56547589539372,169.324,97.706,100.099,NaN,0.102803,1,1
1011010201,2020-12-06,67.968,486.784,7.16195856873823,21.669,25.139,21.16,NaN,0.14142,1,1
1011010402,2020-12-06,93.761,653.519,6.97005151395569,29.251,38.752,25.758,6,0.119747368421053,1,1
1011010501,2020-12-06,18.881,146.9104,7.78085906466818,4.31,6.615,7.956,NaN,0.07122,1,1
1011010504,2020-12-06,61.77,769.1412,12.4516949975716,19.471,22.867,19.432,NaN,0.0851533333333334,1,1
1011010801,2020-12-06,234.205,1740.892,7.43319741252322,71.026,78.529,84.65,8,0.0813097222222222,1,1
1011010101,2020-12-07,197.718,576.0326,2.91340495048504,66.356,51.565,79.797,NaN,0.102803,2,0
1011010201,2020-12-07,29.017,196.98,6.78843436606127,8.2,8.524,12.293,NaN,0.14142,2,0
1011010402,2020-12-07,60.127,419.313,6.97378881367772,19.68,19.711,20.736,6,0.119747368421053,2,0
1011010501,2020-12-07,10.537,86.114,8.17253487709974,4.103,2.394,4.04,NaN,0.07122,2,0
1011010504,2020-12-07,39.566,559.2496,14.1346004144973,13.273,10.882,15.411,NaN,0.0851533333333334,2,0
1011010801,2020-12-07,91.333,737.082,8.07027032945376,28.3,23.051,39.982,12.5006285794105,0.0813097222222222,2,0
1011010101,2020-12-08,183.98,523.691,2.84645613653658,51.699,51.129,81.152,NaN,0.102803,3,0
1011010201,2020-12-08,29.686,211.4,7.12120191335983,7.285,9.835,12.566,NaN,0.14142,3,0
1011010402,2020-12-08,78.345,537.735,6.86367987746506,30.393,23.599,24.353,6,0.119747368421053,3,0
1011010501,2020-12-08,10.904,92.342,8.46863536316948,2.752,4.755,3.397,NaN,0.07122,3,0
1011010504,2020-12-08,38.132,516.9646,13.5572380153152,14.326,10.226,13.58,NaN,0.0851533333333334,3,0
1011010801,2020-12-08,89.028,783.5738,8.80143101046862,24.828,20.546,43.654,NaN,0.0813097222222222,3,0
1011010101,2020-12-09,180.673,540.6844,2.99261317407692,62.559,61.033,57.081,3,0.102803,4,0
1011010201,2020-12-09,20.825,146.632,7.04115246098439,5.595,5.921,9.309,NaN,0.14142,4,0
1011010402,2020-12-09,39.897,289.118,7.24661002080357,11.127,12.776,15.994,6,0.119747368421053,4,0
1011010501,2020-12-09,9.89,81.304,8.22082912032356,2.905,1.303,5.682,NaN,0.07122,4,0
1011010504,2020-12-09,36.059,477.8674,13.2523752738567,14.467,6.758,14.834,NaN,0.0851533333333334,4,0
1011010801,2020-12-09,80.164,815.8226,10.1769198143805,24.447,23.635,32.082,NaN,0.0813097222222222,4,0
1011010101,2020-12-10,188.539,540.4644,2.86659205787662,63.814,67.576,57.149,NaN,0.102803,5,0
1011010201,2020-12-10,20.405,137.45,6.73609409458466,6.55,4.699,9.156,NaN,0.14142,5,0
1011010402,2020-12-10,48.448,324.027,6.68813986129458,13.31,10.552,24.586,4.0870760107037,0.119747368421053,5,0
1011010501,2020-12-10,11.411,93.746,8.21540618701253,3.219,3.835,4.357,NaN,0.07122,5,0
1011010504,2020-12-10,45.747,609.4304,13.3217566179203,11.861,12.266,21.62,NaN,0.0851533333333334,5,0
1011010801,2020-12-10,89.363,815.37,9.12424605261685,18.95,23.105,47.308,8,0.0813097222222222,5,0
1011010101,2020-12-11,212.51,555.6912,2.61489435791257,65.84,65.012,81.658,NaN,0.102803,6,0
1011010201,2020-12-11,30.644,220.466,7.19442631510247,9.563,7.209,13.872,NaN,0.14142,6,0
1011010402,2020-12-11,55.726,374.68,6.72361195851129,29.909,11.091,14.726,NaN,0.119747368421053,6,0
1011010501,2020-12-11,14.918,128.516,8.6148277248961,2.852,5.057,7.009,NaN,0.07122,6,0
1011010504,2020-12-11,44.514,579.8594,13.0264501055848,8.529,16.569,19.416,NaN,0.0851533333333334,6,0
1011010801,2020-12-11,94.153,784.8758,8.33617409960384,28.35,28.243,37.56,2.9,0.0813097222222222,6,0
1011010101,2020-12-12,269.619,761.357,2.82382547224046,105.712,57.421,106.486,NaN,0.102803,7,1
1011010201,2020-12-12,65.792,467.162,7.10058973735409,24.955,18.386,22.451,NaN,0.14142,7,1
1011010402,2020-12-12,71.47,580.764,8.12598292990066,35.861,21.096,14.513,6,0.119747368421053,7,1
1011010501,2020-12-12,11.965,108.842,9.09669870455495,3.662,2.244,6.059,NaN,0.07122,7,1
1011010504,2020-12-12,55.182,783.6884,14.2018846725381,20.24,13.628,21.314,NaN,0.0851533333333334,7,1
1011010801,2020-12-12,174.431,1585.5354,9.08975698127053,53.752,42.505,78.174,8,0.0813097222222222,7,1
1011010101,2020-12-13,375.781,1015.5982,2.70263318262499,142.62,150.827,82.334,NaN,0.102803,1,1
1011010201,2020-12-13,78.67,560.82,7.12876573026567,25.31,26.718,26.642,NaN,0.14142,1,1
1011010402,2020-12-13,73.578,625.446,8.5004485036288,37.852,27.058,8.668,NaN,0.119747368421053,1,1
1011010501,2020-12-13,20.845,178.528,8.56454785320221,6.709,5.288,8.848,NaN,0.07122,1,1
1011010504,2020-12-13,76.784,996.6764,12.9802615128152,25.919,24.522,26.343,NaN,0.0851533333333334,1,1
1011010801,2020-12-13,197.615,1692.8208,8.56625661007514,66.696,68.166,62.753,8,0.0813097222222222,1,1
1011010101,2020-12-14,197.654,618.0596,3.12697744543495,61.608,33.104,102.942,4,0.102803,2,0
1011010201,2020-12-14,33.376,228.478,6.84557766059444,11.393,9.873,12.11,NaN,0.14142,2,0
1011010402,2020-12-14,65.517,424.73,6.48274493642871,15.208,18.283,32.026,5.68208739448771,0.119747368421053,2,0
1011010501,2020-12-14,12.715,108.766,8.55414864333464,3.685,4.205,4.825,NaN,0.07122,2,0
1011010504,2020-12-14,48.394,673.5412,13.9178658511386,11.117,12.335,24.942,NaN,0.0851533333333334,2,0
1011010801,2020-12-14,83.089,834.34,10.0415217417468,20.749,22.8,39.54,8,0.0813097222222222,2,0
1011010101,2020-12-15,203.808,628.2684,3.08264837494112,65.756,65.124,72.928,NaN,0.102803,3,0
1011010201,2020-12-15,33.43,223.388,6.68226144181873,7.681,9.648,16.101,NaN,0.14142,3,0
1011010402,2020-12-15,51.769,420.14,8.11566767756766,19.601,18.674,13.494,6,0.119747368421053,3,0
1011010501,2020-12-15,10.295,86.829,8.43409422049539,4.728,2.232,3.335,NaN,0.07122,3,0
1011010504,2020-12-15,41.066,572.815,13.9486436468124,13.404,9.14,18.522,NaN,0.0851533333333334,3,0
1011010801,2020-12-15,99.925,979.3106,9.80045634225669,31.038,31.987,36.9,17.6328236130868,0.0813097222222222,3,0
1011010101,2020-12-16,152.029,504.5324,3.31865894007064,48.047,32.591,71.391,4.24126241963764,0.102803,4,0
1011010201,2020-12-16,26.065,190.154,7.29537694225973,7.638,7.512,10.915,NaN,0.14142,4,0
1011010402,2020-12-16,47.282,379.878,8.03430480944122,17.532,14.135,15.615,6,0.119747368421053,4,0
1011010501,2020-12-16,9.313,74.504,8,1.679,3.898,3.736,NaN,0.07122,4,0
1011010504,2020-12-16,34.84,563.5352,16.1749483352468,8.449,11.961,14.43,NaN,0.0851533333333334,4,0
1011010801,2020-12-16,74.212,706.6528,9.52208268204603,16,13.424,44.788,NaN,0.0813097222222222,4,0
1011010101,2020-12-17,167.799,497.9648,2.96762674390193,59.629,44.096,64.074,NaN,0.102803,5,0
1011010201,2020-12-17,31.098,209.044,6.72210431539006,8.908,7.936,14.254,NaN,0.14142,5,0
1011010402,2020-12-17,47.929,371.222,7.74524817959899,17.111,13.622,17.196,6,0.119747368421053,5,0
1011010501,2020-12-17,12.154,101.346,8.3384893862103,2.468,3.365,6.321,NaN,0.07122,5,0
1011010504,2020-12-17,33.18,518.3186,15.6214165159735,9.447,13.415,10.318,NaN,0.0851533333333334,5,0
1011010801,2020-12-17,94.652,868.6616,9.17742467142797,28.43,34.918,31.304,16,0.0813097222222222,5,0
1011010101,2020-12-18,151.08,565.685,3.74427455652634,48.576,36.859,65.645,2,0.102803,6,0
1011010201,2020-12-18,26.454,186.446,7.04793225977168,6.83,8.022,11.602,NaN,0.14142,6,0
1011010402,2020-12-18,63.362,523.142,8.25639973485686,22.488,20.25,20.624,6,0.119747368421053,6,0
1011010501,2020-12-18,19.541,157.787,8.07466352796684,3.735,6.833,8.973,NaN,0.07122,6,0
1011010504,2020-12-18,41.801,646.997,15.4780268414631,13.116,9.91,18.775,NaN,0.0851533333333334,6,0
1011010801,2020-12-18,86.26,831.6574,9.64128680732669,22.226,21.825,42.209,8,0.0813097222222222,6,0
1011010101,2020-12-19,266.55,905.8064,3.39826073907334,106.475,66.706,93.369,4,0.102803,7,1
1011010201,2020-12-19,60.29,432.552,7.17452313816553,23.567,16.831,19.892,NaN,0.14142,7,1
1011010402,2020-12-19,86.825,800.041,9.21440829254247,36.29,22.652,27.883,NaN,0.119747368421053,7,1
1011010501,2020-12-19,14.524,116.192,8,5.163,4.586,4.775,NaN,0.07122,7,1
1011010504,2020-12-19,68.24,1035.8708,15.1798182883939,20.201,20.825,27.214,NaN,0.0851533333333334,7,1
1011010801,2020-12-19,154.681,1478.816,9.56042435722552,53.241,52.024,49.416,8,0.0813097222222222,7,1
1011010101,2020-12-20,276.911,912.46,3.29513814908039,111.956,57.011,107.944,NaN,0.102803,1,1
1011010201,2020-12-20,89.851,648.932,7.22231249513083,25.842,26.784,37.225,NaN,0.14142,1,1
1011010402,2020-12-20,77.313,687.192,8.88844049513018,38.25,19.51,19.553,6,0.119747368421053,1,1
1011010501,2020-12-20,14.386,115.088,8,4.85,4.21,5.326,NaN,0.07122,1,1
1011010504,2020-12-20,64.273,992.5268,15.4423599334091,19.876,20.302,24.095,NaN,0.0851533333333334,1,1
1011010801,2020-12-20,142.972,1316.8008,9.21020059871863,46.518,40.526,55.928,8,0.0813097222222222,1,1
1011010101,2020-12-21,136.041,493.6224,3.62848258980748,54.279,36.036,45.726,3,0.102803,2,0
1011010201,2020-12-21,37.057,256.254,6.9151307445287,7.363,10.676,19.018,6,0.14142,2,0
1011010402,2020-12-21,48.468,403.65,8.32817529091359,20.359,12.663,15.446,6,0.119747368421053,2,0
1011010501,2020-12-21,12.997,102.584,7.89289836116027,4.051,4.781,4.165,NaN,0.07122,2,0
1011010504,2020-12-21,30.846,494.1502,16.0199118200091,8.558,10.717,11.571,NaN,0.0851533333333334,2,0
1011010801,2020-12-21,84.045,802.8054,9.55208995181153,28.545,22.638,32.862,10,0.0813097222222222,2,0
1011010101,2020-12-22,152.185,483.6388,3.17796629102737,28.578,43.957,79.65,2,0.102803,3,0
1011010201,2020-12-22,27.346,199.3,7.28808600892269,4.248,8.419,14.679,NaN,0.14142,3,0
1011010402,2020-12-22,38.698,320.184,8.27391596464934,10.141,11.325,17.232,6,0.119747368421053,3,0
1011010501,2020-12-22,11.079,91.134,8.22583265637693,3.109,2.401,5.569,NaN,0.07122,3,0
1011010504,2020-12-22,38.615,584.1572,15.1277275670076,10.584,10.862,17.169,NaN,0.0851533333333334,3,0
1011010801,2020-12-22,76.199,694.75,9.11757372143991,22.527,12.29,41.382,8,0.0813097222222222,3,0
1011010101,2020-12-23,143.966,578.4742,4.01813066974147,45.707,38.493,59.766,4,0.102803,4,0
1011010201,2020-12-23,39.823,310.532,7.79780528840117,12.554,6.783,20.486,NaN,0.14142,4,0
1011010402,2020-12-23,43.83,340.329,7.76475017111568,12.483,14.205,17.142,6,0.119747368421053,4,0
1011010501,2020-12-23,9.4,78.989,8.40308510638298,2.079,2.367,4.954,NaN,0.07122,4,0
1011010504,2020-12-23,41.738,645.0766,15.4553787915089,12.24,10.36,19.138,NaN,0.0851533333333334,4,0
1011010801,2020-12-23,67.604,626.556,9.26803147742737,22.125,20.584,24.895,8,0.0813097222222222,4,0
1011010101,2020-12-24,218.533,631.995,2.89198885294212,91.107,44.186,83.24,9,0.102803,5,0
1011010201,2020-12-24,39.293,288.801,7.34993510294455,8.481,13.028,17.784,NaN,0.14142,5,0
1011010402,2020-12-24,61.823,485.967,7.86061821652136,23.557,13.874,24.392,6,0.119747368421053,5,0
1011010501,2020-12-24,9.801,79.594,8.121008060402,1.632,2.556,5.613,NaN,0.07122,5,0
1011010504,2020-12-24,37.463,624.1382,16.6601233216774,9.016,9.134,19.313,NaN,0.0851533333333334,5,0
1011010801,2020-12-24,76.09,666.898,8.76459455907478,15.454,22.553,38.083,9,0.0813097222222222,5,0
1011010101,2020-12-25,159.654,619.9966,3.88337655179325,70.96,39.099,49.595,NaN,0.102803,6,0
1011010201,2020-12-25,33.711,253.322,7.51452048292842,9.8,5.291,18.62,NaN,0.14142,6,0
1011010402,2020-12-25,65.984,547.548,8.2981935014549,11.498,12.512,41.974,6,0.119747368421053,6,0
1011010501,2020-12-25,10.328,78.2,7.571649883811,3.934,1.98,4.414,NaN,0.07122,6,0
1011010504,2020-12-25,53.083,883.9124,16.6515155511181,15.129,15.266,22.688,NaN,0.0851533333333334,6,0
1011010801,2020-12-25,148.943,1323.4408,8.88555219110667,27.238,41.531,80.174,NaN,0.0813097222222222,6,0
1011010101,2020-12-26,285.224,871.8724,3.05679886685552,106.352,72.242,106.63,NaN,0.102803,7,1
1011010201,2020-12-26,62.717,539.789,8.60674139388045,23.749,15.95,23.018,NaN,0.14142,7,1
1011010402,2020-12-26,103.905,876.732,8.43782301140465,49.013,32.145,22.747,NaN,0.119747368421053,7,1
1011010501,2020-12-26,16.19,127.232,7.85867819641754,4.197,5.558,6.435,NaN,0.07122,7,1
1011010504,2020-12-26,52.907,1056.713,19.9730281437239,19.67,15.754,17.483,NaN,0.0851533333333334,7,1
1011010801,2020-12-26,136.159,1102.3458,8.09601862528368,53.31,39.019,43.83,9,0.0813097222222222,7,1
1011010101,2020-12-27,288.755,850.3522,2.94489169018718,102.027,66.59,120.138,NaN,0.102803,1,1
1011010201,2020-12-27,51.016,403.328,7.90591187078564,17.873,16,17.143,NaN,0.14142,1,1
1011010402,2020-12-27,93.232,761.976,8.17290200789428,42.144,26.687,24.401,NaN,0.119747368421053,1,1
1011010501,2020-12-27,11.874,99.642,8.39161192521476,5.081,1.971,4.822,NaN,0.07122,1,1
1011010504,2020-12-27,52.745,1010.3044,19.1545056403451,22.119,15.448,15.178,NaN,0.0851533333333334,1,1
1011010801,2020-12-27,118.129,1153.7684,9.76702079929569,48.957,31.29,37.882,9,0.0813097222222222,1,1
1011010101,2020-12-28,251.455,724.4486,2.88102682388499,104.264,55.393,91.798,NaN,0.102803,2,0
1011010201,2020-12-28,33.949,257.134,7.57412589472444,7.537,12.979,13.433,NaN,0.14142,2,0
1011010402,2020-12-28,63.262,515.289,8.14531630362619,25.229,14.386,23.647,6,0.119747368421053,2,0
1011010501,2020-12-28,13.266,116.472,8.77973767526006,3.233,3.073,6.96,NaN,0.07122,2,0
1011010504,2020-12-28,45.863,892.2476,19.4546279135687,14.149,11.309,20.405,NaN,0.0851533333333334,2,0
1011010801,2020-12-28,69.819,681.142,9.75582577808333,16.68,20.791,32.348,8,0.0813097222222222,2,0
1011010101,2020-12-29,223.512,647.989,2.89912398439457,97.26,67.162,59.09,NaN,0.102803,3,0
1011010201,2020-12-29,33.714,273.704,8.11840778311681,8.774,11.422,13.518,NaN,0.14142,3,0
1011010402,2020-12-29,54.924,435.606,7.93106838540529,15.378,19.307,20.239,6,0.119747368421053,3,0
1011010501,2020-12-29,12.741,109.291,8.57789812416608,3.887,2.608,6.246,NaN,0.07122,3,0
1011010504,2020-12-29,28.906,598.5574,20.7070296824189,7.226,8.811,12.869,NaN,0.0851533333333334,3,0
1011010801,2020-12-29,79.647,759.3048,9.53337602169573,20.101,29.655,29.891,NaN,0.0813097222222222,3,0
1011010101,2020-12-30,146.39,554.7568,3.78958125555024,42.397,50.361,53.632,NaN,0.102803,4,0
1011010201,2020-12-30,33.438,283.356,8.47407141575453,12.009,8.431,12.998,NaN,0.14142,4,0
1011010402,2020-12-30,75.742,624.302,8.24248105410473,31.138,29.379,15.225,6,0.119747368421053,4,0
1011010501,2020-12-30,16.318,146.629,8.9857212893737,2.33,2.652,11.336,NaN,0.07122,4,0
1011010504,2020-12-30,32.167,666.8054,20.72948674107,11.903,9.058,11.206,NaN,0.0851533333333334,4,0
1011010801,2020-12-30,66.631,618.0835,9.27621527517222,21.705,19.911,25.015,4.5,0.0813097222222222,4,0
1011010101,2020-12-31,179.177,830.7594,4.63652924203441,60.771,53.012,65.394,2.4,0.102803,5,0
1011010201,2020-12-31,23.092,208.71,9.03819504590335,5.976,5.19,11.926,NaN,0.14142,5,0
1011010402,2020-12-31,73.305,533.657,7.27995361844349,30.571,22.9,19.834,6,0.119747368421053,5,0
1011010501,2020-12-31,20.725,187.641,9.05384800965018,5.946,4.938,9.841,NaN,0.07122,5,0
1011010504,2020-12-31,45.584,1013.3386,22.2301377676378,14.618,13.266,17.7,10.2,0.0851533333333334,5,0
1011010801,2020-12-31,120.945,1031.806,8.53120013229153,33.318,40.069,47.558,9,0.0813097222222222,5,0
1011010101,2021-01-01,224.797,976.433,4.34362113373399,82.957,65.818,76.022,NaN,0.102803,6,0
1011010201,2021-01-01,55.985,503.328,8.99040814503885,15.262,21.175,19.548,NaN,0.14142,6,0
1011010402,2021-01-01,91.569,628.009,6.85831449508021,46.277,32.808,12.484,NaN,0.119747368421053,6,0
1011010501,2021-01-01,18.037,159.249,8.82901812940067,5.65,5.546,6.841,NaN,0.07122,6,0
1011010504,2021-01-01,67.733,1412.1458,20.8487118538969,25.744,19.127,22.862,NaN,0.0851533333333334,6,0
1011010801,2021-01-01,136.338,1247.1206,9.14727075356834,59.336,40.12,36.882,9,0.0813097222222222,6,0
1011010101,2021-01-02,212.911,942.0994,4.42485075923743,72.829,60.963,79.119,NaN,0.102803,7,1
1011010201,2021-01-02,31.833,275.116,8.64247793170609,9.582,10.908,11.343,NaN,0.14142,7,1
1011010402,2021-01-02,102.214,760.113,7.43648619562878,47.705,24.928,29.581,6,0.119747368421053,7,1
1011010501,2021-01-02,18.302,161.774,8.83914326303136,5.447,4.14,8.715,NaN,0.07122,7,1
1011010504,2021-01-02,62.422,1168.5486,18.7201403351383,23.136,16.848,22.438,NaN,0.0851533333333334,7,1
1011010801,2021-01-02,115.296,1000.7444,8.67978420760477,32.981,34.342,47.973,9,0.0813097222222222,7,1
1011010101,2021-01-03,224.88,934.1736,4.15409818569904,83.549,63.6,77.731,6,0.102803,1,1
1011010201,2021-01-03,50.09,464.002,9.26336594130565,17.985,14.454,17.651,NaN,0.14142,1,1
1011010402,2021-01-03,76.505,537.532,7.02610286909352,35.401,20.085,21.019,6,0.119747368421053,1,1
1011010501,2021-01-03,13.385,119.074,8.8960776989167,3.912,4.532,4.941,NaN,0.07122,1,1
1011010504,2021-01-03,73.797,1266.7624,17.1654999525726,25.034,25.216,23.547,NaN,0.0851533333333334,1,1
1011010801,2021-01-03,103.871,978.1916,9.4173696219349,33.899,28.172,41.8,9,0.0813097222222222,1,1
1011010101,2021-01-04,177.801,707.2598,3.97781677268407,56.156,44.91,76.735,NaN,0.102803,2,0
1011010201,2021-01-04,24.728,223.924,9.05548366224523,4.061,5.696,14.971,NaN,0.14142,2,0
1011010402,2021-01-04,68.248,617.937,9.0542873051225,24.352,21.017,22.879,NaN,0.119747368421053,2,0
1011010501,2021-01-04,9.867,87.901,8.90858416945374,3.127,3.009,3.731,NaN,0.07122,2,0
1011010504,2021-01-04,58.505,989.1726,16.9074882488676,18.475,16.028,24.002,NaN,0.0851533333333334,2,0
1011010801,2021-01-04,95.499,838.3734,8.77887098294223,25.936,33.746,35.817,9,0.0813097222222222,2,0
1011010101,2021-01-05,154.654,709.0252,4.58459011729409,43.479,50.007,61.168,NaN,0.102803,3,0
1011010201,2021-01-05,49.049,429.084,8.74806825827234,12.788,14.537,21.724,8,0.14142,3,0
1011010402,2021-01-05,89.144,777.987,8.72730638068743,30.89,28.398,29.856,NaN,0.119747368421053,3,0
1011010501,2021-01-05,14.439,128.986,8.93316711683635,3.25,6.547,4.642,NaN,0.07122,3,0
1011010504,2021-01-05,37.556,728.413,19.395382894877,9.704,13.941,13.911,NaN,0.0851533333333334,3,0
1011010801,2021-01-05,83.705,757.7944,9.05315572546443,19.26,30.08,34.365,9,0.0813097222222222,3,0
1011010101,2021-01-06,176.824,721.8798,4.08247636067502,59.14,36.212,81.472,NaN,0.102803,4,0
1011010201,2021-01-06,51.711,439.13,8.49200363559011,13.707,12.339,25.665,7,0.14142,4,0
1011010402,2021-01-06,49.852,436.277,8.75144427505416,15.65,14.65,19.552,NaN,0.119747368421053,4,0
1011010501,2021-01-06,13.689,133.282,9.73643071078968,2.072,2.423,9.194,NaN,0.07122,4,0
1011010504,2021-01-06,44.528,832.8802,18.7046397772188,10.713,12.061,21.754,NaN,0.0851533333333334,4,0
1011010801,2021-01-06,81.462,760.2542,9.33262380005401,18.75,23.344,39.368,7,0.0813097222222222,4,0
1011010101,2021-01-07,161.628,756.4826,4.68039324869453,65.144,49.62,46.864,NaN,0.102803,5,0
1011010201,2021-01-07,42.427,379.626,8.94774553939708,7.683,13.341,21.403,NaN,0.14142,5,0
1011010402,2021-01-07,54.723,502.225,9.17758529320395,16.472,19.344,18.907,NaN,0.119747368421053,5,0
1011010501,2021-01-07,12.56,123.068,9.7984076433121,2.406,3.567,6.587,NaN,0.07122,5,0
1011010504,2021-01-07,50.183,889.2626,17.720395353008,11.781,15.357,23.045,14,0.0851533333333334,5,0
1011010801,2021-01-07,96.002,935.4934,9.74451990583529,27.452,34.952,33.598,9,0.0813097222222222,5,0
1011010101,2021-01-08,234.462,1025.355,4.37322465900658,75.203,64.292,94.967,NaN,0.102803,6,0
1011010201,2021-01-08,29.703,287.149,9.66733999932667,8.18,8.319,13.204,NaN,0.14142,6,0
1011010402,2021-01-08,53.904,455.226,8.44512466607302,21.021,19.695,13.188,NaN,0.119747368421053,6,0
1011010501,2021-01-08,12.049,119.387,9.90845713337206,1.364,3.917,6.768,NaN,0.07122,6,0
1011010504,2021-01-08,37.342,725.6312,19.4320389909485,8.103,9.883,19.356,14,0.0851533333333334,6,0
1011010801,2021-01-08,90.415,808.26,8.93944588840347,25.796,22.206,42.413,NaN,0.0813097222222222,6,0
1011010101,2021-01-09,233.427,1205.1096,5.16268298011798,84.163,67.843,81.421,NaN,0.102803,7,1
1011010201,2021-01-09,47.188,525.928,11.1453759430364,13.313,14.826,19.049,NaN,0.14142,7,1
1011010402,2021-01-09,90.49,810.582,8.95769698309205,41.174,22.091,27.225,NaN,0.119747368421053,7,1
1011010501,2021-01-09,17.965,179.004,9.96404119120512,4.522,5.201,8.242,NaN,0.07122,7,1
1011010504,2021-01-09,78.498,1389.4342,17.7002496878901,30.217,13.109,35.172,14,0.0851533333333334,7,1
1011010801,2021-01-09,129.833,1199.151,9.23610330193402,43.771,30.625,55.437,NaN,0.0813097222222222,7,1
1011010101,2021-01-10,250.645,1093.6132,4.36319575495222,86.775,72.519,91.351,NaN,0.102803,1,1
1011010201,2021-01-10,57.696,649.778,11.2620978924016,16.083,19.698,21.915,NaN,0.14142,1,1
1011010402,2021-01-10,79.563,727.418,9.14266681749054,47.487,19.909,12.167,NaN,0.119747368421053,1,1
1011010501,2021-01-10,23.755,235.033,9.89404335929278,5.945,9.208,8.602,NaN,0.07122,1,1
1011010504,2021-01-10,68.365,1300.1862,19.0183017625978,24.047,20.806,23.512,NaN,0.0851533333333334,1,1
1011010801,2021-01-10,137.986,1401.8242,10.1591770179583,51.744,40.806,45.436,NaN,0.0813097222222222,1,1
1011010101,2021-01-11,182.204,778.0854,4.27040789444798,66.659,50.743,64.802,NaN,0.102803,2,0
1011010201,2021-01-11,28.862,339.026,11.7464486175594,6.918,8.693,13.251,NaN,0.14142,2,0
1011010402,2021-01-11,47.911,407.988,8.51553922898708,24.522,12.663,10.726,NaN,0.119747368421053,2,0
1011010501,2021-01-11,15.841,156.628,9.88750710182438,3.245,2.437,10.159,NaN,0.07122,2,0
1011010504,2021-01-11,46.768,922.2998,19.7207449538146,11.293,14.196,21.279,NaN,0.0851533333333334,2,0
1011010801,2021-01-11,81.67,782.5884,9.58232398677605,25.435,22.449,33.786,NaN,0.0813097222222222,2,0
1011010101,2021-01-12,173.449,741.7302,4.27635904502188,46.016,52.827,74.606,6,0.102803,3,0
1011010201,2021-01-12,18.847,235.887,12.5158911232557,5.851,3.912,9.084,NaN,0.14142,3,0
1011010402,2021-01-12,55.595,526.502,9.47031207842432,22.979,15.322,17.294,NaN,0.119747368421053,3,0
1011010501,2021-01-12,6.304,63.04,10,2.937,1.603,1.764,NaN,0.07122,3,0
1011010504,2021-01-12,35.595,746.7238,20.9783340356792,9.351,10.43,15.814,NaN,0.0851533333333334,3,0
1011010801,2021-01-12,73.283,755.002,10.3025531160023,19.206,24.584,29.493,NaN,0.0813097222222222,3,0
1011010101,2021-01-13,172.101,816.0732,4.74182718287517,47.94,39.182,84.979,NaN,0.102803,4,0
1011010201,2021-01-13,25.301,305.3544,12.0688668432078,9.349,7.224,8.728,7.8,0.14142,4,0
1011010402,2021-01-13,40.616,395.36,9.73409493795549,14.391,16.277,9.948,NaN,0.119747368421053,4,0
1011010501,2021-01-13,0,0,NaN,0,0,0,NaN,0.07122,4,0
1011010504,2021-01-13,37.065,749.026,20.2084446243086,10.028,7.319,19.718,NaN,0.0851533333333334,4,0
1011010801,2021-01-13,76.684,779.543,10.1656538521726,25.826,21.138,29.72,NaN,0.0813097222222222,4,0
1011010101,2021-01-14,148.947,761.967,5.11569215895587,45.884,38.336,64.727,NaN,0.102803,5,0
1011010201,2021-01-14,34.119,408.191,11.9637445411647,13.257,6.161,14.701,8,0.14142,5,0
1011010402,2021-01-14,43.51,400.165,9.19708113077453,12.852,14.08,16.578,NaN,0.119747368421053,5,0
1011010501,2021-01-14,18.643,171.174,9.18167676876039,6.493,6.403,5.747,NaN,0.07122,5,0
1011010504,2021-01-14,39.296,828.259,21.0774379071661,9.963,13.319,16.014,NaN,0.0851533333333334,5,0
1011010801,2021-01-14,75.963,812.038,10.6899148269552,21.112,20.941,33.91,NaN,0.0813097222222222,5,0
1011010101,2021-01-15,171.213,899.3304,5.25269926933118,70.705,44.223,56.285,NaN,0.102803,6,0
1011010201,2021-01-15,30.979,385.207,12.4344555989541,9.413,7.704,13.862,8,0.14142,6,0
1011010402,2021-01-15,51.428,466.595,9.07278136423738,12.393,16.543,22.492,NaN,0.119747368421053,6,0
1011010501,2021-01-15,14.644,135.712,9.26741327506146,7.463,2.536,4.645,NaN,0.07122,6,0
1011010504,2021-01-15,39.211,755.986,19.279946953661,7.205,12.688,19.318,NaN,0.0851533333333334,6,0
1011010801,2021-01-15,101.383,1069.234,10.5464821518401,33.527,17.191,50.665,NaN,0.0813097222222222,6,0
1011010101,2021-01-16,252.825,1387.805,5.48919212894294,123.535,55.647,73.643,NaN,0.102803,7,1
1011010201,2021-01-16,45.807,570.161,12.4470277468509,15.256,15.386,15.165,NaN,0.14142,7,1
1011010402,2021-01-16,82.624,755.797,9.14742689775368,38.409,16.601,27.614,NaN,0.119747368421053,7,1
1011010501,2021-01-16,20.109,183.423,9.12143816201701,7.216,4.916,7.977,NaN,0.07122,7,1
1011010504,2021-01-16,76.174,1452.2698,19.0651639667078,29.863,20.102,26.209,NaN,0.0851533333333334,7,1
1011010801,2021-01-16,150.015,1398.2766,9.32091190880912,52.515,40.699,56.801,NaN,0.0813097222222222,7,1
1011010101,2021-01-17,228.991,1196.091,5.22331008642261,108.182,92.033,28.776,NaN,0.102803,1,1
1011010201,2021-01-17,45.21,601.6602,13.3081220968812,17.963,13.95,13.297,NaN,0.14142,1,1
1011010402,2021-01-17,67.482,660.164,9.78281615838298,29.974,18.939,18.569,NaN,0.119747368421053,1,1
1011010501,2021-01-17,24.613,227.127,9.22792833055702,9.344,6.424,8.845,NaN,0.07122,1,1
1011010504,2021-01-17,74.534,1643.2842,22.0474441194623,28.407,23.644,22.483,NaN,0.0851533333333334,1,1
1011010801,2021-01-17,141.492,1245.6994,8.80402708280327,57.869,41.311,42.312,NaN,0.0813097222222222,1,1
1011010101,2021-01-18,167.119,1106.7738,6.62266887666872,77.059,43.743,46.317,NaN,0.102803,2,0
1011010201,2021-01-18,33.17,424.442,12.7959602050045,11.48,7.027,14.663,10,0.14142,2,0
1011010402,2021-01-18,48.095,458.298,9.52901549017569,22.913,11.286,13.896,NaN,0.119747368421053,2,0
1011010501,2021-01-18,10.266,103.836,10.114552893045,3.92,2.186,4.16,NaN,0.07122,2,0
1011010504,2021-01-18,48.166,1024.5664,21.2715691566665,17.106,12.962,18.098,NaN,0.0851533333333334,2,0
1011010801,2021-01-18,72.532,711.6726,9.81184304858545,17.898,16.838,37.796,NaN,0.0813097222222222,2,0
1011010101,2021-01-19,216.055,1039.964,4.81342250815764,89.472,94.61,31.973,NaN,0.102803,3,0
1011010201,2021-01-19,33.818,419.34,12.3999053758354,8.883,9.302,15.633,10,0.14142,3,0
1011010402,2021-01-19,42.265,403.182,9.53938246776293,14.055,6.487,21.723,NaN,0.119747368421053,3,0
1011010501,2021-01-19,9.304,94.225,10.1273645743766,2.616,1.714,4.974,NaN,0.07122,3,0
1011010504,2021-01-19,50.827,1120.584,22.0470222519527,12.868,14.121,23.838,NaN,0.0851533333333334,3,0
1011010801,2021-01-19,74.431,633.9358,8.51709368408324,19.806,24.5,30.125,NaN,0.0813097222222222,3,0
1011010101,2021-01-20,197.824,1148.1551,5.8039221732449,73.317,57.904,66.603,9.1,0.102803,4,0
1011010201,2021-01-20,33.627,436.85,12.9910488595474,11.598,11.029,11,NaN,0.14142,4,0
1011010402,2021-01-20,44.546,431.904,9.69568535895479,16.875,16.824,10.847,NaN,0.119747368421053,4,0
1011010501,2021-01-20,19.321,196.406,10.1654158687439,5.1,5.949,8.272,NaN,0.07122,4,0
1011010504,2021-01-20,51.058,1132.4638,22.1799482940969,18.108,17.981,14.969,NaN,0.0851533333333334,4,0
1011010801,2021-01-20,90.131,844.8264,9.37331661692425,19.505,26.854,43.772,NaN,0.0813097222222222,4,0
1011010101,2021-01-21,219.93,1127.933,5.1286000090938,71.708,47.774,100.448,NaN,0.102803,5,0
1011010201,2021-01-21,27.553,358.742,13.0200704097557,8.728,5.759,13.066,NaN,0.14142,5,0
1011010402,2021-01-21,48.089,463.746,9.64349435421822,19.678,16.41,12.001,NaN,0.119747368421053,5,0
1011010501,2021-01-21,23.411,240.785,10.2851223783691,8.378,4.073,10.96,NaN,0.07122,5,0
1011010504,2021-01-21,57.724,1358.3964,23.5326103527129,20.851,11.609,25.264,NaN,0.0851533333333334,5,0
1011010801,2021-01-21,63.013,584.0122,9.26812245092283,16.237,18.765,28.011,NaN,0.0813097222222222,5,0
1011010101,2021-01-22,218.136,1295.8024,5.94034180511241,72.404,62.778,82.954,NaN,0.102803,6,0
1011010201,2021-01-22,32.636,421.646,12.9196592719696,9.061,8.662,14.913,NaN,0.14142,6,0
1011010402,2021-01-22,48.728,466.808,9.57987194220982,18.595,10.32,19.813,NaN,0.119747368421053,6,0
1011010501,2021-01-22,12.333,112.763,9.14319305927187,3.353,2.956,6.024,NaN,0.07122,6,0
1011010504,2021-01-22,54.45,1152.1048,21.1589494949495,14.888,18.782,20.78,16,0.0851533333333334,6,0
1011010801,2021-01-22,88.796,883.9342,9.95466237217893,23.768,23.133,41.895,NaN,0.0813097222222222,6,0
1011010101,2021-01-23,214.815,1125.9848,5.24164886064753,95.505,66.163,53.147,NaN,0.102803,7,1
1011010201,2021-01-23,48.218,604.244,12.531502758306,18.056,13.11,17.052,NaN,0.14142,7,1
1011010402,2021-01-23,66.893,659.236,9.85508199662147,34.575,13.374,18.944,NaN,0.119747368421053,7,1
1011010501,2021-01-23,20.333,189.317,9.31082476761914,4.888,3.642,11.803,NaN,0.07122,7,1
1011010504,2021-01-23,87.038,1737.4954,19.9624922447667,23.862,16.809,46.367,16,0.0851533333333334,7,1
1011010801,2021-01-23,117.521,1200.526,10.2154168191217,36.044,34.719,46.758,NaN,0.0813097222222222,7,1
1011010101,2021-01-24,350.342,1945.479,5.5530852709638,143.761,133.117,73.464,NaN,0.102803,1,1
1011010201,2021-01-24,56.086,727.484,12.9708661698106,17.456,17.157,21.473,NaN,0.14142,1,1
1011010402,2021-01-24,88.664,864.742,9.75302264729766,40.258,27.791,20.615,NaN,0.119747368421053,1,1
1011010501,2021-01-24,23.807,219.601,9.22421976729533,7.564,8.771,7.472,NaN,0.07122,1,1
1011010504,2021-01-24,99.115,1912.9852,19.3006628663673,33.976,26.525,38.614,16,0.0851533333333334,1,1
1011010801,2021-01-24,127.934,1285.3666,10.0471071020995,49.353,44.336,34.245,NaN,0.0813097222222222,1,1
1011010101,2021-01-25,224.149,1167.54,5.20876738241081,96.07,59.822,68.257,NaN,0.102803,2,0
1011010201,2021-01-25,34.554,408.4852,11.8216472767263,13.605,11.512,9.437,NaN,0.14142,2,0
1011010402,2021-01-25,86.892,853.792,9.82589881692215,36.934,23.058,26.9,NaN,0.119747368421053,2,0
1011010501,2021-01-25,20.041,189.411,9.45117509106332,6.083,7.574,6.384,NaN,0.07122,2,0
1011010504,2021-01-25,68.681,1389.4488,20.2304683973734,25.892,17.032,25.757,NaN,0.0851533333333334,2,0
1011010801,2021-01-25,79.116,888.5816,11.2313767126751,21.35,17.853,39.913,NaN,0.0813097222222222,2,0
1011010101,2021-01-26,215.643,1146.6654,5.31742463237851,59.617,61.321,94.705,NaN,0.102803,3,0
1011010201,2021-01-26,36.857,436.5836,11.8453373850286,8.669,11.451,16.737,NaN,0.14142,3,0
1011010402,2021-01-26,59.222,567.56,9.58360068893317,24.394,15.729,19.099,NaN,0.119747368421053,3,0
1011010501,2021-01-26,16.078,152.34,9.47505908695111,2.336,5.291,8.451,NaN,0.07122,3,0
1011010504,2021-01-26,57.954,1212.6492,20.9243399937882,13.533,13.1,31.321,NaN,0.0851533333333334,3,0
1011010801,2021-01-26,101.362,944.9025,9.32205856238038,34.736,27.761,38.865,19.1,0.0813097222222222,3,0
1011010101,2021-01-27,208.029,1220.949,5.8691288233852,61.681,52.424,93.924,NaN,0.102803,4,0
1011010201,2021-01-27,50.986,539.164,10.5747460087083,18.062,13.141,19.783,NaN,0.14142,4,0
1011010402,2021-01-27,50.075,491.68,9.81887169246131,12.572,17.819,19.684,NaN,0.119747368421053,4,0
1011010501,2021-01-27,11.937,114.045,9.55390801708972,3.375,2.528,6.034,NaN,0.07122,4,0
1011010504,2021-01-27,105.094,1750.9002,16.6603250423431,39.691,29.914,35.489,NaN,0.0851533333333334,4,0
1011010801,2021-01-27,108.756,1086.4284,9.98959505682445,27.295,34.708,46.753,NaN,0.0813097222222222,4,0
1011010101,2021-01-28,160.384,989.4408,6.16919892258579,44.241,36.99,79.153,NaN,0.102803,5,0
1011010201,2021-01-28,47.788,527.25,11.0331045450741,11.88,16.831,19.077,NaN,0.14142,5,0
1011010402,2021-01-28,58.18,578.496,9.94321072533516,14.848,16.805,26.527,NaN,0.119747368421053,5,0
1011010501,2021-01-28,17.792,185.162,10.4070368705036,4.634,2.165,10.993,NaN,0.07122,5,0
1011010504,2021-01-28,70.075,1345.6932,19.2036132714948,18.564,21.83,29.681,NaN,0.0851533333333334,5,0
1011010801,2021-01-28,80.927,838.7324,10.3640614380862,17.389,22.524,41.014,NaN,0.0813097222222222,5,0
1011010101,2021-01-29,151.962,838.3594,5.51690159381951,48.214,37.992,65.756,NaN,0.102803,6,0
1011010201,2021-01-29,56.588,567.098,10.0215239980208,14.144,16.262,26.182,NaN,0.14142,6,0
1011010402,2021-01-29,48.372,465.074,9.61452906640205,16.496,7.63,24.246,NaN,0.119747368421053,6,0
1011010501,2021-01-29,15.072,154.728,10.265923566879,3.068,3.026,8.978,NaN,0.07122,6,0
1011010504,2021-01-29,66.029,1214.8758,18.3991246270578,21.865,14.01,30.154,NaN,0.0851533333333334,6,0
1011010801,2021-01-29,69.324,811.3958,11.7043996307195,17.368,22.318,29.638,NaN,0.0813097222222222,6,0
1011010101,2021-01-30,236.777,1240.2452,5.23803072088928,90.074,70.204,76.499,3.4,0.102803,7,1
1011010201,2021-01-30,63.124,631.24,10,17.438,22.924,22.762,NaN,0.14142,7,1
1011010402,2021-01-30,39.938,390.786,9.78481646552156,16.434,17.763,5.741,NaN,0.119747368421053,7,1
1011010501,2021-01-30,23.084,279.616,12.1129786865361,9.431,4.424,9.229,NaN,0.07122,7,1
1011010504,2021-01-30,91.796,1691.7538,18.4294936598545,37.319,26.451,28.026,NaN,0.0851533333333334,7,1
1011010801,2021-01-30,94.904,1033.2052,10.8868456545562,27.442,32.814,34.648,NaN,0.0813097222222222,7,1
1011010101,2021-01-31,249.269,1405.8184,5.63976427072761,114.589,77.826,56.854,NaN,0.102803,1,1
1011010201,2021-01-31,37.907,379.07,10,14.044,13.239,10.624,NaN,0.14142,1,1
1011010402,2021-01-31,47.573,455.304,9.57063880772707,15.134,12.871,19.568,NaN,0.119747368421053,1,1
1011010501,2021-01-31,24.61,276.77,11.2462413652987,8.282,7.001,9.327,NaN,0.07122,1,1
1011010504,2021-01-31,84.451,1562.9996,18.5077690021433,33.237,21.234,29.98,NaN,0.0851533333333334,1,1
1011010801,2021-01-31,104.054,1160.3586,11.1515040267553,39.603,31.773,32.678,1.4,0.0813097222222222,1,1
1011010101,2021-02-01,181.621,914.8342,5.03705078157262,73.644,40.791,67.186,NaN,0.102803,2,0
1011010201,2021-02-01,25.144,251.44,10,6.746,4.91,13.488,NaN,0.14142,2,0
1011010402,2021-02-01,50.34,467.501,9.28686928883592,20.17,10.275,19.895,NaN,0.119747368421053,2,0
1011010501,2021-02-01,13.664,174.774,12.790837236534,4.177,4.451,5.036,NaN,0.07122,2,0
1011010504,2021-02-01,71.64,1241.2154,17.3257314349525,19.939,23.445,28.256,NaN,0.0851533333333334,2,0
1011010801,2021-02-01,69.564,798.2628,11.4752285664999,24.918,18.419,26.227,9,0.0813097222222222,2,0
1011010101,2021-02-02,193.791,923.6398,4.76616457936643,83.8,46.486,63.505,NaN,0.102803,3,0
1011010201,2021-02-02,41.328,413.28,10,15.305,10.302,15.721,NaN,0.14142,3,0
1011010402,2021-02-02,47.323,427.89,9.04190351414745,26.721,8.725,11.877,NaN,0.119747368421053,3,0
1011010501,2021-02-02,24.133,323.99,13.425185430738,8.582,4.764,10.787,NaN,0.07122,3,0
1011010504,2021-02-02,92.145,1498.7264,16.2648694991589,21.339,31.432,39.374,NaN,0.0851533333333334,3,0
1011010801,2021-02-02,88.048,866.5928,9.84227693985099,29.64,22.549,35.859,NaN,0.0813097222222222,3,0
1011010101,2021-02-03,223.102,980.756,4.39599824295614,65.735,55.033,102.334,3,0.102803,4,0
1011010201,2021-02-03,84.615,697.917,8.24814749157951,29.542,21.998,33.075,NaN,0.14142,4,0
1011010402,2021-02-03,36.091,326.482,9.0460779695769,16.03,6.456,13.605,NaN,0.119747368421053,4,0
1011010501,2021-02-03,14.938,194.198,13.0002677734636,5.692,0.951,8.295,NaN,0.07122,4,0
1011010504,2021-02-03,79.053,1370.2106,17.332809634043,20.976,23.102,34.975,NaN,0.0851533333333334,4,0
1011010801,2021-02-03,91.564,973.4816,10.6317067843257,27.276,21.537,42.751,10,0.0813097222222222,4,0
1011010101,2021-02-04,197.832,1015.608,5.13368919082858,73.813,53.209,70.81,NaN,0.102803,5,0
1011010201,2021-02-04,69.983,580.868,8.3001300315791,31.555,16.053,22.375,NaN,0.14142,5,0
1011010402,2021-02-04,61.4,550.876,8.97192182410424,27.462,22.858,11.08,NaN,0.119747368421053,5,0
1011010501,2021-02-04,27.716,342.54,12.3589262519844,6.203,11.898,9.615,NaN,0.07122,5,0
1011010504,2021-02-04,96.194,1677.4798,17.4385075992266,33.806,30.419,31.969,NaN,0.0851533333333334,5,0
1011010801,2021-02-04,111.069,1187.9912,10.6959745743637,35.79,35.96,39.319,NaN,0.0813097222222222,5,0
1011010101,2021-02-05,194.292,1055.124,5.43060959792477,87.071,49.412,57.809,NaN,0.102803,6,0
1011010201,2021-02-05,58.169,482.492,8.29465866698757,20.255,19.14,18.774,NaN,0.14142,6,0
1011010402,2021-02-05,56.39,545.336,9.67079269374002,21.71,16.581,18.099,NaN,0.119747368421053,6,0
1011010501,2021-02-05,25.906,336.963,13.0071412028102,5.729,10.062,10.115,NaN,0.07122,6,0
1011010504,2021-02-05,124.448,2152.8444,17.2991482386218,37.927,41.761,44.76,NaN,0.0851533333333334,6,0
1011010801,2021-02-05,95.222,1139.6712,11.9685702883787,29.845,19.496,45.881,NaN,0.0813097222222222,6,0
1011010101,2021-02-06,212.817,1042.609,4.89908700902654,87.433,59.074,66.31,NaN,0.102803,7,1
1011010201,2021-02-06,75.497,631.751,8.36789541306277,27.276,20.587,27.634,NaN,0.14142,7,1
1011010402,2021-02-06,55.472,552.268,9.95579751946928,24.25,19.046,12.176,NaN,0.119747368421053,7,1
1011010501,2021-02-06,39.051,474.408,12.1484212952293,14.189,12.943,11.919,NaN,0.07122,7,1
1011010504,2021-02-06,194.842,2739.1974,14.0585571899283,70.238,53.239,71.365,NaN,0.0851533333333334,7,1
1011010801,2021-02-06,119.696,1280.115,10.6947182863254,36.634,41.461,41.601,NaN,0.0813097222222222,7,1
1011010101,2021-02-07,193.778,893.12,4.6089855401542,94.718,46.065,52.995,NaN,0.102803,1,1
1011010201,2021-02-07,53.682,463.148,8.62762192168697,17.203,14.527,21.952,NaN,0.14142,1,1
1011010402,2021-02-07,101.527,1108.601,10.9192727057827,45.199,23.196,33.132,NaN,0.119747368421053,1,1
1011010501,2021-02-07,43.635,579.03,13.2698521828807,13.96,14.71,14.965,NaN,0.07122,1,1
1011010504,2021-02-07,159.904,2691.2368,16.8303281969181,49.548,57.483,52.873,NaN,0.0851533333333334,1,1
1011010801,2021-02-07,147.812,1539.4088,10.4146402186561,40.405,53.105,54.302,NaN,0.0813097222222222,1,1
1011010101,2021-02-08,234.405,1232.6736,5.25873424201702,91.654,67.836,74.915,NaN,0.102803,2,0
1011010201,2021-02-08,122.215,961.794,7.86968866342102,25.75,42.263,54.202,NaN,0.14142,2,0
1011010402,2021-02-08,124.55,1386.664,11.1333922119631,47.946,33.415,43.189,NaN,0.119747368421053,2,0
1011010501,2021-02-08,58.326,775.564,13.2970544868498,10.854,18.332,29.14,NaN,0.07122,2,0
1011010504,2021-02-08,289.227,4716.9014,16.3086482244051,91.643,98.606,98.978,NaN,0.0851533333333334,2,0
1011010801,2021-02-08,240.205,2369.981,9.86649320372182,79.841,83.644,76.72,NaN,0.0813097222222222,2,0
1011010101,2021-02-09,282.558,1807.89,6.39829698681333,89.548,88.552,104.458,NaN,0.102803,3,0
1011010201,2021-02-09,139.056,1149.585,8.26706506731101,31.832,46.352,60.872,NaN,0.14142,3,0
1011010402,2021-02-09,211.431,2786.782,13.1805742771874,81.951,63.929,65.551,NaN,0.119747368421053,3,0
1011010501,2021-02-09,87.912,1080.738,12.293407043407,29.075,22.045,36.792,NaN,0.07122,3,0
1011010504,2021-02-09,423.696,8576.8816,20.2430081945546,126.788,138.943,157.965,NaN,0.0851533333333334,3,0
1011010801,2021-02-09,326.993,3373.5314,10.3168306355182,109.021,108.035,109.937,NaN,0.0813097222222222,3,0
1011010101,2021-02-10,503.976,3640.722,7.2239987618458,210.301,151.604,142.071,NaN,0.102803,4,0
1011010201,2021-02-10,167.055,1508.258,9.02851156804645,73.97,48.289,44.796,NaN,0.14142,4,0
1011010402,2021-02-10,296.792,4272.252,14.3947680530473,134.887,91.012,70.893,NaN,0.119747368421053,4,0
1011010501,2021-02-10,118.931,1433.7474,12.0552875196543,43.754,36.28,38.897,NaN,0.07122,4,0
1011010504,2021-02-10,505.888,12406.8506,24.5248960244165,192.493,145.589,167.806,NaN,0.0851533333333334,4,0
1011010801,2021-02-10,511.136,5487.0608,10.7350309897953,245.051,138.663,127.422,NaN,0.0813097222222222,4,0
1011010101,2021-02-13,243.485,1814.1526,7.45077766597532,108.248,84.746,50.491,NaN,0.102803,7,1
1011010201,2021-02-13,22.759,182.072,8,3.384,9.512,9.863,NaN,0.14142,7,1
1011010402,2021-02-13,50,645,12.9,28,21,1,NaN,0.119747368421053,7,1
1011010501,2021-02-13,28.967,347.604,12,12.53,10.46,5.977,NaN,0.07122,7,1
1011010504,2021-02-13,104.485,2624.4228,25.1176991912715,44.118,33.813,26.554,NaN,0.0851533333333334,7,1
1011010801,2021-02-13,74.519,923.1536,12.3881640923791,30.184,27.227,17.108,19.8,0.0813097222222222,7,1
1011010101,2021-02-14,195.74,1281.958,6.54928987432308,75.994,63.151,56.595,5.75974485618446,0.102803,1,1
1011010201,2021-02-14,16.607,138.567,8.34389113024628,1.066,9.904,5.637,7,0.14142,1,1
1011010402,2021-02-14,65.073,927.064,14.2465231355555,28.428,18.558,18.087,14,0.119747368421053,1,1
1011010501,2021-02-14,25.06,300.72,12,7.705,6.878,10.477,NaN,0.07122,1,1
1011010504,2021-02-14,116.812,2878.0942,24.6386860938945,35.742,37.798,43.272,12.9219928914386,0.0851533333333334,1,1
1011010801,2021-02-14,164.586,1306.5456,7.93837628959936,70.181,48.83,45.575,NaN,0.0813097222222222,1,1
1011010101,2021-02-15,300.13,1664.2622,5.54513777363143,103.648,128.078,68.404,6.8,0.102803,2,0
1011010201,2021-02-15,41.123,327.813,7.97152445103713,16.835,11.375,12.913,NaN,0.14142,2,0
1011010402,2021-02-15,68.394,948.224,13.8641401292511,41.209,25.154,2.031,NaN,0.119747368421053,2,0
1011010501,2021-02-15,39.655,475.86,12,12.866,14.974,11.815,NaN,0.07122,2,0
1011010504,2021-02-15,168.272,3213.7122,19.0983181991062,55.751,67.432,45.089,NaN,0.0851533333333334,2,0
1011010801,2021-02-15,212.364,1832.8408,8.63065679682055,68.602,90.541,53.221,NaN,0.0813097222222222,2,0
1011010101,2021-02-16,253.696,1518.1286,5.98404626009082,99.829,85.197,68.67,NaN,0.102803,3,0
1011010201,2021-02-16,40.493,337.344,8.33092139382115,15.583,17.531,7.379,NaN,0.14142,3,0
1011010402,2021-02-16,67.819,949.466,14,32.134,18.89,16.795,NaN,0.119747368421053,3,0
1011010501,2021-02-16,31.647,379.764,12,11.276,11.346,9.025,NaN,0.07122,3,0
1011010504,2021-02-16,151.649,2974.4028,19.6137317094079,50.576,47.986,53.087,NaN,0.0851533333333334,3,0
1011010801,2021-02-16,174.61,1462.5614,8.3761605864498,55.774,67.621,51.215,NaN,0.0813097222222222,3,0
1011010101,2021-02-17,180.052,943.6824,5.24116588541088,79.321,50.049,50.682,NaN,0.102803,4,0
1011010201,2021-02-17,33.589,255.793,7.61538003513055,17.723,13.694,2.172,NaN,0.14142,4,0
1011010402,2021-02-17,53.632,643.584,12,27.729,22.489,3.414,NaN,0.119747368421053,4,0
1011010501,2021-02-17,30.358,364.296,12,9.058,12.61,8.69,NaN,0.07122,4,0
1011010504,2021-02-17,133.646,2373.1406,17.7569145354144,46.923,45.677,41.046,NaN,0.0851533333333334,4,0
1011010801,2021-02-17,144.793,1420.0274,9.80729317024994,56.522,35.97,52.301,NaN,0.0813097222222222,4,0
1011010101,2021-02-18,227.336,1299.145,5.71464704226343,76.107,69.951,81.278,NaN,0.102803,5,0
1011010201,2021-02-18,56.001,366.756,6.54909733754754,23.913,17.994,14.094,NaN,0.14142,5,0
1011010402,2021-02-18,62.327,747.924,12,30.91,17.676,13.741,NaN,0.119747368421053,5,0
1011010501,2021-02-18,18.17,218.04,12,8.114,5.524,4.532,NaN,0.07122,5,0
1011010504,2021-02-18,105.697,1851.734,17.5192673396596,45.637,34.575,25.485,NaN,0.0851533333333334,5,0
1011010801,2021-02-18,130.174,1222.3284,9.38995805614024,43.622,40.769,45.783,NaN,0.0813097222222222,5,0
1011010101,2021-02-19,184.169,994.0222,5.39733722830661,61.993,57.455,64.721,NaN,0.102803,6,0
1011010201,2021-02-19,47.197,285.229,6.04337140072462,15.518,14.763,16.916,NaN,0.14142,6,0
1011010402,2021-02-19,73.044,693.03,9.48784294397897,18.267,24.476,30.301,3.62540565600371,0.119747368421053,6,0
1011010501,2021-02-19,13.769,160.8572,11.6825622775801,4.364,6.148,3.257,NaN,0.07122,6,0
1011010504,2021-02-19,116.07,1255.0168,10.8125855087447,45.861,44.347,25.862,NaN,0.0851533333333334,6,0
1011010801,2021-02-19,92.327,785.2096,8.50465844227582,24.774,33.808,33.745,NaN,0.0813097222222222,6,0
1011010101,2021-02-20,175.262,1075.3956,6.13593134849539,65.228,46.377,63.657,NaN,0.102803,7,1
1011010201,2021-02-20,39.445,255.507,6.47755102040816,11.971,11.723,15.751,NaN,0.14142,7,1
1011010402,2021-02-20,60.612,726.5,11.9860753646143,23.531,12.994,24.087,NaN,0.119747368421053,7,1
1011010501,2021-02-20,21.798,238.3638,10.9351224883017,7.218,3.316,11.264,NaN,0.07122,7,1
1011010504,2021-02-20,119.306,1420.9138,11.9098268318442,36.266,28.942,54.098,NaN,0.0851533333333334,7,1
1011010801,2021-02-20,88.794,827.3514,9.31764984120549,23.187,36.874,28.733,NaN,0.0813097222222222,7,1
1011010101,2021-02-21,144.855,896.6858,6.19023023023023,60.17,46.201,38.484,NaN,0.102803,1,1
1011010201,2021-02-21,35.248,246.917,7.00513504312301,14.028,10.278,10.942,NaN,0.14142,1,1
1011010402,2021-02-21,38.554,465.296,12.0686828863412,16.979,15.114,6.461,NaN,0.119747368421053,1,1
1011010501,2021-02-21,33.803,346.29,10.2443570097329,12.755,9.136,11.912,NaN,0.07122,1,1
1011010504,2021-02-21,80.423,1066.6534,13.263039180334,32.881,23.511,24.031,NaN,0.0851533333333334,1,1
1011010801,2021-02-21,79.403,718.7456,9.05186957671625,23.86,27.982,27.561,NaN,0.0813097222222222,1,1
1011010101,2021-02-22,139.491,753.278,5.40019069330638,58.096,31.581,49.814,NaN,0.102803,2,0
1011010201,2021-02-22,30.813,193.84,6.29085126407685,11.273,9.785,9.755,NaN,0.14142,2,0
1011010402,2021-02-22,40.444,418.94,10.3585204233014,21.802,10.579,8.063,NaN,0.119747368421053,2,0
1011010501,2021-02-22,15.47,151.6384,9.80209437621203,4.22,4.221,7.029,NaN,0.07122,2,0
1011010504,2021-02-22,72.834,973.7256,13.3691078342532,17.405,24.89,30.539,NaN,0.0851533333333334,2,0
1011010801,2021-02-22,66.554,584.538,8.78291312317817,22.236,17.166,27.152,NaN,0.0813097222222222,2,0
1011010101,2021-02-23,136.05,814.9998,5.99044321940463,58.476,40.111,37.463,NaN,0.102803,3,0
1011010201,2021-02-23,24.456,153.632,6.28197579326137,10.562,9.046,4.848,NaN,0.14142,3,0
1011010402,2021-02-23,44.084,507.54,11.513020597042,22.767,4.046,17.271,NaN,0.119747368421053,3,0
1011010501,2021-02-23,25.429,252.323,9.92264737111173,7.423,8.789,9.217,NaN,0.07122,3,0
1011010504,2021-02-23,85.425,865.8902,10.1362622183202,31.683,23.422,30.32,NaN,0.0851533333333334,3,0
1011010801,2021-02-23,77.586,619.4122,7.98355631170572,22.491,25.104,29.991,NaN,0.0813097222222222,3,0
1011010101,2021-02-24,190.158,959.482,5.04570935748167,53.202,52.929,84.027,NaN,0.102803,4,0
1011010201,2021-02-24,37.41,224.46,6,20.738,12.726,3.946,NaN,0.14142,4,0
1011010402,2021-02-24,54.382,587.32,10.7998970247508,17.383,16.944,20.055,NaN,0.119747368421053,4,0
1011010501,2021-02-24,22.668,207.287,9.14447679548262,2.2,6.372,14.096,NaN,0.07122,4,0
1011010504,2021-02-24,60.043,684.9318,11.4073547291108,26.41,16.73,16.903,NaN,0.0851533333333334,4,0
1011010801,2021-02-24,88.233,771.2396,8.74094273117768,17.786,22.831,47.616,NaN,0.0813097222222222,4,0
1011010101,2021-02-25,156.613,867.957,5.54204951057703,56.152,52.193,48.268,NaN,0.102803,5,0
1011010201,2021-02-25,39.885,239.31,6,19.266,9.415,11.204,NaN,0.14142,5,0
1011010402,2021-02-25,74.027,856.6824,11.5725667661799,29.168,20.529,24.33,NaN,0.119747368421053,5,0
1011010501,2021-02-25,34.618,293.604,8.48125252758681,10.247,10.421,13.95,NaN,0.07122,5,0
1011010504,2021-02-25,100.118,926.398,9.25306138756268,35.23,30.842,34.046,NaN,0.0851533333333334,5,0
1011010801,2021-02-25,110.557,849.2956,7.68197038631656,35.231,24.447,50.879,NaN,0.0813097222222222,5,0
1011010101,2021-02-26,276.322,1512.9768,5.4754120193108,100.13,86.326,89.866,NaN,0.102803,6,0
1011010201,2021-02-26,70.064,490.668,7.00313998629824,23.527,25.831,20.706,NaN,0.14142,6,0
1011010402,2021-02-26,72.508,829.48,11.4398411209798,41.414,12.791,18.303,NaN,0.119747368421053,6,0
1011010501,2021-02-26,31.286,280.036,8.95084063159241,8.507,12.626,10.153,NaN,0.07122,6,0
1011010504,2021-02-26,135.777,1269.97,9.35335145127673,49.326,46.234,40.217,NaN,0.0851533333333334,6,0
1011010801,2021-02-26,159.095,1245.3274,7.82757094817562,54.405,59.233,45.457,3.8,0.0813097222222222,6,0
1011010101,2021-02-27,218.04,1185.838,5.43862594019446,73.59,64.672,79.778,NaN,0.102803,7,1
1011010201,2021-02-27,74.704,577.005,7.72388359391733,25.924,22.864,25.916,NaN,0.14142,7,1
1011010402,2021-02-27,45.651,494.21,10.8258307594576,14.117,20.131,11.403,NaN,0.119747368421053,7,1
1011010501,2021-02-27,22.579,186.376,8.25439567739935,10.397,8.021,4.161,NaN,0.07122,7,1
1011010504,2021-02-27,122.322,1106.2048,9.04338385572506,39.426,42.209,40.687,NaN,0.0851533333333334,7,1
1011010801,2021-02-27,116.814,921.104,7.88521923742017,34.523,31.62,50.671,NaN,0.0813097222222222,7,1
1011010101,2021-02-28,309.688,1454.2618,4.69589328614606,93.519,77.659,138.51,NaN,0.102803,1,1
1011010201,2021-02-28,54.673,410.4034,7.50650961169133,20.022,18.004,16.647,NaN,0.14142,1,1
1011010402,2021-02-28,49.705,495.15,9.96177446936928,25.473,11.832,12.4,NaN,0.119747368421053,1,1
1011010501,2021-02-28,27.705,252.252,9.10492690850027,6.691,9.149,11.865,NaN,0.07122,1,1
1011010504,2021-02-28,114.677,1061.4208,9.2557426510983,47.626,30.382,36.669,NaN,0.0851533333333334,1,1
1011010801,2021-02-28,111.764,851.8354,7.62173329515765,40.7,31.045,40.019,NaN,0.0813097222222222,1,1
1011010101,2021-03-01,241.709,1334.866,5.52261603829398,111.973,45.428,84.308,NaN,0.102803,2,0
1011010201,2021-03-01,28.579,230.27,8.05731481157493,6.18,6.459,15.94,NaN,0.14142,2,0
1011010402,2021-03-01,29.048,289.98,9.98278711098871,11.918,6.862,10.268,NaN,0.119747368421053,2,0
1011010501,2021-03-01,27.232,226.776,8.32755581668625,6.738,9.085,11.409,NaN,0.07122,2,0
1011010504,2021-03-01,97.068,809.952,8.34417109655087,25.459,30.354,41.255,NaN,0.0851533333333334,2,0
1011010801,2021-03-01,79.404,653.6788,8.23231575235504,23.302,20.537,35.565,NaN,0.0813097222222222,2,0
1011010101,2021-03-02,182.984,1158.5064,6.33118961220653,66.22,49.035,67.729,NaN,0.102803,3,0
1011010201,2021-03-02,40.61,330.168,8.13021423294755,10.537,11.794,18.279,NaN,0.14142,3,0
1011010402,2021-03-02,46.406,461.56,9.94612765590656,10.019,20.077,16.31,NaN,0.119747368421053,3,0
1011010501,2021-03-02,16.541,132.84,8.03095338854966,4.31,3.897,8.334,NaN,0.07122,3,0
1011010504,2021-03-02,83.363,729.2652,8.74806808776076,20.849,22.362,40.152,NaN,0.0851533333333334,3,0
1011010801,2021-03-02,62.044,549.2722,8.85294629617691,18.682,17.533,25.829,NaN,0.0813097222222222,3,0
1011010101,2021-03-03,186.008,1202.33,6.46386176938627,59.257,41.556,85.195,NaN,0.102803,4,0
1011010201,2021-03-03,22.01,186.7806,8.48616992276238,5.909,6.706,9.395,NaN,0.14142,4,0
1011010402,2021-03-03,20.757,206.27,9.93737052560582,9.439,4.995,6.323,NaN,0.119747368421053,4,0
1011010501,2021-03-03,23.654,220.226,9.31030692483301,10.397,3.298,9.959,NaN,0.07122,4,0
1011010504,2021-03-03,80.749,733.8636,9.08820666509802,20.28,24.891,35.578,NaN,0.0851533333333334,4,0
1011010801,2021-03-03,71.027,526.704,7.41554620074056,22.774,18.556,29.697,NaN,0.0813097222222222,4,0
1011010101,2021-03-04,145.281,826.6526,5.6900255367185,49.193,51.104,44.984,NaN,0.102803,5,0
1011010201,2021-03-04,18.952,157.2054,8.29492401857324,7.522,4.214,7.216,NaN,0.14142,5,0
1011010402,2021-03-04,28.177,280.77,9.96451006139759,6.83,9.542,11.805,NaN,0.119747368421053,5,0
1011010501,2021-03-04,20.344,175.227,8.61320290994888,5.317,4.817,10.21,NaN,0.07122,5,0
1011010504,2021-03-04,93.076,586.6376,6.30278052344321,26.899,29.27,36.907,NaN,0.0851533333333334,5,0
1011010801,2021-03-04,72.465,518.853,7.16004967915546,18.263,21.751,32.451,NaN,0.0813097222222222,5,0
1011010101,2021-03-05,211.185,1031.8946,4.88621161540829,67.599,52.002,91.584,NaN,0.102803,6,0
1011010201,2021-03-05,41.955,344.398,8.20874746752473,9.771,14.696,17.488,NaN,0.14142,6,0
1011010402,2021-03-05,35.138,349.68,9.95161932950083,10.655,9.522,14.961,NaN,0.119747368421053,6,0
1011010501,2021-03-05,22.986,183.888,8,5.227,4.875,12.884,NaN,0.07122,6,0
1011010504,2021-03-05,101.498,751.276,7.40187983999685,32.152,29.991,39.355,NaN,0.0851533333333334,6,0
1011010801,2021-03-05,82.585,663.894,8.03891747896107,20.656,20.353,41.576,NaN,0.0813097222222222,6,0
1011010101,2021-03-06,288.817,1462.1032,5.06238621687782,120.166,63.576,105.075,NaN,0.102803,7,1
1011010201,2021-03-06,64.332,527.4452,8.19879997512902,25.207,16.919,22.206,NaN,0.14142,7,1
1011010402,2021-03-06,61.735,613.85,9.94330606625091,38.107,8.275,15.353,NaN,0.119747368421053,7,1
1011010501,2021-03-06,38.176,305.408,8,11.531,12.03,14.615,NaN,0.07122,7,1
1011010504,2021-03-06,167.583,1248.37,7.44926394682038,52.509,47.359,67.715,NaN,0.0851533333333334,7,1
1011010801,2021-03-06,151.214,1130.87,7.47860647823614,47.887,48.531,54.796,NaN,0.0813097222222222,7,1
1011010101,2021-03-07,264.314,1197.7832,4.53166763773391,111.129,66.701,86.484,4,0.102803,1,1
1011010201,2021-03-07,84.586,561.3356,6.63627077767007,28.005,27.01,29.571,NaN,0.14142,1,1
1011010402,2021-03-07,36.889,367.89,9.97289164791673,19.93,7.294,9.665,NaN,0.119747368421053,1,1
1011010501,2021-03-07,26.748,236.948,8.85853147898908,6.526,8.345,11.877,NaN,0.07122,1,1
1011010504,2021-03-07,122.568,956.1306,7.80081750538477,38.119,42.011,42.438,NaN,0.0851533333333334,1,1
1011010801,2021-03-07,125.428,891.062,7.10417131740919,50.417,43.475,31.536,NaN,0.0813097222222222,1,1
1011010101,2021-03-08,211.746,1129.3342,5.33343817592776,62.992,63.041,85.713,NaN,0.102803,2,0
1011010201,2021-03-08,45.65,323.4144,7.08465279299014,9.136,12.847,23.667,NaN,0.14142,2,0
1011010402,2021-03-08,26.921,268.91,9.98885628319899,12.046,10.388,4.487,NaN,0.119747368421053,2,0
1011010501,2021-03-08,19.815,177.407,8.95316679283371,6.069,7.395,6.351,NaN,0.07122,2,0
1011010504,2021-03-08,80.399,582.7694,7.24846577693753,23.043,22.381,34.975,NaN,0.0851533333333334,2,0
1011010801,2021-03-08,78.721,646.064,8.20700956542727,18.581,29.394,30.746,NaN,0.0813097222222222,2,0
1011010101,2021-03-09,170.907,914.3914,5.35022790172433,74.984,35.115,60.808,NaN,0.102803,3,0
1011010201,2021-03-09,34.073,241.632,7.09159745252839,7.252,9.742,17.079,NaN,0.14142,3,0
1011010402,2021-03-09,42.608,389.864,9.15001877581675,13.552,15.333,13.723,NaN,0.119747368421053,3,0
1011010501,2021-03-09,20.838,182.706,8.76792398502735,4.8,6.648,9.39,NaN,0.07122,3,0
1011010504,2021-03-09,66.895,590.8882,8.83306973615367,22.257,19.599,25.039,NaN,0.0851533333333334,3,0
1011010801,2021-03-09,143.511,655.206,4.56554549825449,45.231,40.21,58.07,NaN,0.0813097222222222,3,0
1011010101,2021-03-10,119.599,674.7836,5.64205051881705,39.448,42.425,37.726,NaN,0.102803,4,0
1011010201,2021-03-10,25.101,197.311,7.86068284132106,6.175,10.95,7.976,NaN,0.14142,4,0
1011010402,2021-03-10,24.891,199.128,8,11.205,6.48,7.206,NaN,0.119747368421053,4,0
1011010501,2021-03-10,14.35,114.8,8,3.271,3.71,7.369,NaN,0.07122,4,0
1011010504,2021-03-10,59.548,483.2532,8.11535567945187,18.381,13.974,27.193,NaN,0.0851533333333334,4,0
1011010801,2021-03-10,91.994,518.711,5.63853077374611,24.559,21.604,45.831,NaN,0.0813097222222222,4,0
1011010101,2021-03-11,158.357,963.002,6.08120891403601,58.82,32.28,67.257,NaN,0.102803,5,0
1011010201,2021-03-11,30.749,257.843,8.38541090767179,14.209,10.289,6.251,NaN,0.14142,5,0
1011010402,2021-03-11,31.801,288.3406,9.06702933870004,13.968,6.2,11.633,NaN,0.119747368421053,5,0
1011010501,2021-03-11,16.37,147.043,8.98246792913867,5.686,5.062,5.622,NaN,0.07122,5,0
1011010504,2021-03-11,57.357,495.2164,8.63393134229475,12.218,13.342,31.797,NaN,0.0851533333333334,5,0
1011010801,2021-03-11,75.477,551.5098,7.30699153384475,26.43,17.79,31.257,NaN,0.0813097222222222,5,0
1011010101,2021-03-12,152.44,975.3532,6.39827604303332,53.553,41.68,57.207,NaN,0.102803,6,0
1011010201,2021-03-12,31.282,267.604,8.55456812224282,9.49,7.579,14.213,NaN,0.14142,6,0
1011010402,2021-03-12,21.764,183.912,8.45028487410403,8.984,5.464,7.316,NaN,0.119747368421053,6,0
1011010501,2021-03-12,23.836,214.491,8.99861553952005,9.441,2.964,11.431,NaN,0.07122,6,0
1011010504,2021-03-12,102.131,695.681,6.81165366049485,30.773,31.083,40.275,NaN,0.0851533333333334,6,0
1011010801,2021-03-12,84.232,665.9982,7.9067124133346,14.689,23.856,45.687,NaN,0.0813097222222222,6,0
1011010101,2021-03-13,169.055,1138.2034,6.73274023246872,79.242,39.895,49.918,NaN,0.102803,7,1
1011010201,2021-03-13,43.017,381.088,8.8590092289095,16.692,11.02,15.305,NaN,0.14142,7,1
1011010402,2021-03-13,47.086,517.26,10.9854309136474,14.105,19.297,13.684,NaN,0.119747368421053,7,1
1011010501,2021-03-13,26.434,235.261,8.89993947189226,9.003,7.841,9.59,NaN,0.07122,7,1
1011010504,2021-03-13,104.089,817.1816,7.85079691417921,46.74,31.63,25.719,NaN,0.0851533333333334,7,1
1011010801,2021-03-13,101.865,707.574,6.94619349138566,30.89,22.444,48.531,NaN,0.0813097222222222,7,1
1011010101,2021-03-14,176.032,1191.3326,6.76770473550263,83.223,57.062,35.747,NaN,0.102803,1,1
1011010201,2021-03-14,41.13,376.356,9.15040116703136,10.038,16.328,14.764,NaN,0.14142,1,1
1011010402,2021-03-14,30.295,329.05,10.8615283050008,13.631,11.13,5.534,NaN,0.119747368421053,1,1
1011010501,2021-03-14,17.721,164.07,9.25850685627222,5.628,3.228,8.865,NaN,0.07122,1,1
1011010504,2021-03-14,117.089,711.196,6.07397791423618,39.122,34.175,43.792,NaN,0.0851533333333334,1,1
1011010801,2021-03-14,75.95,535,7.04410796576695,28.368,25.49,22.092,NaN,0.0813097222222222,1,1
1011010101,2021-03-15,90.812,628.476,6.92062722988152,26.801,25.601,38.41,NaN,0.102803,2,0
1011010201,2021-03-15,28.603,249.538,8.72418977030381,5.681,8.909,14.013,NaN,0.14142,2,0
1011010402,2021-03-15,22.597,240.47,10.6416780988627,11.023,4.85,6.724,NaN,0.119747368421053,2,0
1011010501,2021-03-15,13.658,109.264,8,2.794,2.506,8.358,NaN,0.07122,2,0
1011010504,2021-03-15,85.656,492.0996,5.74506864667974,26.469,19.039,40.148,NaN,0.0851533333333334,2,0
1011010801,2021-03-15,40.423,263.0578,6.50762684610247,11.021,8.827,20.575,NaN,0.0813097222222222,2,0
1011010101,2021-03-16,100.121,629.4896,6.28728838105892,26.742,34.631,38.748,NaN,0.102803,3,0
1011010201,2021-03-16,19.792,171.139,8.64687752627324,6.683,4.339,8.77,NaN,0.14142,3,0
1011010402,2021-03-16,19.772,209.32,10.5866882460044,9.325,3.896,6.551,NaN,0.119747368421053,3,0
1011010501,2021-03-16,13.577,110.688,8.15261103336525,3.132,3.965,6.48,NaN,0.07122,3,0
1011010504,2021-03-16,72.126,409.8922,5.68300196877686,29.112,20.56,22.454,NaN,0.0851533333333334,3,0
1011010801,2021-03-16,44.844,318.8598,7.11042279903666,15.676,11.802,17.366,NaN,0.0813097222222222,3,0
1011010101,2021-03-17,107.653,699.0722,6.49375493483693,34.821,35.097,37.735,NaN,0.102803,4,0
1011010201,2021-03-17,29.326,267.166,9.11020937052445,8.291,8.19,12.845,NaN,0.14142,4,0
1011010402,2021-03-17,19.493,214.234,10.9903042117683,4.511,6.924,8.058,NaN,0.119747368421053,4,0
1011010501,2021-03-17,19.313,154.504,8,5.877,5.302,8.134,NaN,0.07122,4,0
1011010504,2021-03-17,83.755,635.9838,7.59338308160707,26.438,25.536,31.781,NaN,0.0851533333333334,4,0
1011010801,2021-03-17,44.029,400.6696,9.10012946012855,9.345,13.536,21.148,NaN,0.0813097222222222,4,0
1011010101,2021-03-18,128.058,852.0296,6.65346639803839,37.586,41.323,49.149,NaN,0.102803,5,0
1011010201,2021-03-18,29.081,239.657,8.24101647123551,8.656,8.353,12.072,NaN,0.14142,5,0
1011010402,2021-03-18,20.852,223.02,10.6953769422597,6.501,4.537,9.814,NaN,0.119747368421053,5,0
1011010501,2021-03-18,11.866,97.86,8.24709253328839,3.297,2.302,6.267,NaN,0.07122,5,0
1011010504,2021-03-18,73.733,507.1216,6.87781047834755,16.88,21.957,34.896,NaN,0.0851533333333334,5,0
1011010801,2021-03-18,65.501,462.69,7.06386162043328,15.685,17.832,31.984,NaN,0.0813097222222222,5,0
1011010101,2021-03-19,140.893,813.718,5.77543242034735,51.171,38.062,51.66,NaN,0.102803,6,0
1011010201,2021-03-19,42.902,315.692,7.35844482774696,13.644,15.852,13.406,NaN,0.14142,6,0
1011010402,2021-03-19,39.292,439.32,11.1809019647765,15.803,14.718,8.771,NaN,0.119747368421053,6,0
1011010501,2021-03-19,16.235,133.534,8.2250692947336,4.841,4.852,6.542,NaN,0.07122,6,0
1011010504,2021-03-19,67.509,526.0152,7.79177887392792,17.967,20.202,29.34,NaN,0.0851533333333334,6,0
1011010801,2021-03-19,69.141,624.0002,9.0250386890557,22.315,24.064,22.762,NaN,0.0813097222222222,6,0
1011010101,2021-03-20,267.979,1811.3624,6.75934457550778,110.443,62.795,94.741,NaN,0.102803,7,1
1011010201,2021-03-20,34.377,289.518,8.4218518195305,16.421,10.706,7.25,NaN,0.14142,7,1
1011010402,2021-03-20,39.984,458.16,11.4585834333734,19.789,11.289,8.906,NaN,0.119747368421053,7,1
1011010501,2021-03-20,21.477,190.952,8.89099967406993,12.359,6.67,2.448,NaN,0.07122,7,1
1011010504,2021-03-20,117.89,812.0966,6.88859614895241,43.471,35.241,39.178,NaN,0.0851533333333334,7,1
1011010801,2021-03-20,77.235,668.4632,8.65492587557454,30.855,29.227,17.153,NaN,0.0813097222222222,7,1
1011010101,2021-03-21,199.712,1261.989,6.31904442397052,71.869,63.933,63.91,NaN,0.102803,1,1
1011010201,2021-03-21,51.413,394.756,7.67813588003034,12.699,23.686,15.028,NaN,0.14142,1,1
1011010402,2021-03-21,41.705,455.178,10.914230907565,17.09,14.193,10.422,NaN,0.119747368421053,1,1
1011010501,2021-03-21,17.949,151.954,8.46587553624157,11.032,4.553,2.364,NaN,0.07122,1,1
1011010504,2021-03-21,112.176,725.9604,6.47161959777493,36.835,29.568,45.773,NaN,0.0851533333333334,1,1
1011010801,2021-03-21,94.838,716.3892,7.55382019865455,38.765,37.737,18.336,NaN,0.0813097222222222,1,1
1011010101,2021-03-22,115.022,789.3078,6.86223331188816,36.476,29.023,49.523,NaN,0.102803,2,0
1011010201,2021-03-22,30.625,266.1004,8.68899265306122,7.82,11.263,11.542,NaN,0.14142,2,0
1011010402,2021-03-22,10.113,113.974,11.2700484524869,3.571,1.784,4.758,NaN,0.119747368421053,2,0
1011010501,2021-03-22,11.561,96.358,8.33474612922758,1.539,2.783,7.239,NaN,0.07122,2,0
1011010504,2021-03-22,70.689,416.6514,5.89414760429487,18.699,20.55,31.44,3.8,0.0851533333333334,2,0
1011010801,2021-03-22,50.802,437.5874,8.61358607928822,13.463,13.36,23.979,13.6,0.0813097222222222,2,0
1011010101,2021-03-23,134.706,801.274,5.94831707570561,35.759,44.029,54.918,NaN,0.102803,3,0
1011010201,2021-03-23,28.634,258.62,9.03192009499197,12.33,8.322,7.982,NaN,0.14142,3,0
1011010402,2021-03-23,13.349,144.41,10.8180388044048,6.083,2.958,4.308,NaN,0.119747368421053,3,0
1011010501,2021-03-23,19.312,162.106,8.39405550952775,8.058,4.8,6.454,NaN,0.07122,3,0
1011010504,2021-03-23,66.931,442.886,6.61705338333508,22.751,10.85,33.33,NaN,0.0851533333333334,3,0
1011010801,2021-03-23,48.174,385.9092,8.01073608170382,13.63,8.467,26.077,NaN,0.0813097222222222,3,0
1011010101,2021-03-24,103.505,704.0186,6.80178348872035,37.277,27.562,38.666,NaN,0.102803,4,0
1011010201,2021-03-24,27.331,239.982,8.78057882990012,10.769,7.606,8.956,NaN,0.14142,4,0
1011010402,2021-03-24,14.013,151.254,10.7938342967245,4.72,4.327,4.966,NaN,0.119747368421053,4,0
1011010501,2021-03-24,15.113,125.694,8.31694567590816,6.716,2.444,5.953,NaN,0.07122,4,0
1011010504,2021-03-24,42.484,330.2934,7.77453629601732,16.632,6.29,19.562,NaN,0.0851533333333334,4,0
1011010801,2021-03-24,35.583,342.9976,9.63936711350926,9.201,15.249,11.133,NaN,0.0813097222222222,4,0
1011010101,2021-03-25,86.632,650.141,7.50462877458676,34.518,22.945,29.169,NaN,0.102803,5,0
1011010201,2021-03-25,25.174,222.566,8.84110590291571,11.311,6.32,7.543,NaN,0.14142,5,0
1011010402,2021-03-25,15.827,172.666,10.9095848865862,4.737,6.393,4.697,NaN,0.119747368421053,5,0
1011010501,2021-03-25,14.621,129.514,8.85808084262362,2.559,1.065,10.997,NaN,0.07122,5,0
1011010504,2021-03-25,50.798,408.7842,8.04724989172802,14.901,16.496,19.401,NaN,0.0851533333333334,5,0
1011010801,2021-03-25,46.89,416.565,8.88387715930902,20.825,10.206,15.859,NaN,0.0813097222222222,5,0
1011010101,2021-03-26,167.327,1299.9608,7.76898408505501,59.87,45.207,62.25,2,0.102803,6,0
1011010201,2021-03-26,48.956,453.628,9.26603480676526,14.849,10.665,23.442,NaN,0.14142,6,0
1011010402,2021-03-26,40.178,442.704,11.0185673751804,18.47,8.568,13.14,NaN,0.119747368421053,6,0
1011010501,2021-03-26,21.313,182.158,8.54680242105757,4.702,3.795,12.816,NaN,0.07122,6,0
1011010504,2021-03-26,60.937,479.4946,7.86869389697557,20.118,18.64,22.179,NaN,0.0851533333333334,6,0
1011010801,2021-03-26,83.562,618.2998,7.39929393743568,19.025,26.421,38.116,15.7283121787475,0.0813097222222222,6,0
1011010101,2021-03-27,199.727,1471.48,7.36745657822928,91.828,49.881,58.018,8,0.102803,7,1
1011010201,2021-03-27,51.805,508.622,9.81800984460959,22.54,12.244,17.021,NaN,0.14142,7,1
1011010402,2021-03-27,43.191,489.498,11.3333333333333,26.588,6.16,10.443,NaN,0.119747368421053,7,1
1011010501,2021-03-27,26.111,216.366,8.28639270805408,12.284,6.23,7.597,NaN,0.07122,7,1
1011010504,2021-03-27,78.794,698.8318,8.86909916998756,25.393,14.108,39.293,NaN,0.0851533333333334,7,1
1011010801,2021-03-27,69.658,523.5428,7.51590341382182,30.451,16.689,22.518,12.9472378216012,0.0813097222222222,7,1
1011010101,2021-03-28,161.164,1238.1616,7.68261894715941,58.326,44.556,58.282,NaN,0.102803,1,1
1011010201,2021-03-28,50.119,482.324,9.62357588938327,14.73,11.741,23.648,NaN,0.14142,1,1
1011010402,2021-03-28,30.71,326.12,10.6193422338001,14.977,10.63,5.103,NaN,0.119747368421053,1,1
1011010501,2021-03-28,19.628,163.62,8.33605054004483,7.683,4.311,7.634,NaN,0.07122,1,1
1011010504,2021-03-28,78.41,601.6106,7.67262594056881,21.92,23.351,33.139,NaN,0.0851533333333334,1,1
1011010801,2021-03-28,55.673,429.5506,7.71560002155443,20.22,16.83,18.623,NaN,0.0813097222222222,1,1
1011010101,2021-03-29,111.308,853.9466,7.67192474934416,42.786,36.273,32.249,NaN,0.102803,2,0
1011010201,2021-03-29,60.434,535.972,8.86871628553463,19.109,16.798,24.527,NaN,0.14142,2,0
1011010402,2021-03-29,15.5,174.404,11.2518709677419,5.139,3.836,6.525,NaN,0.119747368421053,2,0
1011010501,2021-03-29,16.139,135.848,8.41737406282917,2.451,6.022,7.666,NaN,0.07122,2,0
1011010504,2021-03-29,62.154,471.0982,7.5795314863082,19.263,19.32,23.571,NaN,0.0851533333333334,2,0
1011010801,2021-03-29,47.327,370.217,7.82253259238912,14.482,13.217,19.628,NaN,0.0813097222222222,2,0
1011010101,2021-03-30,130.803,925.849,7.07819392521578,46.068,37.408,47.327,NaN,0.102803,3,0
1011010201,2021-03-30,26.924,278.008,10.3256574060318,7.45,10.347,9.127,NaN,0.14142,3,0
1011010402,2021-03-30,14.905,167.594,11.2441462596444,9.48,2.509,2.916,NaN,0.119747368421053,3,0
1011010501,2021-03-30,21.407,178.872,8.3557714766198,5.156,6.364,9.887,NaN,0.07122,3,0
1011010504,2021-03-30,59.573,505.7324,8.48928877175902,19.772,16.067,23.734,NaN,0.0851533333333334,3,0
1011010801,2021-03-30,32.145,305.688,9.50965935604293,8.994,11.038,12.113,NaN,0.0813097222222222,3,0
1011010101,2021-03-31,143.294,1024.061,7.14657278043742,52.771,33.217,57.306,NaN,0.102803,4,0
1011010201,2021-03-31,28.74,301.82,10.5017397355602,7.553,7.824,13.363,NaN,0.14142,4,0
1011010402,2021-03-31,19.503,233.866,11.9912833922986,8.393,5.147,5.963,NaN,0.119747368421053,4,0
1011010501,2021-03-31,21.649,192.79,8.90526121298905,9.146,3.829,8.674,NaN,0.07122,4,0
1011010504,2021-03-31,59.255,482.5164,8.14304953168509,19.007,15.238,25.01,NaN,0.0851533333333334,4,0
1011010801,2021-03-31,45.089,338.807,7.51418306016989,13.084,8.083,23.922,NaN,0.0813097222222222,4,0
1011010101,2021-04-01,162.291,1153.2736,7.10620798442304,63.041,49.461,49.789,14,0.102803,5,0
1011010201,2021-04-01,39.109,350.454,8.96095527883607,10.648,10.647,17.814,NaN,0.14142,5,0
1011010402,2021-04-01,20.743,263.764,12.7158077423709,5.067,6.568,9.108,NaN,0.119747368421053,5,0
1011010501,2021-04-01,20.604,191.844,9.31100757134537,7.779,5.242,7.583,NaN,0.07122,5,0
1011010504,2021-04-01,52.994,428.9616,8.09453145639129,18.574,14.059,20.361,NaN,0.0851533333333334,5,0
1011010801,2021-04-01,48.978,447.0582,9.12773490138429,16.422,13.775,18.781,NaN,0.0813097222222222,5,0
1011010101,2021-04-02,179.383,1240.7554,6.91679479103371,80.079,50.444,48.86,10,0.102803,6,0
1011010201,2021-04-02,69.53,494.456,7.11140514885661,22.309,19.639,27.582,NaN,0.14142,6,0
1011010402,2021-04-02,37.764,452.092,11.9715072555873,11.43,15.388,10.946,NaN,0.119747368421053,6,0
1011010501,2021-04-02,20.665,174.358,8.43735785143963,4.98,4.8,10.885,NaN,0.07122,6,0
1011010504,2021-04-02,70.727,605.186,8.55664739067117,21.903,19.129,29.695,NaN,0.0851533333333334,6,0
1011010801,2021-04-02,72.574,626.0194,8.62594593104969,17.005,15.887,39.682,10,0.0813097222222222,6,0
1011010101,2021-04-03,212.267,1581.0556,7.44842862998017,100.213,63.782,48.272,NaN,0.102803,7,1
1011010201,2021-04-03,68.593,566.114,8.25323283716997,26.757,20.279,21.557,NaN,0.14142,7,1
1011010402,2021-04-03,38.786,387.236,9.98391172072397,21.887,10.621,6.278,NaN,0.119747368421053,7,1
1011010501,2021-04-03,32.71,282.784,8.64518495872822,13.29,11.761,7.659,NaN,0.07122,7,1
1011010504,2021-04-03,100.323,881.2146,8.78377440866003,36.142,36.652,27.529,NaN,0.0851533333333334,7,1
1011010801,2021-04-03,75.739,755.2234,9.97139386577589,32.746,21.141,21.852,10,0.0813097222222222,7,1
1011010101,2021-04-04,192.021,1269.6168,6.61186432733919,72.597,51.898,67.526,NaN,0.102803,1,1
1011010201,2021-04-04,71.456,565.492,7.91384908195253,25.885,18.222,27.349,NaN,0.14142,1,1
1011010402,2021-04-04,33.95,339.334,9.99511045655376,19.878,3.645,10.427,NaN,0.119747368421053,1,1
1011010501,2021-04-04,22.976,196.462,8.55074860724234,6.078,8.236,8.662,NaN,0.07122,1,1
1011010504,2021-04-04,88.244,685.071,7.76337201396129,30.421,27.559,30.264,NaN,0.0851533333333334,1,1
1011010801,2021-04-04,61.709,571.141,9.25539224424314,23.485,18.323,19.901,10,0.0813097222222222,1,1
1011010101,2021-04-05,178.469,1196.6456,6.70506138320941,76.152,47.871,54.446,NaN,0.102803,2,0
1011010201,2021-04-05,76.701,679.942,8.86483878958553,20.215,25.995,30.491,6,0.14142,2,0
1011010402,2021-04-05,24.241,207.204,8.54766717544656,14.485,6.923,2.833,NaN,0.119747368421053,2,0
1011010501,2021-04-05,16.492,141.056,8.55299539170507,2.527,6.019,7.946,NaN,0.07122,2,0
1011010504,2021-04-05,112.577,679.9222,6.03961910514581,40.992,31.148,40.437,NaN,0.0851533333333334,2,0
1011010801,2021-04-05,68.049,567.784,8.34375229613955,22.474,19.224,26.351,NaN,0.0813097222222222,2,0
1011010101,2021-04-06,55.611,324.1472,5.82883242523961,0,0,55.611,5.93502824858757,0.102803,3,0
1011010201,2021-04-06,13.13,103.404,7.87539984767708,0,0,13.13,NaN,0.14142,3,0
1011010402,2021-04-06,3.622,36.88,10.1822197680839,0,0,3.622,NaN,0.119747368421053,3,0
1011010501,2021-04-06,3.138,26.272,8.37221159974506,0,0,3.138,NaN,0.07122,3,0
1011010504,2021-04-06,35.075,215.8464,6.15385317177477,0,0,35.075,NaN,0.0851533333333334,3,0
1011010801,2021-04-06,11.671,124.3,10.6503298774741,0,0,11.671,NaN,0.0813097222222222,3,0
1011010101,2021-04-07,198.107,1341.5794,6.77199392247624,62.551,51.307,84.249,NaN,0.102803,4,0
1011010201,2021-04-07,26.939,212.655,7.89394558075653,7.382,7.929,11.628,NaN,0.14142,4,0
1011010402,2021-04-07,17.735,179.988,10.1487454186637,9.667,3.779,4.289,NaN,0.119747368421053,4,0
1011010501,2021-04-07,16.213,118.714,7.32214889286375,5.306,4.553,6.354,NaN,0.07122,4,0
1011010504,2021-04-07,62.9,532.0066,8.45797456279809,18.561,18.959,25.38,NaN,0.0851533333333334,4,0
1011010801,2021-04-07,47.805,399.742,8.36192866854932,15.179,12.378,20.248,10,0.0813097222222222,4,0
1011010101,2021-04-08,136.899,843.4982,6.16146356072725,59.094,32.052,45.753,6,0.102803,5,0
1011010201,2021-04-08,22.294,190.028,8.52372835740558,9.301,3.695,9.298,NaN,0.14142,5,0
1011010402,2021-04-08,9.582,104.728,10.9296597787518,6.179,0.972,2.431,NaN,0.119747368421053,5,0
1011010501,2021-04-08,20.319,123.742,6.0899650573355,7.911,4.634,7.774,NaN,0.07122,5,0
1011010504,2021-04-08,52.596,436.3612,8.29647121454103,19.064,12.491,21.041,NaN,0.0851533333333334,5,0
1011010801,2021-04-08,35.491,314.012,8.84765151728607,14.553,7.606,13.332,NaN,0.0813097222222222,5,0
1011010101,2021-04-09,145.026,1004.9686,6.92957538648242,53.794,34.626,56.606,7,0.102803,6,0
1011010201,2021-04-09,51.978,399.163,7.67946054099811,19.015,14.115,18.848,NaN,0.14142,6,0
1011010402,2021-04-09,29.704,316.45,10.6534473471586,9.09,7.875,12.739,8,0.119747368421053,6,0
1011010501,2021-04-09,17.451,165.081,9.45968712394705,5.105,3.785,8.561,NaN,0.07122,6,0
1011010504,2021-04-09,54.274,450.1898,8.29475992187788,12.84,13.584,27.85,NaN,0.0851533333333334,6,0
1011010801,2021-04-09,31.401,323.211,10.2930161459826,8.302,7.334,15.765,NaN,0.0813097222222222,6,0
1011010101,2021-04-10,204.156,1306.331,6.39869021728482,76.11,61.075,66.971,NaN,0.102803,7,1
1011010201,2021-04-10,50.186,379.74,7.56665205435779,16.247,16.907,17.032,NaN,0.14142,7,1
1011010402,2021-04-10,22.753,261.897,11.5104381839757,10.316,7.046,5.391,NaN,0.119747368421053,7,1
1011010501,2021-04-10,25.525,259.878,10.1813124387855,9.614,6.32,9.591,NaN,0.07122,7,1
1011010504,2021-04-10,84.84,627.9862,7.40200612918435,26.853,23.432,34.555,NaN,0.0851533333333334,7,1
1011010801,2021-04-10,60.287,546.991,9.07311692404664,25.181,18.345,16.761,NaN,0.0813097222222222,7,1
1011010101,2021-04-11,211.619,1424.2648,6.73032572689598,80.594,56.241,74.784,NaN,0.102803,1,1
1011010201,2021-04-11,47.112,325.418,6.90732722024113,24.349,12.541,10.222,NaN,0.14142,1,1
1011010402,2021-04-11,22.196,258.365,11.6401603892593,12.702,4.117,5.377,NaN,0.119747368421053,1,1
1011010501,2021-04-11,24.902,253.232,10.1691430407196,9.082,8.7,7.12,NaN,0.07122,1,1
1011010504,2021-04-11,94.326,686.7606,7.28071369505757,28.017,26.58,39.729,NaN,0.0851533333333334,1,1
1011010801,2021-04-11,52.29,461.49,8.82558806655192,23.953,19.631,8.706,NaN,0.0813097222222222,1,1
1011010101,2021-04-12,148.371,944.04,6.36269891016438,53.807,38.422,56.142,NaN,0.102803,2,0
1011010201,2021-04-12,32.027,226.352,7.06753676585381,13.298,6.067,12.662,NaN,0.14142,2,0
1011010402,2021-04-12,4.178,46.268,11.0741981809478,3.637,0.541,0,NaN,0.119747368421053,2,0
1011010501,2021-04-12,10.203,86.994,8.52631578947368,3.55,3.152,3.501,NaN,0.07122,2,0
1011010504,2021-04-12,38.756,324.682,8.37759314686758,15.302,7.333,16.121,NaN,0.0851533333333334,2,0
1011010801,2021-04-12,43.328,334.1364,7.71178914327917,14.516,7.985,20.827,NaN,0.0813097222222222,2,0
1011010101,2021-04-13,127.207,778.0074,6.11607380097007,51.999,26.49,48.718,NaN,0.102803,3,0
1011010201,2021-04-13,28.593,195.392,6.83356066170042,14.522,5.953,8.118,NaN,0.14142,3,0
1011010402,2021-04-13,5.553,57.598,10.3724113092022,3.748,0.483,1.322,NaN,0.119747368421053,3,0
1011010501,2021-04-13,13.4,111.888,8.34985074626866,4.059,2.837,6.504,NaN,0.07122,3,0
1011010504,2021-04-13,51.48,343.6774,6.67594017094017,14.475,16.447,20.558,NaN,0.0851533333333334,3,0
1011010801,2021-04-13,40.041,273.639,6.83397018056492,14.301,10.463,15.277,NaN,0.0813097222222222,3,0
1011010101,2021-04-14,151.83,836.6424,5.51038925113614,54.032,44.004,53.794,NaN,0.102803,4,0
1011010201,2021-04-14,30.12,205.605,6.82619521912351,10.483,10.474,9.163,NaN,0.14142,4,0
1011010402,2021-04-14,19.197,214.158,11.1558055946242,4.588,7.883,6.726,NaN,0.119747368421053,4,0
1011010501,2021-04-14,18.975,161.502,8.51130434782609,6.32,6.203,6.452,NaN,0.07122,4,0
1011010504,2021-04-14,47.052,365.0338,7.75809317351016,13.927,12.487,20.638,NaN,0.0851533333333334,4,0
1011010801,2021-04-14,41.387,330.4028,7.98325077923019,11.878,11.462,18.047,NaN,0.0813097222222222,4,0
1011010101,2021-04-15,130.081,742.2238,5.70585865729815,50.81,32.304,46.967,NaN,0.102803,5,0
1011010201,2021-04-15,27.05,171.954,6.35689463955638,9.001,8.164,9.885,NaN,0.14142,5,0
1011010402,2021-04-15,17.098,187.468,10.9643233126681,6.592,7.869,2.637,NaN,0.119747368421053,5,0
1011010501,2021-04-15,12.151,109.578,9.01802320796642,3.032,3.234,5.885,NaN,0.07122,5,0
1011010504,2021-04-15,44.413,355.7934,8.01101929615203,14.54,11.698,18.175,NaN,0.0851533333333334,5,0
1011010801,2021-04-15,40.15,395.7782,9.85748941469489,12.052,14.06,14.038,12,0.0813097222222222,5,0
1011010101,2021-04-16,130.808,701.8084,5.36517949972479,42.223,49.136,39.449,NaN,0.102803,6,0
1011010201,2021-04-16,40.232,217.8486,5.41480910717836,13.576,9.334,17.322,NaN,0.14142,6,0
1011010402,2021-04-16,19.018,213.454,11.223787990325,6.514,6.626,5.878,NaN,0.119747368421053,6,0
1011010501,2021-04-16,15.371,137.131,8.9214104482467,4.799,4.15,6.422,NaN,0.07122,6,0
1011010504,2021-04-16,62.197,482.3854,7.75576635529045,19.173,22.091,20.933,NaN,0.0851533333333334,6,0
1011010801,2021-04-16,47.162,387.6686,8.21993554132564,14.096,11.104,21.962,16,0.0813097222222222,6,0
1011010101,2021-04-17,194.951,1138.454,5.83969305107437,71.989,55.123,67.839,NaN,0.102803,7,1
1011010201,2021-04-17,77.636,455.0196,5.86093564841053,32.21,21.927,23.499,NaN,0.14142,7,1
1011010402,2021-04-17,35.302,410.044,11.6153192453685,24.56,6.67,4.072,NaN,0.119747368421053,7,1
1011010501,2021-04-17,20.407,172.24,8.44024109374234,5.464,6.375,8.568,NaN,0.07122,7,1
1011010504,2021-04-17,72.266,481.7624,6.66651537375806,23.145,19.239,29.882,5.2,0.0851533333333334,7,1
1011010801,2021-04-17,70.817,565.912,7.99118855642007,30.619,18.334,21.864,NaN,0.0813097222222222,7,1
1011010101,2021-04-18,194.451,1123.6348,5.77849843919548,89.574,47.656,57.221,NaN,0.102803,1,1
1011010201,2021-04-18,48.315,285.003,5.89885128841975,20.735,13.593,13.987,NaN,0.14142,1,1
1011010402,2021-04-18,22.237,253.658,11.4070243288213,12.822,4.858,4.557,NaN,0.119747368421053,1,1
1011010501,2021-04-18,28.972,233.424,8.05688250724838,10.085,9.325,9.562,NaN,0.07122,1,1
1011010504,2021-04-18,118.063,789.4888,6.68701286601222,47.024,29.095,41.944,NaN,0.0851533333333334,1,1
1011010801,2021-04-18,56.607,425.227,7.51191548748388,25.179,13.18,18.248,NaN,0.0813097222222222,1,1
1011010101,2021-04-19,134.781,762.6614,5.65852308559812,47.564,40.013,47.204,NaN,0.102803,2,0
1011010201,2021-04-19,25.092,129.3288,5.15418460066954,8.871,4.49,11.731,NaN,0.14142,2,0
1011010402,2021-04-19,12.658,143.086,11.3039974719545,7.275,2.551,2.832,NaN,0.119747368421053,2,0
1011010501,2021-04-19,17.311,139.056,8.03281150713419,8.55,4.613,4.148,NaN,0.07122,2,0
1011010504,2021-04-19,59.015,405.3296,6.86824705583326,20.523,13.637,24.855,5.2,0.0851533333333334,2,0
1011010801,2021-04-19,36.293,352.4806,9.71208221971179,12.882,8.685,14.726,NaN,0.0813097222222222,2,0
1011010101,2021-04-20,150.715,848.2014,5.62784991540324,49.467,51.795,49.453,6.9479940564636,0.102803,3,0
1011010201,2021-04-20,30.338,168.8158,5.56449996703804,16.286,7.074,6.978,NaN,0.14142,3,0
1011010402,2021-04-20,12.167,126.24,10.3756061477768,2.746,6.221,3.2,NaN,0.119747368421053,3,0
1011010501,2021-04-20,16.234,125.125,7.70758901071824,6.036,2.53,7.668,NaN,0.07122,3,0
1011010504,2021-04-20,64.062,463.9896,7.24282101713964,23.653,16.575,23.834,NaN,0.0851533333333334,3,0
1011010801,2021-04-20,37.651,339.8522,9.02637911343657,12.372,11.171,14.108,NaN,0.0813097222222222,3,0
1011010101,2021-04-21,182.939,849.032,4.6410661477323,63.295,52.116,67.528,NaN,0.102803,4,0
1011010201,2021-04-21,49.748,234.094,4.70559620487256,20.539,14.22,14.989,NaN,0.14142,4,0
1011010402,2021-04-21,13.078,132.784,10.1532344395167,6.524,1.934,4.62,NaN,0.119747368421053,4,0
1011010501,2021-04-21,26.622,181.548,6.81947261663286,12.184,5.726,8.712,NaN,0.07122,4,0
1011010504,2021-04-21,50.684,372.6184,7.35179543840265,17.704,10.461,22.519,NaN,0.0851533333333334,4,0
1011010801,2021-04-21,31.173,274.7782,8.81462162769063,13.507,7.982,9.684,12,0.0813097222222222,4,0
1011010101,2021-04-22,150.806,786.2776,5.21383499330265,71.418,36.693,42.695,NaN,0.102803,5,0
1011010201,2021-04-22,34.615,155.3174,4.48699696663296,11.693,10.066,12.856,NaN,0.14142,5,0
1011010402,2021-04-22,11.64,119.058,10.2283505154639,5.042,5.455,1.143,NaN,0.119747368421053,5,0
1011010501,2021-04-22,15.227,110.6084,7.26396532475209,7.56,2.406,5.261,NaN,0.07122,5,0
1011010504,2021-04-22,47.905,375.7154,7.84292662561319,14.183,10.602,23.12,NaN,0.0851533333333334,5,0
1011010801,2021-04-22,40.04,246.313,6.15167332667333,14.334,11.758,13.948,NaN,0.0813097222222222,5,0
1011010101,2021-04-23,171.226,843.8276,4.92815109854812,63.218,45.589,62.419,2.08984764729675,0.102803,6,0
1011010201,2021-04-23,47.035,216.0528,4.59344743276284,16.13,14.597,16.308,NaN,0.14142,6,0
1011010402,2021-04-23,10.413,104.13,10,5.903,3.037,1.473,NaN,0.119747368421053,6,0
1011010501,2021-04-23,27.427,187.599,6.83993874649068,7.102,8.459,11.866,NaN,0.07122,6,0
1011010504,2021-04-23,53.397,440.9288,8.25755754068581,14.583,15.574,23.24,NaN,0.0851533333333334,6,0
1011010801,2021-04-23,49.109,431.2328,8.78113584068094,15.934,14.651,18.524,12,0.0813097222222222,6,0
1011010101,2021-04-24,264.803,1347.0164,5.08686230896176,104.766,76.042,83.995,NaN,0.102803,7,1
1011010201,2021-04-24,107.309,365.8678,3.40947916763738,71.172,22.549,13.588,NaN,0.14142,7,1
1011010402,2021-04-24,17.178,171.78,10,14.462,2.285,0.431,NaN,0.119747368421053,7,1
1011010501,2021-04-24,37.796,255.6886,6.76496454651286,15.108,7.951,14.737,NaN,0.07122,7,1
1011010504,2021-04-24,102.501,796.399,7.76967053979961,39.933,22.026,40.542,NaN,0.0851533333333334,7,1
1011010801,2021-04-24,78.6,692.8226,8.8145368956743,35.916,25.048,17.636,NaN,0.0813097222222222,7,1
1011010101,2021-04-25,221.785,1119.8696,5.04934779178033,86.034,64.278,71.473,NaN,0.102803,1,1
1011010201,2021-04-25,94.264,323.828,3.43533056097768,52.2,31.299,10.765,NaN,0.14142,1,1
1011010402,2021-04-25,11.454,114.54,10,4.249,2.505,4.7,NaN,0.119747368421053,1,1
1011010501,2021-04-25,24.708,190.9974,7.73018455560952,10.173,6.095,8.44,NaN,0.07122,1,1
1011010504,2021-04-25,71.047,588.547,8.28391065069602,23.587,24.728,22.732,NaN,0.0851533333333334,1,1
1011010801,2021-04-25,37.692,283.6522,7.52552796349358,14.939,10.341,12.412,NaN,0.0813097222222222,1,1
1011010101,2021-04-26,151.258,744.8266,4.92421293419191,66.74,40.383,44.135,NaN,0.102803,2,0
1011010201,2021-04-26,43.118,151.9592,3.52426364859224,17.928,14.038,11.152,NaN,0.14142,2,0
1011010402,2021-04-26,11.871,122.95,10.3571729424648,4.485,6.253,1.133,NaN,0.119747368421053,2,0
1011010501,2021-04-26,12.618,101.5602,8.04883499762244,4.024,5.08,3.514,NaN,0.07122,2,0
1011010504,2021-04-26,60.716,485.172,7.99084261150273,14.899,18.689,27.128,NaN,0.0851533333333334,2,0
1011010801,2021-04-26,37.392,290.8746,7.77905969191271,14.872,7.685,14.835,NaN,0.0813097222222222,2,0
1011010101,2021-04-27,135.216,640.3558,4.73579901786771,38.051,43.426,53.739,NaN,0.102803,3,0
1011010201,2021-04-27,26.49,96.8418,3.65578708946772,11.361,10.407,4.722,NaN,0.14142,3,0
1011010402,2021-04-27,9.127,91.904,10.0694642270187,2.823,4.591,1.713,NaN,0.119747368421053,3,0
1011010501,2021-04-27,31.042,219.5694,7.07330068938857,9.611,7.968,13.463,6,0.07122,3,0
1011010504,2021-04-27,50.15,391.897,7.8144965104686,10.808,14.651,24.691,NaN,0.0851533333333334,3,0
1011010801,2021-04-27,26.08,237.571,9.10931748466258,6.091,8.161,11.828,NaN,0.0813097222222222,3,0
1011010101,2021-04-28,125.785,609.4352,4.84505465675558,46.802,37.014,41.969,NaN,0.102803,4,0
1011010201,2021-04-28,29.405,132.7064,4.51305560278864,10.713,8.524,10.168,NaN,0.14142,4,0
1011010402,2021-04-28,7.359,76.344,10.374235629841,3.227,0.714,3.418,NaN,0.119747368421053,4,0
1011010501,2021-04-28,27.487,207.4876,7.54857205224288,14.045,4.063,9.379,NaN,0.07122,4,0
1011010504,2021-04-28,47.189,382.688,8.10968657949946,16.427,10.38,20.382,NaN,0.0851533333333334,4,0
1011010801,2021-04-28,33.609,324.088,9.6428932726353,11.352,10.293,11.964,10,0.0813097222222222,4,0
1011010101,2021-04-29,134.898,635.1394,4.70829367373867,60.152,43.242,31.504,6,0.102803,5,0
1011010201,2021-04-29,33.858,136.6938,4.03726741095162,11.892,9.946,12.02,NaN,0.14142,5,0
1011010402,2021-04-29,8.818,92.688,10.511227035609,7.084,0.882,0.852,NaN,0.119747368421053,5,0
1011010501,2021-04-29,15.705,123.4332,7.85948424068768,8.821,0.699,6.185,NaN,0.07122,5,0
1011010504,2021-04-29,54.543,425.583,7.80270612177548,25.091,11.341,18.111,NaN,0.0851533333333334,5,0
1011010801,2021-04-29,32.548,279.0086,8.57221949121298,13.02,6.933,12.595,10,0.0813097222222222,5,0
1011010101,2021-04-30,138.585,691.2256,4.9877374896273,53.017,36.686,48.882,6,0.102803,6,0
1011010201,2021-04-30,38.125,150.3458,3.94349639344262,17.144,8.786,12.195,NaN,0.14142,6,0
1011010402,2021-04-30,14.856,152.616,10.2730210016155,9.965,2.536,2.355,NaN,0.119747368421053,6,0
1011010501,2021-04-30,26.786,229.9156,8.58342417680878,7.745,4.26,14.781,NaN,0.07122,6,0
1011010504,2021-04-30,52.865,484.578,9.16632932942401,23.247,11.474,18.144,NaN,0.0851533333333334,6,0
1011010801,2021-04-30,34.271,281.8946,8.22545592483441,14.306,8.279,11.686,8,0.0813097222222222,6,0
1011010101,2021-05-01,171.826,890.2396,5.18105292563407,85.913,43.192,42.721,NaN,0.102803,7,1
1011010201,2021-05-01,57.443,269.28,4.68777744894939,31.171,9.433,16.839,NaN,0.14142,7,1
1011010402,2021-05-01,18.075,183.172,10.1339972337483,7.77,6.678,3.627,NaN,0.119747368421053,7,1
1011010501,2021-05-01,19.976,168.807,8.45049058870645,7.929,5.064,6.983,NaN,0.07122,7,1
1011010504,2021-05-01,77.396,698.937,9.03066049925061,32.062,18.579,26.755,NaN,0.0851533333333334,7,1
1011010801,2021-05-01,50.81,471.3142,9.27601259594568,28.198,10.016,12.596,NaN,0.0813097222222222,7,1
1011010101,2021-05-02,198.544,1065.5776,5.36695946490451,88.173,54.426,55.945,NaN,0.102803,1,1
1011010201,2021-05-02,36.466,180.8418,4.95918938188998,21.149,6.831,8.486,NaN,0.14142,1,1
1011010402,2021-05-02,17.439,178.264,10.2221457652388,11.855,2.989,2.595,NaN,0.119747368421053,1,1
1011010501,2021-05-02,22.784,166.1028,7.29032654494382,9.245,3.52,10.019,NaN,0.07122,1,1
1011010504,2021-05-02,80.42,765.947,9.52433474260134,32.646,14.958,32.816,NaN,0.0851533333333334,1,1
1011010801,2021-05-02,47.435,439.929,9.27435437967745,19.769,11.395,16.271,12,0.0813097222222222,1,1
1011010101,2021-05-03,226.265,1100.4112,4.86337347800146,87.158,63.881,75.226,NaN,0.102803,2,0
1011010201,2021-05-03,37.613,192.054,5.1060537580092,16.524,11.467,9.622,NaN,0.14142,2,0
1011010402,2021-05-03,18.743,189.584,10.114922904551,9.529,7.26,1.954,NaN,0.119747368421053,2,0
1011010501,2021-05-03,25.175,213.0582,8.46308639523337,9.615,6.975,8.585,NaN,0.07122,2,0
1011010504,2021-05-03,83.419,798.762,9.57530059099246,25.928,24.484,33.007,NaN,0.0851533333333334,2,0
1011010801,2021-05-03,54.995,405.065,7.3654877716156,18.367,18.626,18.002,NaN,0.0813097222222222,2,0
1011010101,2021-05-04,200.985,1066.0246,5.30400079607931,92.074,40.737,68.174,NaN,0.102803,3,0
1011010201,2021-05-04,37.838,178.5666,4.71923991754321,14.933,8.682,14.223,NaN,0.14142,3,0
1011010402,2021-05-04,8.799,90.276,10.2598022502557,4.721,2.565,1.513,NaN,0.119747368421053,3,0
1011010501,2021-05-04,18.032,146.0018,8.09681677018634,9.502,4.298,4.232,NaN,0.07122,3,0
1011010504,2021-05-04,43.846,492.674,11.2364639875929,17.855,11.936,14.055,NaN,0.0851533333333334,3,0
1011010801,2021-05-04,42.643,398.7894,9.35181389677087,20.879,3.939,17.825,NaN,0.0813097222222222,3,0
1011010101,2021-05-05,203.532,1003.3548,4.92971522905489,85.948,57.347,60.237,4,0.102803,4,0
1011010201,2021-05-05,34.156,173.078,5.06727954092985,12.587,12.95,8.619,NaN,0.14142,4,0
1011010402,2021-05-05,15.352,159.05,10.3602136529442,5.343,3.8,6.209,NaN,0.119747368421053,4,0
1011010501,2021-05-05,17.339,135.448,7.81175384970298,5.62,4.007,7.712,NaN,0.07122,4,0
1011010504,2021-05-05,72.08,740.2114,10.2693035516093,24.777,18.575,28.728,NaN,0.0851533333333334,4,0
1011010801,2021-05-05,60.989,704.9932,11.5593500467297,16.886,14.997,29.106,NaN,0.0813097222222222,4,0
1011010101,2021-05-06,151.84,820.8354,5.40592334035827,48.918,35.712,67.21,4,0.102803,5,0
1011010201,2021-05-06,21.199,125.636,5.92650596726261,9.158,7.308,4.733,NaN,0.14142,5,0
1011010402,2021-05-06,5.992,62.326,10.4015353805073,1.903,1.342,2.747,NaN,0.119747368421053,5,0
1011010501,2021-05-06,22.682,185.983,8.19958557446433,4.453,4.362,13.867,NaN,0.07122,5,0
1011010504,2021-05-06,73.006,541.5566,7.41797386516177,21.297,12.608,39.101,3,0.0851533333333334,5,0
1011010801,2021-05-06,30.192,316.356,10.4781399046105,8.929,7.956,13.307,NaN,0.0813097222222222,5,0
1011010101,2021-05-07,147.508,706.4214,4.78903788269111,68.909,30.458,48.141,NaN,0.102803,6,0
1011010201,2021-05-07,26.046,144.947,5.56503877754742,8.647,8.906,8.493,NaN,0.14142,6,0
1011010402,2021-05-07,6.436,68.434,10.6330018645121,5.045,0.609,0.782,NaN,0.119747368421053,6,0
1011010501,2021-05-07,20.724,144.955,6.99454738467477,7.121,4.351,9.252,NaN,0.07122,6,0
1011010504,2021-05-07,73.962,578.2816,7.81863118898894,21.083,19.146,33.733,NaN,0.0851533333333334,6,0
1011010801,2021-05-07,33.543,269.9166,8.04688310526787,15.662,7.453,10.428,14.4154302670623,0.0813097222222222,6,0
1011010101,2021-05-08,160.786,817.532,5.08459691764209,72.713,35.093,52.98,NaN,0.102803,7,1
1011010201,2021-05-08,28.122,155.276,5.5215134058744,12.717,6.563,8.842,NaN,0.14142,7,1
1011010402,2021-05-08,11.457,119.764,10.4533472985947,6.913,1.839,2.705,NaN,0.119747368421053,7,1
1011010501,2021-05-08,22.625,172.803,7.63770165745856,8.965,4.749,8.911,7,0.07122,7,1
1011010504,2021-05-08,69.529,569.704,8.19376087675646,26.711,16.091,26.727,NaN,0.0851533333333334,7,1
1011010801,2021-05-08,33.331,292.222,8.76727370915964,12.182,10.526,10.623,12,0.0813097222222222,7,1
1011010101,2021-05-09,216.668,1128.83,5.20995255413813,97.174,41.123,78.371,NaN,0.102803,1,1
1011010201,2021-05-09,37.443,209.252,5.58854792618113,23.005,6.752,7.686,NaN,0.14142,1,1
1011010402,2021-05-09,21.145,286.11,13.5308583589501,7.138,6.589,7.418,NaN,0.119747368421053,1,1
1011010501,2021-05-09,30.75,214.354,6.97086178861789,12.851,5.619,12.28,NaN,0.07122,1,1
1011010504,2021-05-09,95.075,743.149,7.8164501709177,42.407,18.1,34.568,NaN,0.0851533333333334,1,1
1011010801,2021-05-09,44.849,448.2104,9.99376574728534,22.329,12.762,9.758,14,0.0813097222222222,1,1
1011010101,2021-05-10,157.721,646.5558,4.09936406692831,66.816,30.635,60.27,NaN,0.102803,2,0
1011010201,2021-05-10,30.866,169.933,5.50550767835159,13.773,6.177,10.916,NaN,0.14142,2,0
1011010402,2021-05-10,8.06,113.406,14.070223325062,4.694,1.267,2.099,NaN,0.119747368421053,2,0
1011010501,2021-05-10,24.956,172.118,6.8968584709088,12.947,2.895,9.114,NaN,0.07122,2,0
1011010504,2021-05-10,60.825,430.027,7.06990546650226,27.307,7.75,25.768,NaN,0.0851533333333334,2,0
1011010801,2021-05-10,26.427,243.216,9.20331479169032,8.537,7.137,10.753,NaN,0.0813097222222222,2,0
1011010101,2021-05-11,190.06,730.638,3.84424918446806,80.87,49.264,59.926,1,0.102803,3,0
1011010201,2021-05-11,27.768,154.377,5.55952895419188,8.882,9.386,9.5,NaN,0.14142,3,0
1011010402,2021-05-11,8.963,119.33,13.3136226709807,4.755,1.652,2.556,NaN,0.119747368421053,3,0
1011010501,2021-05-11,26.533,167.1336,6.29908415934874,13.233,3.229,10.071,NaN,0.07122,3,0
1011010504,2021-05-11,46.524,333.3232,7.16454303155361,19.037,11.325,16.162,NaN,0.0851533333333334,3,0
1011010801,2021-05-11,29.889,277.1144,9.27145103549801,9.004,11.904,8.981,10,0.0813097222222222,3,0
1011010101,2021-05-12,182.519,765.7536,4.19547334798021,68.546,44.988,68.985,NaN,0.102803,4,0
1011010201,2021-05-12,19.252,108.703,5.64632246000416,8.384,2.957,7.911,NaN,0.14142,4,0
1011010402,2021-05-12,6.081,70.71,11.6280217069561,5.029,0.681,0.371,NaN,0.119747368421053,4,0
1011010501,2021-05-12,19.247,109.28,5.67776796383852,4.887,4.373,9.987,NaN,0.07122,4,0
1011010504,2021-05-12,42.616,327.2694,7.6794959639572,8.561,13.152,20.903,NaN,0.0851533333333334,4,0
1011010801,2021-05-12,31.02,244.488,7.8816247582205,12.431,7.859,10.73,NaN,0.0813097222222222,4,0
1011010101,2021-05-13,157.293,739.3334,4.70035793074072,74.767,29.424,53.102,4.05586775773111,0.102803,5,0
1011010201,2021-05-13,24.095,156.497,6.49499896244034,11.826,5.31,6.959,NaN,0.14142,5,0
1011010402,2021-05-13,14.949,179.19,11.9867549668874,5.611,4.84,4.498,NaN,0.119747368421053,5,0
1011010501,2021-05-13,20.687,124.9306,6.03908734954319,9.362,1.354,9.971,NaN,0.07122,5,0
1011010504,2021-05-13,47.949,376.6764,7.85577175749234,17.234,11.17,19.545,NaN,0.0851533333333334,5,0
1011010801,2021-05-13,29.537,294.9,9.98408775434201,11.748,7.164,10.625,NaN,0.0813097222222222,5,0
1011010101,2021-05-14,191.116,884.0084,4.62550702191339,74.348,47.499,69.269,NaN,0.102803,6,0
1011010201,2021-05-14,40.997,246.091,6.00265873112667,15.393,9.886,15.718,NaN,0.14142,6,0
1011010402,2021-05-14,11.412,124.02,10.8675078864353,7.807,1.292,2.313,NaN,0.119747368421053,6,0
1011010501,2021-05-14,32.193,166.5412,5.17321156773212,10.818,10.976,10.399,NaN,0.07122,6,0
1011010504,2021-05-14,51.909,365.3772,7.03880251979425,13.348,7.672,30.889,NaN,0.0851533333333334,6,0
1011010801,2021-05-14,29.278,329.4322,11.2518682970148,9.91,7.499,11.869,12,0.0813097222222222,6,0
1011010101,2021-05-15,258.278,1169.0012,4.52613540448664,118.142,57.539,82.597,NaN,0.102803,7,1
1011010201,2021-05-15,37.347,234.279,6.27303397863282,16.831,10.278,10.238,NaN,0.14142,7,1
1011010402,2021-05-15,12.399,123.99,10,4.381,2.406,5.612,NaN,0.119747368421053,7,1
1011010501,2021-05-15,40.776,253.839,6.22520600353149,19.725,12.295,8.756,NaN,0.07122,7,1
1011010504,2021-05-15,86.637,633.1406,7.3079700358969,43.068,25.428,18.141,NaN,0.0851533333333334,7,1
1011010801,2021-05-15,49.932,476.9222,9.55143395017223,21.29,11.235,17.407,NaN,0.0813097222222222,7,1
1011010101,2021-05-16,212.588,1029.1526,4.84106628784315,104.188,49.467,58.933,NaN,0.102803,1,1
1011010201,2021-05-16,52.382,355.864,6.79363140009927,30.499,14.229,7.654,NaN,0.14142,1,1
1011010402,2021-05-16,6.386,63.86,10,4.371,1.614,0.401,NaN,0.119747368421053,1,1
1011010501,2021-05-16,19.009,102.3924,5.38652217370719,12.751,4.904,1.354,NaN,0.07122,1,1
1011010504,2021-05-16,153.409,874.3258,5.69931229588877,60.045,55.214,38.15,6,0.0851533333333334,1,1
1011010801,2021-05-16,51.103,482.4928,9.44157485861887,23.242,15.204,12.657,NaN,0.0813097222222222,1,1
1011010101,2021-05-17,176.658,751.529,4.25414642982486,83.82,30.523,62.315,NaN,0.102803,2,0
1011010201,2021-05-17,27.587,174.97,6.34248015369558,14.168,6.307,7.112,NaN,0.14142,2,0
1011010402,2021-05-17,5.011,50.11,10,1.884,2.907,0.22,NaN,0.119747368421053,2,0
1011010501,2021-05-17,29.921,188.0966,6.28644096119782,12.544,7.103,10.274,NaN,0.07122,2,0
1011010504,2021-05-17,76.099,359.8514,4.72872705291791,27.54,15.825,32.734,NaN,0.0851533333333334,2,0
1011010801,2021-05-17,25.733,278.913,10.8387284809389,12.086,3.832,9.815,NaN,0.0813097222222222,2,0
1011010101,2021-05-18,173.271,771.1896,4.45077133507627,66.709,38.14,68.422,10,0.102803,3,0
1011010201,2021-05-18,31.098,220.047,7.07592128111133,12.413,5.913,12.772,NaN,0.14142,3,0
1011010402,2021-05-18,12.309,123.09,10,4.19,1.884,6.235,NaN,0.119747368421053,3,0
1011010501,2021-05-18,23.783,120.977,5.08670058445108,9.346,5.563,8.874,NaN,0.07122,3,0
1011010504,2021-05-18,84.864,438.8932,5.17172417043741,32.178,15.52,37.166,NaN,0.0851533333333334,3,0
1011010801,2021-05-18,29.45,304.23,10.3303904923599,7.802,4.034,17.614,12,0.0813097222222222,3,0
1011010101,2021-05-19,140.823,591.6644,4.20147561122828,61.636,34.465,44.722,NaN,0.102803,4,0
1011010201,2021-05-19,33.901,215.813,6.36597740479632,10.88,9.941,13.08,NaN,0.14142,4,0
1011010402,2021-05-19,12.199,121.99,10,7.337,2.527,2.335,NaN,0.119747368421053,4,0
1011010501,2021-05-19,20.578,116.524,5.66255224025659,6.252,5.26,9.066,NaN,0.07122,4,0
1011010504,2021-05-19,76.853,406.2444,5.28599273938558,26.157,17.121,33.575,NaN,0.0851533333333334,4,0
1011010801,2021-05-19,28.798,309.5048,10.7474407944996,11.686,7.421,9.691,NaN,0.0813097222222222,4,0
1011010101,2021-05-20,148.851,641.9808,4.3129088820364,58.424,37.877,52.55,2,0.102803,5,0
1011010201,2021-05-20,17.189,110.458,6.42608645063703,9.968,3.766,3.455,NaN,0.14142,5,0
1011010402,2021-05-20,9.406,94.06,10,4.333,2.938,2.135,NaN,0.119747368421053,5,0
1011010501,2021-05-20,22.177,119.748,5.39964828425847,8.743,5.562,7.872,NaN,0.07122,5,0
1011010504,2021-05-20,61.568,377.684,6.13442047817048,16.379,14.558,30.631,NaN,0.0851533333333334,5,0
1011010801,2021-05-20,35.447,345.051,9.73427934663018,9.394,7.733,18.32,12,0.0813097222222222,5,0
1011010101,2021-05-21,106.472,474.6946,4.45839845217522,45.395,27.524,33.553,1,0.102803,6,0
1011010201,2021-05-21,33.979,249.524,7.3434768533506,8.426,15.206,10.347,NaN,0.14142,6,0
1011010402,2021-05-21,4.178,41.78,10,3.176,1.002,0,NaN,0.119747368421053,6,0
1011010501,2021-05-21,21.886,127.547,5.82778945444576,7.7,4.985,9.201,NaN,0.07122,6,0
1011010504,2021-05-21,36.494,322.0414,8.82450265797117,12.946,11.595,11.953,NaN,0.0851533333333334,6,0
1011010801,2021-05-21,43.516,468.3954,10.7637512639029,14.042,11.67,17.804,NaN,0.0813097222222222,6,0
1011010101,2021-05-22,190.363,989.5566,5.19826121672804,98.455,46.058,45.85,NaN,0.102803,7,1
1011010201,2021-05-22,34.962,276.9096,7.92030204221726,17.353,11.911,5.698,NaN,0.14142,7,1
1011010402,2021-05-22,9.18,91.8,10,6.935,1.293,0.952,NaN,0.119747368421053,7,1
1011010501,2021-05-22,25.845,180.8472,6.99737666860128,12.94,8.756,4.149,NaN,0.07122,7,1
1011010504,2021-05-22,98.936,521.9258,5.27538812970001,38.804,22.305,37.827,NaN,0.0851533333333334,7,1
1011010801,2021-05-22,45.209,448.1536,9.91292884160234,19.167,13.247,12.795,12,0.0813097222222222,7,1
1011010101,2021-05-23,217.259,1105.2308,5.08715772419094,107.393,62.294,47.572,NaN,0.102803,1,1
1011010201,2021-05-23,64.231,506.4336,7.88456664227554,26.936,26.91,10.385,NaN,0.14142,1,1
1011010402,2021-05-23,17.229,202.29,11.7412502176563,10.605,1.624,5,NaN,0.119747368421053,1,1
1011010501,2021-05-23,42.331,296.7594,7.01045096973849,14.382,15.146,12.803,NaN,0.07122,1,1
1011010504,2021-05-23,137.485,672.2948,4.88995017638288,45.467,41.648,50.37,NaN,0.0851533333333334,1,1
1011010801,2021-05-23,62.384,518.0462,8.30415170556553,37.311,17.899,7.174,NaN,0.0813097222222222,1,1
1011010101,2021-05-24,148.831,785.9468,5.28080037089047,63.784,33.775,51.272,NaN,0.102803,2,0
1011010201,2021-05-24,40.924,302.762,7.39815267324797,18.736,7.161,15.027,NaN,0.14142,2,0
1011010402,2021-05-24,4.28,42.8,10,3.779,0,0.501,NaN,0.119747368421053,2,0
1011010501,2021-05-24,17.043,119.5666,7.01558411077862,5.03,4.327,7.686,NaN,0.07122,2,0
1011010504,2021-05-24,54.772,320.7176,5.85550281165559,18.717,10.623,25.432,NaN,0.0851533333333334,2,0
1011010801,2021-05-24,29.627,318.7934,10.7602322206096,14.232,4.676,10.719,10,0.0813097222222222,2,0
1011010101,2021-05-25,130.325,664.059,5.09540763475926,52.87,31.041,46.414,NaN,0.102803,3,0
1011010201,2021-05-25,29.554,224.739,7.60435135683833,8.683,6.18,14.691,NaN,0.14142,3,0
1011010402,2021-05-25,5.412,54.12,10,4.56,0.852,0,NaN,0.119747368421053,3,0
1011010501,2021-05-25,17.94,122.0698,6.80433667781494,7.978,7.236,2.726,NaN,0.07122,3,0
1011010504,2021-05-25,57.519,353.8548,6.15196369895165,19.136,12.491,25.892,NaN,0.0851533333333334,3,0
1011010801,2021-05-25,35.047,332.0504,9.4744314777299,10.296,7.06,17.691,12,0.0813097222222222,3,0
1011010101,2021-05-26,166.467,838.8032,5.03885574918753,66.817,40.974,58.676,1,0.102803,4,0
1011010201,2021-05-26,46.547,347.63,7.46836530818313,21.002,10.07,15.475,NaN,0.14142,4,0
1011010402,2021-05-26,4.008,40.08,10,1.954,0,2.054,NaN,0.119747368421053,4,0
1011010501,2021-05-26,15.81,95.8226,6.06088551549652,6.068,4.361,5.381,NaN,0.07122,4,0
1011010504,2021-05-26,65.416,387.218,5.91931637519873,19.599,13.241,32.576,NaN,0.0851533333333334,4,0
1011010801,2021-05-26,31.969,240.2784,7.51598110669711,8.561,7.14,16.268,12,0.0813097222222222,4,0
1011010101,2021-05-27,145.237,677.959,4.66794962716112,55.197,34.732,55.308,NaN,0.102803,5,0
1011010201,2021-05-27,43.952,335.414,7.63137058609392,16.157,8.833,18.962,NaN,0.14142,5,0
1011010402,2021-05-27,8.319,83.19,10,6.676,0.862,0.781,NaN,0.119747368421053,5,0
1011010501,2021-05-27,15.645,94.813,6.06027484819431,2.164,2.475,11.006,NaN,0.07122,5,0
1011010504,2021-05-27,37.078,280.1516,7.55573655536976,10.417,8.947,17.714,NaN,0.0851533333333334,5,0
1011010801,2021-05-27,19.574,139.8082,7.14254623480127,5.143,6.751,7.68,10,0.0813097222222222,5,0
1011010101,2021-05-28,123.824,586.6604,4.73785695826334,60.759,29.215,33.85,NaN,0.102803,6,0
1011010201,2021-05-28,42.189,323.658,7.67162056460215,17.048,8.716,16.425,NaN,0.14142,6,0
1011010402,2021-05-28,6.205,62.05,10,2.145,2.847,1.213,NaN,0.119747368421053,6,0
1011010501,2021-05-28,16.472,96.6398,5.86691355026712,7.764,1.914,6.794,NaN,0.07122,6,0
1011010504,2021-05-28,67.01,363.1592,5.41947768989703,19.214,11.163,36.633,NaN,0.0851533333333334,6,0
1011010801,2021-05-28,28.172,280.0812,9.94182876615078,11.622,6.089,10.461,12,0.0813097222222222,6,0
1011010101,2021-05-29,180.875,954.1888,5.27540456116102,104.406,31.098,45.371,NaN,0.102803,7,1
1011010201,2021-05-29,52.779,348.8,6.60868906193751,23.441,15.34,13.998,NaN,0.14142,7,1
1011010402,2021-05-29,9.57,95.7,10,6.514,1.744,1.312,NaN,0.119747368421053,7,1
1011010501,2021-05-29,18.291,119.8882,6.55449127986441,8.48,4.843,4.968,NaN,0.07122,7,1
1011010504,2021-05-29,116.845,616.5252,5.27643630450597,45.223,26.01,45.612,NaN,0.0851533333333334,7,1
1011010801,2021-05-29,35.882,321.6894,8.96520260855024,16.784,8.325,10.773,12,0.0813097222222222,7,1
1011010101,2021-05-30,196.236,987.7686,5.03357487922706,78.758,59.722,57.756,NaN,0.102803,1,1
1011010201,2021-05-30,21.296,120.827,5.67369459053343,7.12,9.893,4.283,NaN,0.14142,1,1
1011010402,2021-05-30,4.719,47.19,10,3.467,0.721,0.531,NaN,0.119747368421053,1,1
1011010501,2021-05-30,27.038,159.936,5.91523041645092,13.078,6.113,7.847,NaN,0.07122,1,1
1011010504,2021-05-30,106.615,488.1136,4.5782826056371,40.386,24.827,41.402,NaN,0.0851533333333334,1,1
1011010801,2021-05-30,33.492,383.1896,11.441227755882,13.289,9.453,10.75,12,0.0813097222222222,1,1
1011010101,2021-05-31,191.98,1014.1018,5.28233045108866,80.879,50.653,60.448,NaN,0.102803,2,0
1011010201,2021-05-31,39.165,249.173,6.3621345589174,14.636,9.054,15.475,NaN,0.14142,2,0
1011010402,2021-05-31,5.404,54.04,10,5.143,0.261,0,NaN,0.119747368421053,2,0
1011010501,2021-05-31,25.363,139.95,5.51788037692702,9.621,3.825,11.917,NaN,0.07122,2,0
1011010504,2021-05-31,60.118,273.3956,4.54764962240926,20.821,11.62,27.677,NaN,0.0851533333333334,2,0
1011010801,2021-05-31,34.114,353.5602,10.3640792636454,10.163,8.518,15.433,10,0.0813097222222222,2,0
1011010101,2021-06-01,151.091,773.1038,5.11680907532547,64.001,41.04,46.05,NaN,0.102803,3,0
1011010201,2021-06-01,41.593,286.175,6.88036448440843,20.232,7.141,14.22,NaN,0.14142,3,0
1011010402,2021-06-01,7.217,72.17,10,6.115,0.39,0.712,NaN,0.119747368421053,3,0
1011010501,2021-06-01,26.938,132.09,4.90348206993838,13.621,3.518,9.799,NaN,0.07122,3,0
1011010504,2021-06-01,76.648,357.7766,4.66778780920572,29.748,15.074,31.826,NaN,0.0851533333333334,3,0
1011010801,2021-06-01,33.668,390.0558,11.5853570155637,14.179,6.29,13.199,NaN,0.0813097222222222,3,0
1011010101,2021-06-02,178.517,895.9152,5.01865480598486,73.909,35.013,69.595,NaN,0.102803,4,0
1011010201,2021-06-02,43.414,296.502,6.82964020822776,19.297,9.365,14.752,NaN,0.14142,4,0
1011010402,2021-06-02,8.681,86.81,10,3.338,2.727,2.616,NaN,0.119747368421053,4,0
1011010501,2021-06-02,27.706,148.873,5.3733126398614,17.964,3.54,6.202,NaN,0.07122,4,0
1011010504,2021-06-02,89.386,290.4744,3.24966325822836,29.954,14.334,45.098,NaN,0.0851533333333334,4,0
1011010801,2021-06-02,43.528,429.843,9.87509189487227,13.234,9.221,21.073,12,0.0813097222222222,4,0
1011010101,2021-06-03,142.372,654.9906,4.60055769392858,55.132,33.013,54.227,NaN,0.102803,5,0
1011010201,2021-06-03,36.284,262.136,7.2245617903208,20.089,6.652,9.543,NaN,0.14142,5,0
1011010402,2021-06-03,11.019,110.19,10,4.733,1.655,4.631,NaN,0.119747368421053,5,0
1011010501,2021-06-03,11.679,70.836,6.06524531209864,2.639,3.011,6.029,NaN,0.07122,5,0
1011010504,2021-06-03,75.206,283.7836,3.7734170145999,30.049,21.525,23.632,NaN,0.0851533333333334,5,0
1011010801,2021-06-03,48.365,440.7986,9.11399979323891,11.452,8.522,28.391,10,0.0813097222222222,5,0
1011010101,2021-06-04,121.093,601.6274,4.96830865533103,60.056,23.847,37.19,NaN,0.102803,6,0
1011010201,2021-06-04,31.416,249.537,7.94299083269671,8.741,5.738,16.937,NaN,0.14142,6,0
1011010402,2021-06-04,13.461,150.706,11.1957506871703,5.992,4.116,3.353,NaN,0.119747368421053,6,0
1011010501,2021-06-04,16.743,96.555,5.7668876545422,4.833,2.332,9.578,NaN,0.07122,6,0
1011010504,2021-06-04,63.703,355.5244,5.58096792929689,23.21,13.565,26.928,4.8,0.0851533333333334,6,0
1011010801,2021-06-04,47.048,475.4778,10.1062276823669,11.547,14.305,21.196,10,0.0813097222222222,6,0
1011010101,2021-06-05,204.287,1054.9114,5.16386945816425,109.633,41.055,53.599,NaN,0.102803,7,1
1011010201,2021-06-05,61.486,499.182,8.11862863090785,27.555,10.399,23.532,NaN,0.14142,7,1
1011010402,2021-06-05,19.495,216.074,11.0835598871505,13.018,4.484,1.993,NaN,0.119747368421053,7,1
1011010501,2021-06-05,36.367,221.9526,6.10313196029367,17.972,7.232,11.163,NaN,0.07122,7,1
1011010504,2021-06-05,91.95,519.5194,5.65002066340402,39.68,15.309,36.961,13.9,0.0851533333333334,7,1
1011010801,2021-06-05,42.32,303.5118,7.17182892249527,18.992,7.347,15.981,10,0.0813097222222222,7,1
1011010101,2021-06-06,222.817,1060.7738,4.76073997944502,129.743,29.421,63.653,4.43644494130799,0.102803,1,1
1011010201,2021-06-06,42.143,302.292,7.17300619319935,34.753,6.558,0.832,NaN,0.14142,1,1
1011010402,2021-06-06,7.182,94.656,13.1796157059315,5.5,0.866,0.816,NaN,0.119747368421053,1,1
1011010501,2021-06-06,30.644,162.585,5.30560631771309,14.834,4.567,11.243,4.6,0.07122,1,1
1011010504,2021-06-06,88.671,509.7354,5.74861454139459,40.866,19.623,28.182,3.96541786743516,0.0851533333333334,1,1
1011010801,2021-06-06,32.745,318.3988,9.72358528019545,16.539,6.573,9.633,10,0.0813097222222222,1,1
1011010101,2021-06-07,148.539,805.0144,5.41954907465379,64.493,24.281,59.765,NaN,0.102803,2,0
1011010201,2021-06-07,24.819,197.028,7.93859543091986,15.104,2.412,7.303,NaN,0.14142,2,0
1011010402,2021-06-07,8.757,101.11,11.5461916181341,6.652,1.231,0.874,NaN,0.119747368421053,2,0
1011010501,2021-06-07,29.868,118.4126,3.96453060131244,11.484,1.761,16.623,NaN,0.07122,2,0
1011010504,2021-06-07,68.965,405.9273,5.88598999492496,23.704,10.969,34.292,7.35807106598985,0.0851533333333334,2,0
1011010801,2021-06-07,27.872,251.323,9.01704219288175,15.089,3.879,8.904,NaN,0.0813097222222222,2,0
1011010101,2021-06-08,144.482,690.284,4.77764704253817,65.164,23.242,56.076,9.6,0.102803,3,0
1011010201,2021-06-08,25.106,185.616,7.39329244005417,11.489,1.799,11.818,NaN,0.14142,3,0
1011010402,2021-06-08,7.394,82.376,11.1409250743846,3.483,1.354,2.557,NaN,0.119747368421053,3,0
1011010501,2021-06-08,24.611,138.816,5.64040469708667,8.978,4.602,11.031,NaN,0.07122,3,0
1011010504,2021-06-08,56.101,295.1468,5.26099000017825,19.311,8.515,28.275,4.8,0.0851533333333334,3,0
1011010801,2021-06-08,28.108,312.7006,11.1249679806461,9.052,6.029,13.027,10,0.0813097222222222,3,0
1011010101,2021-06-09,126.359,715.7282,5.66424393988556,71.53,25.24,29.589,NaN,0.102803,4,0
1011010201,2021-06-09,26.845,219.741,8.1855466567331,10.255,4.023,12.567,NaN,0.14142,4,0
1011010402,2021-06-09,7.943,110.019,13.8510638297872,6.971,0.657,0.315,NaN,0.119747368421053,4,0
1011010501,2021-06-09,19.353,93.3834,4.82526740040304,7.301,3.525,8.527,NaN,0.07122,4,0
1011010504,2021-06-09,52.093,316.9268,6.08386539458277,20.417,9.168,22.508,NaN,0.0851533333333334,4,0
1011010801,2021-06-09,31.399,358.7652,11.4260071976815,13.217,8.412,9.77,10,0.0813097222222222,4,0
1011010101,2021-06-10,122.004,711.3776,5.8307727615488,55.044,29.065,37.895,NaN,0.102803,5,0
1011010201,2021-06-10,13.847,103.589,7.48097060735177,6.251,0.817,6.779,NaN,0.14142,5,0
1011010402,2021-06-10,10.34,174.5224,16.8783752417795,4.097,3.523,2.72,NaN,0.119747368421053,5,0
1011010501,2021-06-10,24.961,122.1056,4.89185529425904,10.411,6.784,7.766,NaN,0.07122,5,0
1011010504,2021-06-10,57.091,278.432,4.87698586467219,21.987,10.794,24.31,NaN,0.0851533333333334,5,0
1011010801,2021-06-10,29.393,292.3026,9.94463307590242,9.768,6.371,13.254,10.5849462365591,0.0813097222222222,5,0
1011010101,2021-06-11,129.982,789.5222,6.07408871997661,68.235,22.128,39.619,NaN,0.102803,6,0
1011010201,2021-06-11,21.048,164.928,7.83580387685291,11.808,2.334,6.906,NaN,0.14142,6,0
1011010402,2021-06-11,6.744,112.4228,16.6700474495848,5.512,0.412,0.82,NaN,0.119747368421053,6,0
1011010501,2021-06-11,16.567,49.643,2.99649906440514,5.215,1.511,9.841,NaN,0.07122,6,0
1011010504,2021-06-11,74.873,412.3522,5.5073551213388,25.873,14.225,34.775,NaN,0.0851533333333334,6,0
1011010801,2021-06-11,25.579,306.9514,12.0001329215372,12.259,4.181,9.139,10,0.0813097222222222,6,0
1011010101,2021-06-12,210.267,1237.7112,5.88637874702164,112.086,46.025,52.156,NaN,0.102803,7,1
1011010201,2021-06-12,52.462,388.222,7.40006099653082,25.53,17.014,9.918,NaN,0.14142,7,1
1011010402,2021-06-12,22.347,366.9466,16.4203964737996,13.199,6.725,2.423,NaN,0.119747368421053,7,1
1011010501,2021-06-12,48.073,289.865,6.02968402221621,12.053,15.639,20.381,NaN,0.07122,7,1
1011010504,2021-06-12,77.636,500.0742,6.44126693801844,33.554,21.999,22.083,NaN,0.0851533333333334,7,1
1011010801,2021-06-12,62.009,729.7954,11.7691851182893,42.717,9.593,9.699,10,0.0813097222222222,7,1
1011010101,2021-06-13,211.28,1111.3354,5.26001230594472,103.542,40.981,66.757,5.53520249221184,0.102803,1,1
1011010201,2021-06-13,62.324,476.2778,7.64196457223542,25.273,17.108,19.943,6.7,0.14142,1,1
1011010402,2021-06-13,11.431,220.9804,19.3316770186335,9.926,1.505,0,NaN,0.119747368421053,1,1
1011010501,2021-06-13,40.009,233.1483,5.82739633582444,13.833,11.425,14.751,1.9,0.07122,1,1
1011010504,2021-06-13,88.876,483.0853,5.43549777217697,35.57,23.258,30.048,13.3,0.0851533333333334,1,1
1011010801,2021-06-13,74.602,921.3626,12.3503739846117,35.474,21.323,17.805,5.13535762483131,0.0813097222222222,1,1
1011010101,2021-06-14,170.272,873.5112,5.13009302762639,95.312,35.989,38.971,NaN,0.102803,2,0
1011010201,2021-06-14,73.037,547.068,7.49028574558101,34.127,18.576,20.334,NaN,0.14142,2,0
1011010402,2021-06-14,14.049,258.692,18.4135525660189,13.214,0.293,0.542,NaN,0.119747368421053,2,0
1011010501,2021-06-14,37.545,176.366,4.69745638567053,19.683,7.675,10.187,NaN,0.07122,2,0
1011010504,2021-06-14,69.697,378.5292,5.43106876910053,34.214,13.31,22.173,NaN,0.0851533333333334,2,0
1011010801,2021-06-14,56.049,635.4052,11.3366019019073,30.678,12.004,13.367,NaN,0.0813097222222222,2,0
1011010101,2021-06-15,127.719,643.0562,5.03492980684158,51.923,31.084,44.712,NaN,0.102803,3,0
1011010201,2021-06-15,45.326,379.8,8.37929665092883,16.383,13.221,15.722,NaN,0.14142,3,0
1011010402,2021-06-15,9.998,187.7056,18.7743148629726,4.064,2.639,3.295,NaN,0.119747368421053,3,0
1011010501,2021-06-15,20.698,109.332,5.28224949270461,6.665,5.87,8.163,NaN,0.07122,3,0
1011010504,2021-06-15,61.187,386.5196,6.31702158955334,22.298,12.907,25.982,NaN,0.0851533333333334,3,0
1011010801,2021-06-15,31.346,272.3302,8.68787724111529,7.576,4.733,19.037,NaN,0.0813097222222222,3,0
1011010101,2021-06-16,104.991,559.5713,5.32970730824547,49.223,24.99,30.778,2.3,0.102803,4,0
1011010201,2021-06-16,12.99,110.964,8.54226327944573,6.539,3.456,2.995,NaN,0.14142,4,0
1011010402,2021-06-16,5.187,68.2764,13.162984384037,3.061,0.987,1.139,NaN,0.119747368421053,4,0
1011010501,2021-06-16,19.793,92.512,4.67397564795635,7.499,6.659,5.635,NaN,0.07122,4,0
1011010504,2021-06-16,46.695,258.4872,5.53565049791198,18.096,9.19,19.409,NaN,0.0851533333333334,4,0
1011010801,2021-06-16,29.826,253.322,8.49332796888621,11.324,7.179,11.323,NaN,0.0813097222222222,4,0
1011010101,2021-06-17,113.507,546.9986,4.81907371351547,48.371,28.383,36.753,NaN,0.102803,5,0
1011010201,2021-06-17,48.477,387.122,7.98568393258659,20.261,9.359,18.857,8,0.14142,5,0
1011010402,2021-06-17,9.409,136.409,14.4977149537677,4.182,2.806,2.421,NaN,0.119747368421053,5,0
1011010501,2021-06-17,28.237,145.978,5.16974182809788,5.784,6.21,16.243,NaN,0.07122,5,0
1011010504,2021-06-17,45.845,232.8422,5.07890064347257,14.676,8.817,22.352,NaN,0.0851533333333334,5,0
1011010801,2021-06-17,22.835,248.197,10.8691482373549,5.751,4.748,12.336,NaN,0.0813097222222222,5,0
1011010101,2021-06-18,150.875,809.407,5.36475227837614,70.133,34.123,46.619,NaN,0.102803,6,0
1011010201,2021-06-18,34.971,280.474,8.02018815590061,12.341,12.394,10.236,NaN,0.14142,6,0
1011010402,2021-06-18,7.902,140.6044,17.7935206276892,4.408,1.883,1.611,NaN,0.119747368421053,6,0
1011010501,2021-06-18,27.339,147.666,5.40129485350598,8.484,5.47,13.385,NaN,0.07122,6,0
1011010504,2021-06-18,46.754,241.0446,5.15559310433332,15.244,15.318,16.192,NaN,0.0851533333333334,6,0
1011010801,2021-06-18,29.867,295.102,9.88053704757759,11.276,8.219,10.372,NaN,0.0813097222222222,6,0
1011010101,2021-06-19,203.369,1137.2068,5.59183946422513,100.404,42.903,60.062,NaN,0.102803,7,1
1011010201,2021-06-19,44.511,392.409,8.81600053919256,23.949,15.784,4.778,NaN,0.14142,7,1
1011010402,2021-06-19,10.313,186.3838,18.0727043537283,9.545,0.768,0,NaN,0.119747368421053,7,1
1011010501,2021-06-19,30.488,145.54,4.77368144843873,13.45,10.615,6.423,NaN,0.07122,7,1
1011010504,2021-06-19,87.633,490.297,5.59489005283398,34.174,21.647,31.812,NaN,0.0851533333333334,7,1
1011010801,2021-06-19,39.484,393.3918,9.96332185188938,25.309,8.775,5.4,NaN,0.0813097222222222,7,1
1011010101,2021-06-20,202.307,1083.797,5.35718981547846,97.35,48.603,56.354,NaN,0.102803,1,1
1011010201,2021-06-20,43.614,374.973,8.59753748796258,24.318,12.405,6.891,NaN,0.14142,1,1
1011010402,2021-06-20,10.001,199.1202,19.9100289971003,7.236,1.841,0.924,NaN,0.119747368421053,1,1
1011010501,2021-06-20,61.881,319.558,5.16407297878186,25.498,13.105,23.278,NaN,0.07122,1,1
1011010504,2021-06-20,85.134,447.479,5.25617262198416,37.303,25.62,22.211,NaN,0.0851533333333334,1,1
1011010801,2021-06-20,38.578,466.7458,12.0987557675359,22.918,7.361,8.299,NaN,0.0813097222222222,1,1
1011010101,2021-06-21,150.07,809.2008,5.39215566069168,75.835,29.288,44.947,NaN,0.102803,2,0
1011010201,2021-06-21,54.07,492.096,9.10109117810246,28.357,9.085,16.628,NaN,0.14142,2,0
1011010402,2021-06-21,9.9,156.4032,15.798303030303,6.763,2.321,0.816,NaN,0.119747368421053,2,0
1011010501,2021-06-21,18.566,80.476,4.33459011095551,7.206,4.899,6.461,NaN,0.07122,2,0
1011010504,2021-06-21,58.693,295.504,5.03474008825584,19.8,13.76,25.133,NaN,0.0851533333333334,2,0
1011010801,2021-06-21,24.224,301.9778,12.4660584544254,10.829,5.176,8.219,12,0.0813097222222222,2,0
1011010101,2021-06-22,126.439,738.4164,5.84009996915509,60.904,23.814,41.721,6.6,0.102803,3,0
1011010201,2021-06-22,26.162,235.68,9.00848558978671,11.986,4.482,9.694,NaN,0.14142,3,0
1011010402,2021-06-22,13.91,202.1816,14.5349820273185,7.729,3.973,2.208,NaN,0.119747368421053,3,0
1011010501,2021-06-22,30.92,147.728,4.77774902975421,14.399,2.82,13.701,NaN,0.07122,3,0
1011010504,2021-06-22,56.135,343.2924,6.11547875656899,21.422,11.231,23.482,NaN,0.0851533333333334,3,0
1011010801,2021-06-22,29.299,276.0998,9.42352298713267,15.413,3.299,10.587,13.6071856287425,0.0813097222222222,3,0
1011010101,2021-06-23,123.214,718.0432,5.82761049880696,49.074,26.968,47.172,2,0.102803,4,0
1011010201,2021-06-23,57.723,511.89,8.86804220154878,22.415,12.196,23.112,NaN,0.14142,4,0
1011010402,2021-06-23,10.931,141.3774,12.9336199798738,7.393,1.027,2.511,NaN,0.119747368421053,4,0
1011010501,2021-06-23,24.859,105.392,4.23959129490325,8.338,2.966,13.555,5,0.07122,4,0
1011010504,2021-06-23,53.901,342.8034,6.35987087438081,19.343,9.702,24.856,NaN,0.0851533333333334,4,0
1011010801,2021-06-23,32.793,359.9754,10.9772024517427,11.886,6.207,14.7,12,0.0813097222222222,4,0
1011010101,2021-06-24,127.946,729.972,5.70531317899739,57.702,26.214,44.03,3,0.102803,5,0
1011010201,2021-06-24,34.885,313.81,8.99555682958291,12.904,7.384,14.597,NaN,0.14142,5,0
1011010402,2021-06-24,6.119,110.9536,18.1326360516424,5.377,0,0.742,NaN,0.119747368421053,5,0
1011010501,2021-06-24,19.543,91.6968,4.69205342066213,6.207,5.63,7.706,NaN,0.07122,5,0
1011010504,2021-06-24,41.586,254.4178,6.11787139902852,18.279,6.533,16.774,NaN,0.0851533333333334,5,0
1011010801,2021-06-24,31.747,303.3978,9.5567392194538,12.912,7.513,11.322,12,0.0813097222222222,5,0
1011010101,2021-06-25,146.582,880.3358,6.00575650489146,65.601,24.738,56.243,NaN,0.102803,6,0
1011010201,2021-06-25,40.437,361.436,8.93824962287015,18.276,3.859,18.302,NaN,0.14142,6,0
1011010402,2021-06-25,10.916,127.979,11.7239831440088,6.897,2.853,1.166,NaN,0.119747368421053,6,0
1011010501,2021-06-25,12.896,67.6654,5.24700682382134,2.807,2.014,8.075,NaN,0.07122,6,0
1011010504,2021-06-25,35.531,178.2172,5.01582280262306,12.337,4.871,18.323,NaN,0.0851533333333334,6,0
1011010801,2021-06-25,32.537,365.6764,11.2387866121646,11.371,7.671,13.495,NaN,0.0813097222222222,6,0
1011010101,2021-06-26,197.69,1211.443,6.12799332287926,82.276,44.806,70.608,NaN,0.102803,7,1
1011010201,2021-06-26,71.821,679.586,9.46221857116999,29.378,15.81,26.633,NaN,0.14142,7,1
1011010402,2021-06-26,20.953,260.1548,12.4161122512289,16.288,4.164,0.501,NaN,0.119747368421053,7,1
1011010501,2021-06-26,35.449,185.3258,5.22795565460239,14.593,7.395,13.461,NaN,0.07122,7,1
1011010504,2021-06-26,82.439,464.737,5.63734397554555,31.036,20.202,31.201,NaN,0.0851533333333334,7,1
1011010801,2021-06-26,47.402,519.3622,10.9565461372938,17.173,9.85,20.379,12,0.0813097222222222,7,1
1011010101,2021-06-27,213.547,1296.8696,6.07299376718006,108.557,49.172,55.818,NaN,0.102803,1,1
1011010201,2021-06-27,56.542,523.866,9.26507728767995,24.874,17.985,13.683,NaN,0.14142,1,1
1011010402,2021-06-27,19.982,276.0006,13.8124612150936,14.936,4.381,0.665,NaN,0.119747368421053,1,1
1011010501,2021-06-27,31.776,205.9788,6.48221299093656,15.121,10.823,5.832,NaN,0.07122,1,1
1011010504,2021-06-27,79.121,411.0442,5.19513403521189,30.381,19.042,29.698,NaN,0.0851533333333334,1,1
1011010801,2021-06-27,49.14,574.2844,11.6866992266992,26.115,16.535,6.49,NaN,0.0813097222222222,1,1
1011010101,2021-06-28,125.782,795.7592,6.32649504698605,60.032,22.198,43.552,6.8,0.102803,2,0
1011010201,2021-06-28,35.784,328.412,9.17762128325509,15.408,8.264,12.112,NaN,0.14142,2,0
1011010402,2021-06-28,9.933,128.496,12.9362730292963,4.965,1.383,3.585,NaN,0.119747368421053,2,0
1011010501,2021-06-28,21.088,122.3342,5.80112860394537,10.171,2.425,8.492,NaN,0.07122,2,0
1011010504,2021-06-28,45.81,300.2122,6.55342065051299,16.113,6.252,23.445,NaN,0.0851533333333334,2,0
1011010801,2021-06-28,33.153,366.3578,11.0505172985853,13.767,7.232,12.154,NaN,0.0813097222222222,2,0
1011010101,2021-06-29,110.196,673.6922,6.11358125521797,51.504,22.966,35.726,NaN,0.102803,3,0
1011010201,2021-06-29,34.383,320.576,9.32367739871448,14.455,6.289,13.639,NaN,0.14142,3,0
1011010402,2021-06-29,9.52,104.011,10.925525210084,4.517,1.735,3.268,NaN,0.119747368421053,3,0
1011010501,2021-06-29,19.721,98.915,5.01571928401197,7.233,3.017,9.471,NaN,0.07122,3,0
1011010504,2021-06-29,40.321,277.4828,6.88184320825376,18.053,6.616,15.652,NaN,0.0851533333333334,3,0
1011010801,2021-06-29,26.399,267.2494,10.1234667979848,9.165,6.82,10.414,10,0.0813097222222222,3,0
1011010101,2021-06-30,125.415,795.0218,6.33912849340191,65.498,25.65,34.267,NaN,0.102803,4,0
1011010201,2021-06-30,27.052,249.294,9.21536300458376,14.543,6.515,5.994,NaN,0.14142,4,0
1011010402,2021-06-30,7.464,109.7642,14.7058145766345,5.053,1.321,1.09,NaN,0.119747368421053,4,0
1011010501,2021-06-30,27.425,137.863,5.0269097538742,12.366,3.208,11.851,NaN,0.07122,4,0
1011010504,2021-06-30,39.114,266.0906,6.80295035025822,17.307,10.088,11.719,NaN,0.0851533333333334,4,0
1011010801,2021-06-30,41.537,413.7296,9.96050749933794,18.587,8.446,14.504,10,0.0813097222222222,4,0
1011010101,2021-07-01,148.597,966.3102,6.50289171383002,75.324,32.036,41.237,NaN,0.102803,5,0
1011010201,2021-07-01,33.72,298.347,8.84777580071174,15.315,6.221,12.184,NaN,0.14142,5,0
1011010402,2021-07-01,8.512,113.2644,13.3064379699248,5.074,1.777,1.661,NaN,0.119747368421053,5,0
1011010501,2021-07-01,26.278,128.053,4.87301164472182,11.039,6.41,8.829,NaN,0.07122,5,0
1011010504,2021-07-01,54.567,347.4836,6.36801729983323,21.916,12.049,20.602,NaN,0.0851533333333334,5,0
1011010801,2021-07-01,32.65,346.141,10.6015620214395,13.732,8.971,9.947,10,0.0813097222222222,5,0
1011010101,2021-07-02,133.586,815.5383,6.10496833500517,59.866,28.634,45.086,4.3,0.102803,6,0
1011010201,2021-07-02,24.972,231.672,9.27727054300817,14.346,5.103,5.523,NaN,0.14142,6,0
1011010402,2021-07-02,10.79,138.6138,12.8465060240964,8.382,0.995,1.413,NaN,0.119747368421053,6,0
1011010501,2021-07-02,28.565,123.388,4.31955189917731,10.301,8.871,9.393,NaN,0.07122,6,0
1011010504,2021-07-02,51.785,403.2709,7.78740755044897,24.623,8.729,18.433,3.7,0.0851533333333334,6,0
1011010801,2021-07-02,34.247,357.5962,10.4416795631734,19.076,6.968,8.203,NaN,0.0813097222222222,6,0
1011010101,2021-07-03,197.925,1228.9836,6.20933990147783,98.873,44.696,54.356,NaN,0.102803,7,1
1011010201,2021-07-03,48.497,428.046,8.82623667443347,21.426,14.086,12.985,NaN,0.14142,7,1
1011010402,2021-07-03,29.657,322.8914,10.8875273965674,21.001,4.766,3.89,NaN,0.119747368421053,7,1
1011010501,2021-07-03,47.285,224.1828,4.74109759966163,25.361,9.89,12.034,1.8,0.07122,7,1
1011010504,2021-07-03,73.552,481.927,6.5521943658908,28.522,11.544,33.486,NaN,0.0851533333333334,7,1
1011010801,2021-07-03,66.849,808.725,12.0977875510479,38.249,13.378,15.222,10,0.0813097222222222,7,1
1011010101,2021-07-04,197.322,1195.2086,6.05714821459341,99.197,37.283,60.842,NaN,0.102803,1,1
1011010201,2021-07-04,45.679,397.654,8.70540073118939,25.083,9.714,10.882,NaN,0.14142,1,1
1011010402,2021-07-04,24.214,235.2362,9.71488395143306,15.267,1.382,7.565,NaN,0.119747368421053,1,1
1011010501,2021-07-04,39.241,194.218,4.94936418541831,13.465,8.114,17.662,NaN,0.07122,1,1
1011010504,2021-07-04,57.583,393.914,6.84080370942813,20.519,10.567,26.497,NaN,0.0851533333333334,1,1
1011010801,2021-07-04,44.466,486.5004,10.9409526379706,18.591,10.835,15.04,NaN,0.0813097222222222,1,1
1011010101,2021-07-05,176.276,1105.9436,6.27393178878576,77.795,38.12,60.361,NaN,0.102803,2,0
1011010201,2021-07-05,66.355,533.562,8.04102177680657,33.096,17.411,15.848,NaN,0.14142,2,0
1011010402,2021-07-05,14.947,131.6762,8.80954037599518,10.665,0.756,3.526,NaN,0.119747368421053,2,0
1011010501,2021-07-05,49.588,227.714,4.59211906106316,22.107,8.431,19.05,NaN,0.07122,2,0
1011010504,2021-07-05,53.877,391.438,7.26540082038718,24.215,12.498,17.164,NaN,0.0851533333333334,2,0
1011010801,2021-07-05,40.491,428.5782,10.5845298955323,17.5,11.488,11.503,10,0.0813097222222222,2,0
1011010101,2021-07-06,173.864,1063.0446,6.11423066304698,67.508,41.902,64.454,NaN,0.102803,3,0
1011010201,2021-07-06,44.901,394.034,8.77561746954411,21.285,10.17,13.446,NaN,0.14142,3,0
1011010402,2021-07-06,7.861,90.4666,11.5082813891362,2.525,2.863,2.473,NaN,0.119747368421053,3,0
1011010501,2021-07-06,49.005,227.692,4.64630139781655,12.867,14.706,21.432,NaN,0.07122,3,0
1011010504,2021-07-06,46.553,355.636,7.63937877258179,16.872,10.773,18.908,NaN,0.0851533333333334,3,0
1011010801,2021-07-06,36.365,476.797,13.1114258215317,12.051,10.566,13.748,12,0.0813097222222222,3,0
1011010101,2021-07-07,149.514,865.4684,5.7885442165951,54.779,31.243,63.492,NaN,0.102803,4,0
1011010201,2021-07-07,40.488,347.548,8.58397549891326,18.526,10.264,11.698,NaN,0.14142,4,0
1011010402,2021-07-07,8.404,120.956,14.3926701570681,6.53,0,1.874,NaN,0.119747368421053,4,0
1011010501,2021-07-07,31.752,116.248,3.66112370874276,10.323,5.355,16.074,NaN,0.07122,4,0
1011010504,2021-07-07,38.244,272.744,7.13168078652861,13.409,7.125,17.71,NaN,0.0851533333333334,4,0
1011010801,2021-07-07,26.099,317.4616,12.1637457373846,8.108,4.929,13.062,10,0.0813097222222222,4,0
1011010101,2021-07-08,143.491,860.8002,5.99898390839844,58.466,30.574,54.451,NaN,0.102803,5,0
1011010201,2021-07-08,61.361,480.018,7.82285164844119,28.534,21.199,11.628,NaN,0.14142,5,0
1011010402,2021-07-08,12.209,143.569,11.7592759439758,8.15,2.887,1.172,NaN,0.119747368421053,5,0
1011010501,2021-07-08,33.078,139.172,4.20738859665034,11.16,12.003,9.915,NaN,0.07122,5,0
1011010504,2021-07-08,44.995,317.628,7.05918435381709,16.479,6.539,21.977,NaN,0.0851533333333334,5,0
1011010801,2021-07-08,34.071,327.3754,9.60862316926418,10.515,6.986,16.57,12,0.0813097222222222,5,0
1011010101,2021-07-09,114.966,726.2382,6.31698241219143,49.963,24.043,40.96,NaN,0.102803,6,0
1011010201,2021-07-09,28.476,238.076,8.36058435173479,16.53,6.385,5.561,NaN,0.14142,6,0
1011010402,2021-07-09,4.507,61.784,13.7084535167517,3.387,0.713,0.407,NaN,0.119747368421053,6,0
1011010501,2021-07-09,22.81,100.952,4.42577816747041,5.384,7.909,9.517,NaN,0.07122,6,0
1011010504,2021-07-09,34.612,268.3076,7.75186640471513,10.807,7.618,16.187,NaN,0.0851533333333334,6,0
1011010801,2021-07-09,26.496,267.5068,10.0961201690821,6.473,6.126,13.897,6,0.0813097222222222,6,0
1011010101,2021-07-10,176.065,1072.244,6.09004628972255,84.608,41.994,49.463,6,0.102803,7,1
1011010201,2021-07-10,70.59,565.133,8.00585068706616,26.589,18.787,25.214,8,0.14142,7,1
1011010402,2021-07-10,14.838,216.1706,14.5687154603046,11.276,3.362,0.2,NaN,0.119747368421053,7,1
1011010501,2021-07-10,49.929,244.502,4.89699373109816,22.127,14.176,13.626,NaN,0.07122,7,1
1011010504,2021-07-10,52.771,373.0246,7.06874230164295,25.51,13.814,13.447,NaN,0.0851533333333334,7,1
1011010801,2021-07-10,41.077,405.5076,9.87188937848431,20.25,11.117,9.71,NaN,0.0813097222222222,7,1
1011010101,2021-07-11,212.957,1285.536,6.03659893781374,108.743,44.544,59.67,6,0.102803,1,1
1011010201,2021-07-11,75.634,564.162,7.45910569320676,37.867,16.907,20.86,8,0.14142,1,1
1011010402,2021-07-11,14.099,229.7322,16.2942194481878,10.173,1.082,2.844,NaN,0.119747368421053,1,1
1011010501,2021-07-11,40.365,185.3024,4.59067013501796,15.673,7.181,17.511,NaN,0.07122,1,1
1011010504,2021-07-11,39.195,299.916,7.65189437428243,22.397,9.804,6.994,NaN,0.0851533333333334,1,1
1011010801,2021-07-11,38.382,331.023,8.62443332812256,22.558,5.148,10.676,12,0.0813097222222222,1,1
1011010101,2021-07-12,140.305,856.216,6.10253376572467,62.584,19.166,58.555,6,0.102803,2,0
1011010201,2021-07-12,24.48,199.421,8.14628267973856,8.993,5.138,10.349,8,0.14142,2,0
1011010402,2021-07-12,7.559,121.7306,16.1040613837809,2.704,0.583,4.272,NaN,0.119747368421053,2,0
1011010501,2021-07-12,24.025,121.8924,5.0735650364204,5.525,3.85,14.65,NaN,0.07122,2,0
1011010504,2021-07-12,42.472,308.5996,7.26595404030891,16.238,9.188,17.046,NaN,0.0851533333333334,2,0
1011010801,2021-07-12,24.08,161.5922,6.71063953488372,10.036,6.028,8.016,NaN,0.0813097222222222,2,0
1011010101,2021-07-13,149.772,980.757,6.54833346686964,64.395,21.007,64.37,6,0.102803,3,0
1011010201,2021-07-13,47.258,376.538,7.96770917093402,24.005,9.653,13.6,8,0.14142,3,0
1011010402,2021-07-13,7.123,137.4376,19.2949038326548,4.336,0.222,2.565,NaN,0.119747368421053,3,0
1011010501,2021-07-13,28.125,148.3748,5.27554844444444,7.896,3.689,16.54,NaN,0.07122,3,0
1011010504,2021-07-13,24.629,245.562,9.97044134962849,6.052,4.306,14.271,6,0.0851533333333334,3,0
1011010801,2021-07-13,18.59,189.124,10.1734265734266,9.081,2.716,6.793,NaN,0.0813097222222222,3,0
1011010101,2021-07-14,163.863,892.806,5.44849050731404,67.779,29.464,66.62,6,0.102803,4,0
1011010201,2021-07-14,50.127,372.325,7.42763381012229,26.107,7.103,16.917,8,0.14142,4,0
1011010402,2021-07-14,14.182,149.3462,10.5306867860668,8.215,1.202,4.765,6,0.119747368421053,4,0
1011010501,2021-07-14,20.281,101.12,4.98594743848923,7.089,4.245,8.947,NaN,0.07122,4,0
1011010504,2021-07-14,51.339,300.0606,5.84469117045521,17.256,7.738,26.345,NaN,0.0851533333333334,4,0
1011010801,2021-07-14,43.512,472.9676,10.8698198198198,16.953,5.594,20.965,NaN,0.0813097222222222,4,0
1011010101,2021-07-15,141.75,852.9634,6.01737848324515,83.831,25.312,32.607,6,0.102803,5,0
1011010201,2021-07-15,27.632,213.479,7.725788940359,12.112,8.529,6.991,8,0.14142,5,0
1011010402,2021-07-15,5.78,78.5042,13.5820415224913,3.952,0.714,1.114,NaN,0.119747368421053,5,0
1011010501,2021-07-15,17.221,112.035,6.50571976075721,8.264,5.776,3.181,NaN,0.07122,5,0
1011010504,2021-07-15,48.957,331.63,6.77390362971587,27.518,9.422,12.017,NaN,0.0851533333333334,5,0
1011010801,2021-07-15,29.008,302.8262,10.4394029233315,14.241,5.271,9.496,NaN,0.0813097222222222,5,0
1011010101,2021-07-16,236.055,1379.338,5.84329075850967,77.76,57.292,101.003,NaN,0.102803,6,0
1011010201,2021-07-16,39.074,298.02,7.62706659159543,15.165,14.617,9.292,NaN,0.14142,6,0
1011010402,2021-07-16,23.636,221.4064,9.36733795904552,7.186,2.628,13.822,14,0.119747368421053,6,0
1011010501,2021-07-16,53.38,318.996,5.97594604720869,16.094,11.438,25.848,NaN,0.07122,6,0
1011010504,2021-07-16,57.948,425.103,7.33593911782978,16.013,15.297,26.638,NaN,0.0851533333333334,6,0
1011010801,2021-07-16,47.644,477.731,10.0270968012761,10.469,9.525,27.65,NaN,0.0813097222222222,6,0
1011010101,2021-07-17,223.655,1427.3442,6.38190158950169,123.355,38.358,61.942,NaN,0.102803,7,1
1011010201,2021-07-17,79.353,592.918,7.47190402379242,37.524,14.392,27.437,NaN,0.14142,7,1
1011010402,2021-07-17,27.115,339.122,12.5068043518348,19.511,2.297,5.307,14,0.119747368421053,7,1
1011010501,2021-07-17,29.918,198.727,6.64238919713885,16.054,4.355,9.509,NaN,0.07122,7,1
1011010504,2021-07-17,60.204,446.595,7.4180287024118,19.646,14.115,26.443,NaN,0.0851533333333334,7,1
1011010801,2021-07-17,46.115,520.0804,11.2779008999241,22.281,10.931,12.903,NaN,0.0813097222222222,7,1
1011010101,2021-07-18,234.028,1391.1018,5.94416821918745,103.601,48.754,81.673,3,0.102803,1,1
1011010201,2021-07-18,60.81,458.842,7.54550238447624,40.475,12.183,8.152,NaN,0.14142,1,1
1011010402,2021-07-18,30.138,343.8446,11.4090052425509,17.049,4.454,8.635,12.0029188109686,0.119747368421053,1,1
1011010501,2021-07-18,31.604,190.157,6.01686495380331,14.192,7.225,10.187,NaN,0.07122,1,1
1011010504,2021-07-18,67.134,505.163,7.5246968749069,31.897,17.118,18.119,NaN,0.0851533333333334,1,1
1011010801,2021-07-18,43.166,495.5266,11.4795579854515,24.807,9.435,8.924,NaN,0.0813097222222222,1,1
1011010101,2021-07-19,174.827,1089.4348,6.23150199911913,62.298,36.835,75.694,3,0.102803,2,0
1011010201,2021-07-19,34.935,270.339,7.7383426363246,14.279,8.101,12.555,NaN,0.14142,2,0
1011010402,2021-07-19,15.754,239.7022,15.2153230925479,9.698,3.484,2.572,14,0.119747368421053,2,0
1011010501,2021-07-19,19.986,113.711,5.68953267287101,7.671,4.808,7.507,NaN,0.07122,2,0
1011010504,2021-07-19,40.146,339.608,8.45932346933692,15.785,9.64,14.721,NaN,0.0851533333333334,2,0
1011010801,2021-07-19,40.629,371.048,9.13259002190554,16.926,14.959,8.744,NaN,0.0813097222222222,2,0
1011010101,2021-07-20,152.362,988.2304,6.48606870479516,69.538,23.749,59.075,NaN,0.102803,3,0
1011010201,2021-07-20,46.461,363.393,7.82146316265255,21.228,12.449,12.784,NaN,0.14142,3,0
1011010402,2021-07-20,12.512,206.1934,16.4796515345269,6.949,2.585,2.978,14,0.119747368421053,3,0
1011010501,2021-07-20,19.324,121.593,6.29233078037673,8.292,4.905,6.127,NaN,0.07122,3,0
1011010504,2021-07-20,40.886,299.178,7.31737024898498,15.457,7.921,17.508,NaN,0.0851533333333334,3,0
1011010801,2021-07-20,27.025,315.734,11.6830342275671,13.169,5.891,7.965,NaN,0.0813097222222222,3,0
1011010101,2021-07-21,152.653,976.6402,6.3977792771842,73.432,30.494,48.727,NaN,0.102803,4,0
1011010201,2021-07-21,52.983,412.202,7.77989166336372,24.465,8.949,19.569,NaN,0.14142,4,0
1011010402,2021-07-21,18.057,267.7503,14.8280611397242,8.661,4.336,5.06,13.5794477067132,0.119747368421053,4,0
1011010501,2021-07-21,22.554,160.268,7.10596789926399,10.072,3.584,8.898,NaN,0.07122,4,0
1011010504,2021-07-21,58.081,419.509,7.22282674196381,15.638,12.226,30.217,NaN,0.0851533333333334,4,0
1011010801,2021-07-21,36.182,370.4296,10.2379525731026,12.457,8.905,14.82,NaN,0.0813097222222222,4,0
1011010101,2021-07-22,154.625,1038.613,6.71697978981407,67.686,29.907,57.032,NaN,0.102803,5,0
1011010201,2021-07-22,34.223,273.784,8,15.176,9.162,9.885,NaN,0.14142,5,0
1011010402,2021-07-22,17.843,265.0412,14.8540716247268,12.743,1.44,3.66,14,0.119747368421053,5,0
1011010501,2021-07-22,26.636,210.271,7.89424087700856,8.116,5.494,13.026,NaN,0.07122,5,0
1011010504,2021-07-22,56.815,403.981,7.11046378597202,19.814,9.036,27.965,NaN,0.0851533333333334,5,0
1011010801,2021-07-22,31.031,311.7148,10.0452708581741,13.184,7.879,9.968,NaN,0.0813097222222222,5,0
1011010101,2021-07-23,150.636,975.7726,6.47768528107491,73.922,27.185,49.529,NaN,0.102803,6,0
1011010201,2021-07-23,38.509,291.478,7.56908774572178,12.63,4.84,21.039,6,0.14142,6,0
1011010402,2021-07-23,13.844,166.7126,12.0422276798613,11.868,1.248,0.728,NaN,0.119747368421053,6,0
1011010501,2021-07-23,19.1,168.033,8.79753926701571,7.762,5.095,6.243,NaN,0.07122,6,0
1011010504,2021-07-23,45.06,314.498,6.97953839325344,22.184,8.7,14.176,NaN,0.0851533333333334,6,0
1011010801,2021-07-23,28.61,371.2368,12.9757707095421,8.979,8.354,11.277,NaN,0.0813097222222222,6,0
1011010101,2021-07-24,206.923,1342.5908,6.48835943805184,95.878,43.031,68.014,5.8,0.102803,7,1
1011010201,2021-07-24,50.974,428.431,8.40489269039118,23.813,8.981,18.18,6,0.14142,7,1
1011010402,2021-07-24,32.222,414.317,12.8582024703619,21.833,6.231,4.158,NaN,0.119747368421053,7,1
1011010501,2021-07-24,37.029,292.866,7.90909827432553,14.313,6.299,16.417,NaN,0.07122,7,1
1011010504,2021-07-24,82.893,565.806,6.82573920596432,24.811,22.873,35.209,NaN,0.0851533333333334,7,1
1011010801,2021-07-24,35.038,464.9054,13.2686055140134,16.575,9.898,8.565,NaN,0.0813097222222222,7,1
1011010101,2021-07-25,248.502,1560.2746,6.27872049319523,123.692,52.776,72.034,4.8,0.102803,1,1
1011010201,2021-07-25,60.229,542.634,9.00951368941872,35.643,14.447,10.139,6,0.14142,1,1
1011010402,2021-07-25,24.134,279.756,11.5917792326179,16.86,4.366,2.908,NaN,0.119747368421053,1,1
1011010501,2021-07-25,29.736,260.812,8.77091740651063,14.938,5.515,9.283,NaN,0.07122,1,1
1011010504,2021-07-25,72.385,530.6142,7.33044415279409,30.852,18.405,23.128,NaN,0.0851533333333334,1,1
1011010801,2021-07-25,36.532,532.1476,14.5666155699113,21.061,4.973,10.498,NaN,0.0813097222222222,1,1
1011010101,2021-07-26,155.365,986.5698,6.35001319473498,75.11,31.09,49.165,3.5,0.102803,2,0
1011010201,2021-07-26,25.066,195.163,7.78596505226203,14.32,5.822,4.924,6,0.14142,2,0
1011010402,2021-07-26,16.444,216.3156,13.1546825589881,9.419,2.085,4.94,NaN,0.119747368421053,2,0
1011010501,2021-07-26,16.386,151.355,9.23684852923227,5.879,3.292,7.215,NaN,0.07122,2,0
1011010504,2021-07-26,47.928,316.5808,6.60534134535136,22.566,6.909,18.453,NaN,0.0851533333333334,2,0
1011010801,2021-07-26,30.861,434.8576,14.090846051651,14.57,6.069,10.222,NaN,0.0813097222222222,2,0
1011010101,2021-07-27,189.082,1108.737,5.8637892554553,87.913,27.295,73.874,NaN,0.102803,3,0
1011010201,2021-07-27,53.678,473.765,8.82605536718954,23.343,7.321,23.014,6,0.14142,3,0
1011010402,2021-07-27,33.891,461.2224,13.6089935381075,23.487,4.129,6.275,NaN,0.119747368421053,3,0
1011010501,2021-07-27,20.927,175.163,8.3701916184833,7.493,4.242,9.192,NaN,0.07122,3,0
1011010504,2021-07-27,54.649,385.495,7.05401745686106,27.96,8.133,18.556,NaN,0.0851533333333334,3,0
1011010801,2021-07-27,29.008,374.1788,12.8991588527303,13.308,5.441,10.259,NaN,0.0813097222222222,3,0
1011010101,2021-07-28,205.803,1317.1194,6.39990379148992,91.411,46.114,68.278,NaN,0.102803,4,0
1011010201,2021-07-28,58.303,551.396,9.45742071591513,23.31,10.677,24.316,NaN,0.14142,4,0
1011010402,2021-07-28,32.418,446.9332,13.7865753593683,20.641,4.498,7.279,NaN,0.119747368421053,4,0
1011010501,2021-07-28,15.551,140.416,9.02938717767346,4.818,2.885,7.848,NaN,0.07122,4,0
1011010504,2021-07-28,63.485,447.5016,7.04893439395133,27.311,12.099,24.075,NaN,0.0851533333333334,4,0
1011010801,2021-07-28,35.805,377.714,10.5491970395196,21.197,6.054,8.554,NaN,0.0813097222222222,4,0
1011010101,2021-07-29,193.613,1300.9928,6.71955292258268,82.768,34.564,76.281,NaN,0.102803,5,0
1011010201,2021-07-29,31.376,291.748,9.29844467108618,12.96,6.11,12.306,NaN,0.14142,5,0
1011010402,2021-07-29,17.107,191.8344,11.2137955223008,11.384,4.575,1.148,NaN,0.119747368421053,5,0
1011010501,2021-07-29,59.522,286.203,4.80835657403985,25.406,7.333,26.783,NaN,0.07122,5,0
1011010504,2021-07-29,33.377,251.3928,7.53191718848309,8.458,4.663,20.256,NaN,0.0851533333333334,5,0
1011010801,2021-07-29,26.28,332.216,12.641400304414,13.191,4.195,8.894,NaN,0.0813097222222222,5,0
1011010101,2021-07-30,214.155,1472.2514,6.87470010039457,97.774,35.145,81.236,NaN,0.102803,6,0
1011010201,2021-07-30,43.631,412.5012,9.45431459283537,22.176,3.811,17.644,9.2,0.14142,6,0
1011010402,2021-07-30,20.72,247.3596,11.9382046332046,11.256,6.667,2.797,NaN,0.119747368421053,6,0
1011010501,2021-07-30,33.845,227.4,6.71886541586645,17.637,4.857,11.351,NaN,0.07122,6,0
1011010504,2021-07-30,50.321,372.582,7.40410564177977,23.834,8.259,18.228,NaN,0.0851533333333334,6,0
1011010801,2021-07-30,28.865,370.7968,12.8458964143426,15.178,6.07,7.617,NaN,0.0813097222222222,6,0
1011010101,2021-07-31,255.972,1738.0036,6.78981919897489,135.812,44.663,75.497,7.4,0.102803,7,1
1011010201,2021-07-31,47.859,468.086,9.78052194989448,29.326,6.043,12.49,NaN,0.14142,7,1
1011010402,2021-07-31,23.282,292.8128,12.5767889356585,17.968,2.781,2.533,NaN,0.119747368421053,7,1
1011010501,2021-07-31,24.536,181.5038,7.39744864688621,11.587,6.227,6.722,NaN,0.07122,7,1
1011010504,2021-07-31,57.015,478.348,8.38986231693414,23.393,11.225,22.397,NaN,0.0851533333333334,7,1
1011010801,2021-07-31,44.567,447.5231,10.0415800928938,26.307,8.21,10.05,23.7,0.0813097222222222,7,1
1011010101,2021-08-01,251.271,1683.5803,6.70025709293949,120.08,38.937,92.254,4.81255958055291,0.102803,1,1
1011010201,2021-08-01,66.798,610.62,9.14129165543878,26.97,10.662,29.166,8.97565941032555,0.14142,1,1
1011010402,2021-08-01,36.228,414.7637,11.4487054212212,26.981,4.889,4.358,9.94772910409494,0.119747368421053,1,1
1011010501,2021-08-01,20.536,143.3434,6.98010323334632,8.389,3.57,8.577,8,0.07122,1,1
1011010504,2021-08-01,76.324,578.4027,7.57825454640742,35.663,12.109,28.552,6.96644458046897,0.0851533333333334,1,1
1011010801,2021-08-01,42.984,512.6758,11.9271310254979,22.829,9.977,10.178,7,0.0813097222222222,1,1
1011010101,2021-08-02,283.115,1894.6238,6.69206435547392,120.927,48.938,113.25,8.30437601296596,0.102803,2,0
1011010201,2021-08-02,24.162,219.818,9.09767403360649,21.089,2.631,0.442,9,0.14142,2,0
1011010402,2021-08-02,22.943,231.808,10.1036481715556,15.029,3.517,4.397,10,0.119747368421053,2,0
1011010501,2021-08-02,35.577,280.998,7.89830508474576,13.455,5.082,17.04,8,0.07122,2,0
1011010504,2021-08-02,79.129,627.0964,7.9249883102276,31.254,15.661,32.214,6.99164831405418,0.0851533333333334,2,0
1011010801,2021-08-02,57.648,633.1237,10.9825787538163,31.275,9.825,16.548,5.23117687543014,0.0813097222222222,2,0
1011010101,2021-08-03,264.825,1646.6174,6.21775663173794,125.271,54.042,85.512,NaN,0.102803,3,0
1011010201,2021-08-03,20.641,189.122,9.16244368005426,13.613,3.433,3.595,9,0.14142,3,0
1011010402,2021-08-03,27.549,295.7504,10.7354314131184,19.917,4.872,2.76,10,0.119747368421053,3,0
1011010501,2021-08-03,48.444,395.67,8.16757493188011,21.121,7.494,19.829,8,0.07122,3,0
1011010504,2021-08-03,55.901,491.046,8.78420779592494,27.985,13.382,14.534,7.00000000000001,0.0851533333333334,3,0
1011010801,2021-08-03,42.284,608.031,14.3796944470722,20.462,8.469,13.353,NaN,0.0813097222222222,3,0
1011010101,2021-08-04,313.269,1981.2976,6.32458877194999,149.925,47.241,116.103,NaN,0.102803,4,0
1011010201,2021-08-04,14.278,129.144,9.04496428071158,5.573,0.743,7.962,9,0.14142,4,0
1011010402,2021-08-04,22.617,232.64,10.2860680019454,17.375,1.371,3.871,10,0.119747368421053,4,0
1011010501,2021-08-04,33.147,245.824,7.41617642622258,17.215,4.621,11.311,8,0.07122,4,0
1011010504,2021-08-04,89.04,728.7744,8.18479784366577,38.118,13.058,37.864,7.00564657471615,0.0851533333333334,4,0
1011010801,2021-08-04,50.028,621.201,12.417066442792,30.273,5.394,14.361,5.5,0.0813097222222222,4,0
1011010101,2021-08-05,245.944,1569.2484,6.38051101063657,113.436,45.421,87.087,3,0.102803,5,0
1011010201,2021-08-05,26.638,245.484,9.21555672347774,8.232,3.485,14.921,9,0.14142,5,0
1011010402,2021-08-05,15.634,161.758,10.3465523858258,11.922,1.84,1.872,10,0.119747368421053,5,0
1011010501,2021-08-05,29.12,226.642,7.78303571428572,11.307,5.611,12.202,8,0.07122,5,0
1011010504,2021-08-05,65.069,494.604,7.60122331678679,26.236,8.231,30.602,7,0.0851533333333334,5,0
1011010801,2021-08-05,58.355,635.8422,10.896104875332,20.031,10.749,27.575,NaN,0.0813097222222222,5,0
1011010101,2021-08-06,189.756,1238.855,6.52867366512785,92.488,39.665,57.603,NaN,0.102803,6,0
1011010201,2021-08-06,28.948,287.259,9.92327621942794,15.183,3.032,10.733,NaN,0.14142,6,0
1011010402,2021-08-06,22.376,289.6244,12.9435287808366,12.098,5.372,4.906,NaN,0.119747368421053,6,0
1011010501,2021-08-06,20.331,180.138,8.86026265309134,7.139,3.343,9.849,NaN,0.07122,6,0
1011010504,2021-08-06,51.048,389.196,7.62411847672778,22.128,10.265,18.655,NaN,0.0851533333333334,6,0
1011010801,2021-08-06,51.397,616.4218,11.9933420238535,21.082,8.11,22.205,NaN,0.0813097222222222,6,0
1011010101,2021-08-07,232.089,1516.8392,6.53559281137839,129.672,39.034,63.383,NaN,0.102803,7,1
1011010201,2021-08-07,40.416,404.16,10,20.646,8.996,10.774,NaN,0.14142,7,1
1011010402,2021-08-07,28.627,367.7876,12.8475774618367,22.653,2.474,3.5,NaN,0.119747368421053,7,1
1011010501,2021-08-07,23.784,229.052,9.6305079044736,10.798,5.318,7.668,NaN,0.07122,7,1
1011010504,2021-08-07,69.382,506.552,7.30091378167248,29.096,11.228,29.058,NaN,0.0851533333333334,7,1
1011010801,2021-08-07,53.974,653.6324,12.1101345092081,30.781,9.804,13.389,23.6,0.0813097222222222,7,1
1011010101,2021-08-08,265.775,1856.5024,6.98524089925689,117.163,68.484,80.128,16.6,0.102803,1,1
1011010201,2021-08-08,50.406,504.06,10,22.363,11.604,16.439,NaN,0.14142,1,1
1011010402,2021-08-08,24.273,272.2204,11.2149466485395,15.604,5.747,2.922,9.2,0.119747368421053,1,1
1011010501,2021-08-08,32.192,361.536,11.2306163021869,14.709,5.49,11.993,NaN,0.07122,1,1
1011010504,2021-08-08,54.567,371.165,6.80200487474114,25.114,14.713,14.74,NaN,0.0851533333333334,1,1
1011010801,2021-08-08,57.351,603.6348,10.5252707014699,29.568,14.636,13.147,23.6,0.0813097222222222,1,1
1011010101,2021-08-09,234.344,1618.7516,6.90758713685864,85.769,56.503,92.072,NaN,0.102803,2,0
1011010201,2021-08-09,56.607,566.07,10,17.383,17.227,21.997,NaN,0.14142,2,0
1011010402,2021-08-09,19.711,197.11,10,10.423,6.788,2.5,NaN,0.119747368421053,2,0
1011010501,2021-08-09,31.015,238.654,7.69479284217314,12.047,6.853,12.115,NaN,0.07122,2,0
1011010504,2021-08-09,61.457,410.056,6.67224238085165,19.608,19.867,21.982,NaN,0.0851533333333334,2,0
1011010801,2021-08-09,41.987,523.4756,12.4675637697383,16.516,13.865,11.606,23.6,0.0813097222222222,2,0
1011010101,2021-08-10,193.189,1428.8936,7.3963507239025,89.017,44.385,59.787,NaN,0.102803,3,0
1011010201,2021-08-10,11.233,110.433,9.83112258523992,8.848,0.733,1.652,8,0.14142,3,0
1011010402,2021-08-10,24.532,273.6644,11.1554051850644,17.362,4.218,2.952,NaN,0.119747368421053,3,0
1011010501,2021-08-10,22.361,200.91,8.98483967622199,7.881,6.417,8.063,NaN,0.07122,3,0
1011010504,2021-08-10,66.971,474.76,7.08903853906915,26.539,12.84,27.592,NaN,0.0851533333333334,3,0
1011010801,2021-08-10,39.23,497.6824,12.6862707111904,18.86,9.247,11.123,23.6,0.0813097222222222,3,0
1011010101,2021-08-11,225.45,1570.7226,6.96705522288756,84.095,54.516,86.839,NaN,0.102803,4,0
1011010201,2021-08-11,1.054,10.54,10,0,1.054,0,NaN,0.14142,4,0
1011010402,2021-08-11,20.738,207.38,10,8.455,4.641,7.642,NaN,0.119747368421053,4,0
1011010501,2021-08-11,25.757,245.6835,9.53851380207322,8.507,5.169,12.081,7.1,0.07122,4,0
1011010504,2021-08-11,61.666,431.338,6.99474588914475,24.286,16.364,21.016,NaN,0.0851533333333334,4,0
1011010801,2021-08-11,44.244,548.2682,12.3919220685291,15.507,9.642,19.095,23.6353118712274,0.0813097222222222,4,0
1011010101,2021-08-12,275.876,1809.879,6.56048007075643,85.057,78.162,112.657,5.59552311661747,0.102803,5,0
1011010201,2021-08-12,12.87,128.7,10,5.02,3.935,3.915,NaN,0.14142,5,0
1011010402,2021-08-12,28.536,233.508,8.18292682926829,16.487,9.73,2.319,8,0.119747368421053,5,0
1011010501,2021-08-12,37.175,284.422,7.65089441829186,11.223,10.279,15.673,NaN,0.07122,5,0
1011010504,2021-08-12,83.793,583.412,6.96253863687898,22.988,29.365,31.44,NaN,0.0851533333333334,5,0
1011010801,2021-08-12,52.714,661.4588,12.548066927192,13.205,20.793,18.716,23.6,0.0813097222222222,5,0
1011010101,2021-08-13,274.08,1892.1722,6.90372227086982,104.746,87.404,81.93,5.6,0.102803,6,0
1011010201,2021-08-13,3.504,35.04,10,1.958,0.291,1.255,NaN,0.14142,6,0
1011010402,2021-08-13,37.722,306.392,8.12236890938974,24.238,11.525,1.959,8,0.119747368421053,6,0
1011010501,2021-08-13,49.079,373.146,7.60296664561218,15.296,16.165,17.618,NaN,0.07122,6,0
1011010504,2021-08-13,88.147,648.948,7.36211101909311,27.234,25.081,35.832,NaN,0.0851533333333334,6,0
1011010801,2021-08-13,57.871,640.0096,11.0592455634083,21.942,23.992,11.937,23.6,0.0813097222222222,6,0
1011010101,2021-08-14,281.13,1928.865,6.86111407533881,141.701,64.735,74.694,5.6,0.102803,7,1
1011010201,2021-08-14,16.528,165.28,10,2.811,4.529,9.188,NaN,0.14142,7,1
1011010402,2021-08-14,27.112,224.206,8.26962230746533,25.826,1.286,0,8,0.119747368421053,7,1
1011010501,2021-08-14,35.09,245.624,6.99982901111428,22.26,6.623,6.207,NaN,0.07122,7,1
1011010504,2021-08-14,96.491,658.863,6.82823268491362,43.494,20.226,32.771,NaN,0.0851533333333334,7,1
1011010801,2021-08-14,74.363,1105.8674,14.871204765811,45.966,14.526,13.871,23.6,0.0813097222222222,7,1
1011010101,2021-08-15,297.827,2073.4338,6.96187316798007,138.032,79.524,80.271,5.6,0.102803,1,1
1011010201,2021-08-15,8.103,81.03,10,2.5,2.259,3.344,NaN,0.14142,1,1
1011010402,2021-08-15,49.471,413.318,8.35475328980615,37.652,9.691,2.128,8,0.119747368421053,1,1
1011010501,2021-08-15,31.245,211.173,6.7586173787806,9.272,12.28,9.693,NaN,0.07122,1,1
1011010504,2021-08-15,78.349,603.469,7.70231911064596,36.643,20.567,21.139,11.2,0.0851533333333334,1,1
1011010801,2021-08-15,61.545,677.9512,11.0155365992363,31.689,12.721,17.135,23.6,0.0813097222222222,1,1
1011010101,2021-08-16,190.573,1406.8994,7.38246970977001,62.385,62.632,65.556,5.6,0.102803,2,0
1011010201,2021-08-16,6.045,60.45,10,1.215,3.575,1.255,NaN,0.14142,2,0
1011010402,2021-08-16,50.533,429.262,8.4946866404132,21.57,16.445,12.518,8,0.119747368421053,2,0
1011010501,2021-08-16,24.663,164.122,6.65458378948222,9.767,4.8,10.096,NaN,0.07122,2,0
1011010504,2021-08-16,52.116,434.341,8.33412003991097,16.566,10.211,25.339,NaN,0.0851533333333334,2,0
1011010801,2021-08-16,41.091,482.1078,11.7326859896328,16.012,11.24,13.839,23.6,0.0813097222222222,2,0
1011010101,2021-08-17,183.216,1402.9066,7.65711837394114,64.867,44.891,73.458,6,0.102803,3,0
1011010201,2021-08-17,9.498,94.98,10,4.267,2.259,2.972,NaN,0.14142,3,0
1011010402,2021-08-17,56.145,480.298,8.55459969721258,23.301,18.838,14.006,8,0.119747368421053,3,0
1011010501,2021-08-17,28.565,196.07,6.86399439873972,12.541,6.74,9.284,NaN,0.07122,3,0
1011010504,2021-08-17,59.86,465.638,7.77878382893418,17.141,14.848,27.871,NaN,0.0851533333333334,3,0
1011010801,2021-08-17,57.879,621.136,10.7316297793673,20.298,16.754,20.827,23.6,0.0813097222222222,3,0
1011010101,2021-08-18,185.59,1389.1288,7.48493345546635,89.706,29.017,66.867,6,0.102803,4,0
1011010201,2021-08-18,8.645,83.316,9.63747831116252,2.269,0,6.376,8,0.14142,4,0
1011010402,2021-08-18,54.55,467.276,8.56601283226398,25.402,11.713,17.435,8,0.119747368421053,4,0
1011010501,2021-08-18,25.035,192.989,7.70876772518474,8.407,4.927,11.701,NaN,0.07122,4,0
1011010504,2021-08-18,54.41,441.723,8.11841573240213,23.273,8.678,22.459,NaN,0.0851533333333334,4,0
1011010801,2021-08-18,38.636,449.4128,11.6319701832488,14.895,8.798,14.943,23.6,0.0813097222222222,4,0
1011010101,2021-08-19,183.245,1427.83,7.7919179240907,69.375,32.992,80.878,6,0.102803,5,0
1011010201,2021-08-19,8.906,89.06,10,7.601,0,1.305,NaN,0.14142,5,0
1011010402,2021-08-19,28.569,242.398,8.4846511953516,17.005,5.358,6.206,8,0.119747368421053,5,0
1011010501,2021-08-19,31.478,229.489,7.29045682699028,10.951,8.354,12.173,NaN,0.07122,5,0
1011010504,2021-08-19,50.988,373.816,7.33145053738135,19.49,8.558,22.94,NaN,0.0851533333333334,5,0
1011010801,2021-08-19,35.688,435.3024,12.1974445191661,15.829,7.937,11.922,23.6,0.0813097222222222,5,0
1011010101,2021-08-20,195.116,1445.7372,7.40962914368888,63.002,38.909,93.205,6,0.102803,6,0
1011010201,2021-08-20,47.274,396.666,8.39078563269451,21.146,12.321,13.807,8,0.14142,6,0
1011010402,2021-08-20,27.29,235.224,8.61942103334555,17.872,3.835,5.583,8,0.119747368421053,6,0
1011010501,2021-08-20,25.752,248.066,9.63288288288288,8.189,5.281,12.282,NaN,0.07122,6,0
1011010504,2021-08-20,47.075,353.637,7.5122039298991,16.236,10.505,20.334,NaN,0.0851533333333334,6,0
1011010801,2021-08-20,42.358,503.9318,11.8969686954058,21.406,8.516,12.436,23.6,0.0813097222222222,6,0
1011010101,2021-08-21,241.956,1808.9882,7.47651721800658,121.903,45.821,74.232,6,0.102803,7,1
1011010201,2021-08-21,34.9,303.314,8.69094555873926,13.022,8.696,13.182,8,0.14142,7,1
1011010402,2021-08-21,37.692,326.094,8.6515440942375,29.768,4.143,3.781,8,0.119747368421053,7,1
1011010501,2021-08-21,33.887,231.688,6.83707616490099,16.139,5.447,12.301,NaN,0.07122,7,1
1011010504,2021-08-21,67.629,533.398,7.88711943101332,27.212,16.55,23.867,NaN,0.0851533333333334,7,1
1011010801,2021-08-21,70.575,1159.3764,16.4275791710946,36.454,13.968,20.153,23.6,0.0813097222222222,7,1
1011010101,2021-08-22,281.156,2067.0782,7.35206860248403,155.585,72.543,53.028,4.94685637377427,0.102803,1,1
1011010201,2021-08-22,1.546,15.46,10,1.546,0,0,NaN,0.14142,1,1
1011010402,2021-08-22,51.313,523.218,10.1965973534972,40.352,7.951,3.01,NaN,0.119747368421053,1,1
1011010501,2021-08-22,21.861,159.385,7.29083756461278,11.581,3.155,7.125,NaN,0.07122,1,1
1011010504,2021-08-22,94.447,669.673,7.09046343451883,42.721,26.417,25.309,NaN,0.0851533333333334,1,1
1011010801,2021-08-22,60.822,960.0758,15.7850087139522,35.322,16.516,8.984,23.6,0.0813097222222222,1,1
1011010101,2021-08-23,178.374,1321.073,7.40619709150437,85.062,38.966,54.346,4.8,0.102803,2,0
1011010201,2021-08-23,4.509,45.09,10,1.115,1.044,2.35,NaN,0.14142,2,0
1011010402,2021-08-23,38.788,390.472,10.0668247911725,19.12,7.82,11.848,NaN,0.119747368421053,2,0
1011010501,2021-08-23,29.713,199.834,6.72547369838118,13.261,4.915,11.537,NaN,0.07122,2,0
1011010504,2021-08-23,15.773,135.953,8.61934952133393,8.248,4.661,2.864,NaN,0.0851533333333334,2,0
1011010801,2021-08-23,40.53,498.8602,12.3084184554651,20.536,10.937,9.057,23.6,0.0813097222222222,2,0
1011010101,2021-08-24,168.012,1298.313,7.72750160702807,66.208,37.476,64.328,4.8,0.102803,3,0
1011010201,2021-08-24,9.207,92.07,10,1.265,1.456,6.486,NaN,0.14142,3,0
1011010402,2021-08-24,31.616,323.284,10.2253289473684,15.848,3.121,12.647,NaN,0.119747368421053,3,0
1011010501,2021-08-24,22.695,153.405,6.75941837409121,10.033,3.318,9.344,NaN,0.07122,3,0
1011010504,2021-08-24,53.891,320.849,5.95366573268264,16.411,11.087,26.393,NaN,0.0851533333333334,3,0
1011010801,2021-08-24,43.365,489.493,11.2877435720051,14.543,10.525,18.297,23.6,0.0813097222222222,3,0
1011010101,2021-08-25,145.216,1236.846,8.51728459673865,55.568,40.459,49.189,4.8,0.102803,4,0
1011010201,2021-08-25,2.219,22.19,10,0.341,1.145,0.733,NaN,0.14142,4,0
1011010402,2021-08-25,35.363,291.732,8.24963945366626,20.601,7.807,6.955,NaN,0.119747368421053,4,0
1011010501,2021-08-25,27.139,182.24,6.71505950845647,9.067,9.373,8.699,NaN,0.07122,4,0
1011010504,2021-08-25,53.903,289.696,5.37439474611803,29.435,9.875,14.593,NaN,0.0851533333333334,4,0
1011010801,2021-08-25,34.177,386.7408,11.3158205810925,13.262,8.578,12.337,23.6,0.0813097222222222,4,0
1011010101,2021-08-26,255.505,1953.7194,7.6465016340189,72.487,67.694,115.324,4.8,0.102803,5,0
1011010201,2021-08-26,5.452,54.52,10,2.671,0.602,2.179,NaN,0.14142,5,0
1011010402,2021-08-26,63.126,515.144,8.16056775338213,32.776,11.604,18.746,NaN,0.119747368421053,5,0
1011010501,2021-08-26,34.842,248.52,7.13277079386947,8.749,11.198,14.895,6,0.07122,5,0
1011010504,2021-08-26,61.124,359.49,5.88132321183169,23.212,25.046,12.866,NaN,0.0851533333333334,5,0
1011010801,2021-08-26,49.747,607.1763,12.2052847407884,16.497,18.059,15.191,23.5995500692201,0.0813097222222222,5,0
1011010101,2021-08-27,259.053,1971.2064,7.6092784102095,107.806,63.706,87.541,NaN,0.102803,6,0
1011010201,2021-08-27,19.568,165.22,8.44337694194603,9.307,2.732,7.529,8,0.14142,6,0
1011010402,2021-08-27,56.396,459.668,8.15071990921342,36.863,15.023,4.51,NaN,0.119747368421053,6,0
1011010501,2021-08-27,33.381,233.774,7.00320541625476,15.904,9.96,7.517,NaN,0.07122,6,0
1011010504,2021-08-27,64.045,343.342,5.36094933250058,28.613,20.68,14.752,NaN,0.0851533333333334,6,0
1011010801,2021-08-27,61.288,653.7654,10.6671028586346,21.31,17.642,22.336,21.5992225906025,0.0813097222222222,6,0
1011010101,2021-08-28,244.915,1784.108,7.2846007798624,100.811,71.77,72.334,NaN,0.102803,7,1
1011010201,2021-08-28,35.502,319.94,9.011886654273,12.57,9.187,13.745,8,0.14142,7,1
1011010402,2021-08-28,49.574,412.984,8.33065719933836,33.935,11.487,4.152,NaN,0.119747368421053,7,1
1011010501,2021-08-28,34.078,253.705,7.4448324432185,19.182,9.604,5.292,NaN,0.07122,7,1
1011010504,2021-08-28,75.85,440.058,5.80168754119974,37.573,20.464,17.813,NaN,0.0851533333333334,7,1
1011010801,2021-08-28,61.493,720.841,11.72232611842,35.316,12.366,13.811,21.6,0.0813097222222222,7,1
1011010101,2021-08-29,229.082,1771.7462,7.73411354886023,98.753,64.711,65.618,NaN,0.102803,1,1
1011010201,2021-08-29,56.181,489.532,8.71347964614371,21.006,20.585,14.59,8,0.14142,1,1
1011010402,2021-08-29,55.375,454.136,8.20110158013544,36.36,12.253,6.762,NaN,0.119747368421053,1,1
1011010501,2021-08-29,39.917,310.353,7.7749580379287,16.129,15.677,8.111,NaN,0.07122,1,1
1011010504,2021-08-29,81.325,427.007,5.25062403934829,31.989,25.099,24.237,NaN,0.0851533333333334,1,1
1011010801,2021-08-29,65.999,729.445,11.0523644297641,34.398,14.076,17.525,21.5994950690335,0.0813097222222222,1,1
1011010101,2021-08-30,178.587,1399.7246,7.83777430608051,62.619,42.206,73.762,NaN,0.102803,2,0
1011010201,2021-08-30,48.287,408.786,8.46575682896017,13.935,16.036,18.316,8,0.14142,2,0
1011010402,2021-08-30,40.953,332.54,8.12004004590628,21.951,8.241,10.761,NaN,0.119747368421053,2,0
1011010501,2021-08-30,41.208,314.522,7.63254707823724,10.874,12.465,17.869,NaN,0.07122,2,0
1011010504,2021-08-30,65.327,382.244,5.85124068149463,17.774,15.06,32.493,NaN,0.0851533333333334,2,0
1011010801,2021-08-30,47.989,517.11,10.7755944070516,19.177,14.845,13.967,21.6,0.0813097222222222,2,0
1011010101,2021-08-31,165.821,1290.6386,7.78332418692445,65.324,37.282,63.215,NaN,0.102803,3,0
1011010201,2021-08-31,42.879,361.952,8.44124163343361,16.66,8.636,17.583,8,0.14142,3,0
1011010402,2021-08-31,31.335,256.564,8.18777724589118,14.32,7.855,9.16,NaN,0.119747368421053,3,0
1011010501,2021-08-31,39.432,305.287,7.74211300466626,12.394,7.24,19.798,NaN,0.07122,3,0
1011010504,2021-08-31,66.341,428.4972,6.45901026514524,24.025,14.828,27.488,NaN,0.0851533333333334,3,0
1011010801,2021-08-31,42.531,435.6228,10.2424772518869,18.998,6.445,17.088,21.6,0.0813097222222222,3,0
1011010101,2021-09-01,177.642,1336.0462,7.52100404183695,59.186,46.456,72,6,0.102803,4,0
1011010201,2021-09-01,8.003,80.03,10,4.609,1.084,2.31,NaN,0.14142,4,0
1011010402,2021-09-01,47.449,303.064,6.38715252165483,31.611,6.152,9.686,NaN,0.119747368421053,4,0
1011010501,2021-09-01,27.264,231.483,8.49042693661972,8.107,5.751,13.406,NaN,0.07122,4,0
1011010504,2021-09-01,44.769,325.5798,7.27243851772432,14.596,12.054,18.119,NaN,0.0851533333333334,4,0
1011010801,2021-09-01,61.883,570.0334,9.21147003215746,12.865,17.394,31.624,21.6,0.0813097222222222,4,0
1011010101,2021-09-02,161.364,1276.7444,7.91220098658933,65.019,45.944,50.401,6,0.102803,5,0
1011010201,2021-09-02,27.869,334.428,12,10.527,4.307,13.035,NaN,0.14142,5,0
1011010402,2021-09-02,45.638,293.418,6.42924755686051,21.56,11.257,12.821,NaN,0.119747368421053,5,0
1011010501,2021-09-02,24.511,205.6,8.38807066215169,8.68,7.04,8.791,NaN,0.07122,5,0
1011010504,2021-09-02,44.128,348.296,7.89285714285714,13.897,14.879,15.352,NaN,0.0851533333333334,5,0
1011010801,2021-09-02,40.494,422.572,10.4354225317331,14.673,11.905,13.916,21.6,0.0813097222222222,5,0
1011010101,2021-09-03,149.219,1190.489,7.97813281150524,53.079,40.239,55.901,6,0.102803,6,0
1011010201,2021-09-03,24.967,299.604,12,7.458,5.117,12.392,NaN,0.14142,6,0
1011010402,2021-09-03,54.834,364.792,6.65266075792392,32.83,7.077,14.927,NaN,0.119747368421053,6,0
1011010501,2021-09-03,20.685,181.352,8.76731931351221,6.451,4.455,9.779,NaN,0.07122,6,0
1011010504,2021-09-03,42.436,361.144,8.51032142520501,15.264,11.442,15.73,NaN,0.0851533333333334,6,0
1011010801,2021-09-03,46.246,486.733,10.5248670155257,13.684,16.893,15.669,21.6,0.0813097222222222,6,0
1011010101,2021-09-04,221.353,1716.02,7.75241356566208,90.696,59.757,70.9,6,0.102803,7,1
1011010201,2021-09-04,32.878,394.536,12,15.368,7.157,10.353,NaN,0.14142,7,1
1011010402,2021-09-04,66.409,430.156,6.47737505458598,52.404,11.066,2.939,NaN,0.119747368421053,7,1
1011010501,2021-09-04,26.823,241.694,9.01069977258323,11.107,4.735,10.981,NaN,0.07122,7,1
1011010504,2021-09-04,90.712,719.09,7.92717611782344,32.779,24.046,33.887,NaN,0.0851533333333334,7,1
1011010801,2021-09-04,78.639,961.0584,12.2211421813604,32.83,17.438,28.371,21.6,0.0813097222222222,7,1
1011010101,2021-09-05,238.552,1806.7762,7.57393021228076,98.907,64.355,75.29,6,0.102803,1,1
1011010201,2021-09-05,51.129,612.022,11.9701539243873,23.089,14.401,13.639,NaN,0.14142,1,1
1011010402,2021-09-05,58.946,374.142,6.34719913140841,49.499,5.779,3.668,NaN,0.119747368421053,1,1
1011010501,2021-09-05,30.823,260.966,8.466599617169,11.265,7.669,11.889,NaN,0.07122,1,1
1011010504,2021-09-05,63.285,597.361,9.43921940428222,30.07,12.128,21.087,NaN,0.0851533333333334,1,1
1011010801,2021-09-05,74.857,976.0944,13.0394538920876,31.735,19.764,23.358,21.6,0.0813097222222222,1,1
1011010101,2021-09-06,191.936,1573.135,8.19614350616873,71.249,49.63,71.057,7,0.102803,2,0
1011010201,2021-09-06,34.751,354.082,10.1891168599465,10.395,10.31,14.046,10,0.14142,2,0
1011010402,2021-09-06,33.471,270.244,8.0739744853754,21.522,5.702,6.247,NaN,0.119747368421053,2,0
1011010501,2021-09-06,20.716,184.626,8.91224174551072,6.587,6.36,7.769,NaN,0.07122,2,0
1011010504,2021-09-06,42.718,348.586,8.16016667446978,20.272,12.421,10.025,NaN,0.0851533333333334,2,0
1011010801,2021-09-06,37.744,418.6324,11.091362865621,13.208,10.617,13.919,21.6,0.0813097222222222,2,0
1011010101,2021-09-07,163.316,1372.8056,8.40582429155747,58.476,42.57,62.27,7,0.102803,3,0
1011010201,2021-09-07,23.172,236.618,10.2113757983774,9.725,4.959,8.488,10,0.14142,3,0
1011010402,2021-09-07,34.142,275.076,8.05682151016343,16.528,7.715,9.899,NaN,0.119747368421053,3,0
1011010501,2021-09-07,19.175,159.586,8.3226075619296,6.431,4.802,7.942,NaN,0.07122,3,0
1011010504,2021-09-07,45.236,386.3088,8.53985321425414,17.642,10.614,16.98,15.1,0.0851533333333334,3,0
1011010801,2021-09-07,44.438,456.6076,10.2751608983303,15.226,12.47,16.742,21.5991609858416,0.0813097222222222,3,0
1011010101,2021-09-08,161.268,1285.0652,7.96850708138006,53.732,29.6,77.936,7,0.102803,4,0
1011010201,2021-09-08,15.183,157.314,10.3611934400316,6.956,2.04,6.187,10,0.14142,4,0
1011010402,2021-09-08,38.571,311.444,8.07456379144953,14.334,8.102,16.135,NaN,0.119747368421053,4,0
1011010501,2021-09-08,16.32,133.052,8.15269607843137,3.982,2.312,10.026,NaN,0.07122,4,0
1011010504,2021-09-08,36.083,367.914,10.1963251392623,10.956,6.155,18.972,NaN,0.0851533333333334,4,0
1011010801,2021-09-08,42.227,407.8928,9.6595258957539,13.929,11.987,16.311,21.6,0.0813097222222222,4,0
1011010101,2021-09-09,120.989,999.0134,8.25705973270297,53.26,17.227,50.502,7,0.102803,5,0
1011010201,2021-09-09,14.255,143.152,10.0422307962119,6.501,4.516,3.238,10,0.14142,5,0
1011010402,2021-09-09,39.028,329.064,8.43148508762939,21.271,3.694,14.063,NaN,0.119747368421053,5,0
1011010501,2021-09-09,12.804,107.132,8.3670727897532,5.781,3.961,3.062,NaN,0.07122,5,0
1011010504,2021-09-09,39.957,402.971,10.0851165002378,16.372,7.467,16.118,NaN,0.0851533333333334,5,0
1011010801,2021-09-09,41.997,411.7544,9.80437650308355,11.901,6.566,23.53,21.5988693049551,0.0813097222222222,5,0
1011010101,2021-09-10,133.882,1092.973,8.16370385862177,46.99,25.393,61.499,7,0.102803,6,0
1011010201,2021-09-10,24.651,254.806,10.3365380714778,8.185,7.267,9.199,10,0.14142,6,0
1011010402,2021-09-10,43.851,301.728,6.88075528494219,25.317,7.089,11.445,NaN,0.119747368421053,6,0
1011010501,2021-09-10,13.491,113.028,8.37802979764287,2.266,1.369,9.856,NaN,0.07122,6,0
1011010504,2021-09-10,36.978,366.501,9.91132565309103,14.381,5.909,16.688,NaN,0.0851533333333334,6,0
1011010801,2021-09-10,35.582,422.2126,11.8659041088191,12.056,6.995,16.531,21.6,0.0813097222222222,6,0
1011010101,2021-09-11,257.43,1963.8984,7.62886376879152,119.618,52.477,85.335,2,0.102803,7,1
1011010201,2021-09-11,18.06,145.926,8.08006644518272,9.548,3.06,5.452,NaN,0.14142,7,1
1011010402,2021-09-11,67.532,462.312,6.84582124030089,44.202,14.35,8.98,NaN,0.119747368421053,7,1
1011010501,2021-09-11,26.026,214.934,8.25843387381849,10.473,7.187,8.366,NaN,0.07122,7,1
1011010504,2021-09-11,53.88,529.982,9.83634001484781,23.073,12.926,17.881,NaN,0.0851533333333334,7,1
1011010801,2021-09-11,62.394,663.3822,10.6321473218579,29.452,12.069,20.873,21.6,0.0813097222222222,7,1
1011010101,2021-09-12,275.532,2239.3478,8.12736016143316,131.633,55.992,87.907,2,0.102803,1,1
1011010201,2021-09-12,32.063,256.504,8,11.321,2.312,18.43,NaN,0.14142,1,1
1011010402,2021-09-12,57.208,381.138,6.66231995525101,45.966,5.024,6.218,NaN,0.119747368421053,1,1
1011010501,2021-09-12,34.906,282.924,8.1053114077809,14.846,7.54,12.52,NaN,0.07122,1,1
1011010504,2021-09-12,52.389,487.5578,9.30649182080208,28.909,9.648,13.832,NaN,0.0851533333333334,1,1
1011010801,2021-09-12,57.278,617.4814,10.7804287859213,29.061,13.124,15.093,21.5993429158111,0.0813097222222222,1,1
1011010101,2021-09-13,152.695,1040.8032,6.81622319001932,62.3,28.259,62.136,2,0.102803,2,0
1011010201,2021-09-13,11.356,136.272,12,3.713,1.689,5.954,NaN,0.14142,2,0
1011010402,2021-09-13,29.937,182.232,6.0871830844774,15.655,6.342,7.94,NaN,0.119747368421053,2,0
1011010501,2021-09-13,26.428,204.868,7.75192977145452,9.701,6.008,10.719,NaN,0.07122,2,0
1011010504,2021-09-13,46.014,419.366,9.1138783848394,22.155,6.745,17.114,NaN,0.0851533333333334,2,0
1011010801,2021-09-13,31.415,452.7578,14.4121534298902,10.947,5.972,14.496,21.5983452974814,0.0813097222222222,2,0
1011010101,2021-09-14,163.291,1193.244,7.30746948698949,77.777,30.627,54.887,2,0.102803,3,0
1011010201,2021-09-14,10.777,129.324,12,5.15,1.647,3.98,NaN,0.14142,3,0
1011010402,2021-09-14,41.431,282.21,6.81156621853201,30.099,6.196,5.136,NaN,0.119747368421053,3,0
1011010501,2021-09-14,24.411,186.907,7.65667117283192,12.941,1.323,10.147,NaN,0.07122,3,0
1011010504,2021-09-14,34.598,313.25,9.05399156020579,13.234,5.755,15.609,NaN,0.0851533333333334,3,0
1011010801,2021-09-14,35.185,425.1042,12.0819724314338,13.417,4.107,17.661,21.6,0.0813097222222222,3,0
1011010101,2021-09-15,150.327,1103.619,7.34145562673372,63.54,24.723,62.064,2,0.102803,4,0
1011010201,2021-09-15,12.702,152.424,12,5.77,2.575,4.357,NaN,0.14142,4,0
1011010402,2021-09-15,32.841,244.23,7.43674065954143,16.709,6.938,9.194,NaN,0.119747368421053,4,0
1011010501,2021-09-15,20.887,157.743,7.5522095083066,5.997,2.758,12.132,NaN,0.07122,4,0
1011010504,2021-09-15,33.653,314.136,9.33456155469052,15.561,8.259,9.833,NaN,0.0851533333333334,4,0
1011010801,2021-09-15,35.282,415.7536,11.7837310810045,9.598,6.887,18.797,21.6,0.0813097222222222,4,0
1011010101,2021-09-16,97.458,821.3688,8.42792587576186,44.077,19.521,33.86,8,0.102803,5,0
1011010201,2021-09-16,9.283,111.396,12,4.156,1.154,3.973,NaN,0.14142,5,0
1011010402,2021-09-16,35.965,263.6766,7.33147782566384,16.142,14.2,5.623,NaN,0.119747368421053,5,0
1011010501,2021-09-16,28.808,207.409,7.19970147181338,10.1,7.215,11.493,6,0.07122,5,0
1011010504,2021-09-16,33.706,338.607,10.0458968729603,14.311,7.047,12.348,NaN,0.0851533333333334,5,0
1011010801,2021-09-16,38.913,384.1278,9.87145169994604,10.967,9.773,18.173,NaN,0.0813097222222222,5,0
1011010101,2021-09-17,128.348,1108.2166,8.6344672297192,54.594,31.32,42.434,8,0.102803,6,0
1011010201,2021-09-17,13.163,157.956,12,7.059,3.771,2.333,NaN,0.14142,6,0
1011010402,2021-09-17,31.276,224.4552,7.17659547256682,12.22,12.076,6.98,NaN,0.119747368421053,6,0
1011010501,2021-09-17,22.689,157.075,6.92295826171272,8.071,4.269,10.349,6,0.07122,6,0
1011010504,2021-09-17,30.378,301.779,9.93412996247284,12.931,6.124,11.323,NaN,0.0851533333333334,6,0
1011010801,2021-09-17,33.651,355.5196,10.5649044604915,11.383,11.805,10.463,NaN,0.0813097222222222,6,0
1011010101,2021-09-18,134.812,1093.8648,8.11400172091505,50.636,29.567,54.609,8,0.102803,7,1
1011010201,2021-09-18,35.325,396.374,11.2207784854919,8.276,5.485,21.564,10,0.14142,7,1
1011010402,2021-09-18,34.827,252.5472,7.2514773020932,20.591,9.754,4.482,NaN,0.119747368421053,7,1
1011010501,2021-09-18,25.935,178.031,6.86450742240216,9.102,3.836,12.997,6,0.07122,7,1
1011010504,2021-09-18,45.049,443.344,9.84137272747453,19.614,10.687,14.748,NaN,0.0851533333333334,7,1
1011010801,2021-09-18,41.645,415.4632,9.97630447832873,13.242,11.246,17.157,NaN,0.0813097222222222,7,1
1011010101,2021-09-19,217.32,1855.626,8.53868028713418,95.933,50.721,70.666,8,0.102803,1,1
1011010201,2021-09-19,51.647,516.47,10,21.077,12.774,17.796,NaN,0.14142,1,1
1011010402,2021-09-19,93.77,743.4048,7.9279599018876,71.991,12.94,8.839,NaN,0.119747368421053,1,1
1011010501,2021-09-19,46.835,307.554,6.56675563147219,16.654,8.244,21.937,6,0.07122,1,1
1011010504,2021-09-19,75.511,745.4878,9.87257220802267,32.259,16.972,26.28,NaN,0.0851533333333334,1,1
1011010801,2021-09-19,113.493,1367.9322,12.0530094367053,57.498,23.382,32.613,NaN,0.0813097222222222,1,1
1011010101,2021-09-20,224.8,1888.632,8.40138790035587,95.586,60.542,68.672,8,0.102803,2,0
1011010201,2021-09-20,70.426,702.1164,9.96956237753102,26.343,21.362,22.721,NaN,0.14142,2,0
1011010402,2021-09-20,94.882,730.5018,7.69905566914694,62.02,20.645,12.217,NaN,0.119747368421053,2,0
1011010501,2021-09-20,40.869,290.425,7.10624189483471,25.294,4.909,10.666,6,0.07122,2,0
1011010504,2021-09-20,88.648,868.3414,9.79538624672863,43.66,22.261,22.727,NaN,0.0851533333333334,2,0
1011010801,2021-09-20,92.289,1175.2796,12.7347744584945,49.074,23.139,20.076,NaN,0.0813097222222222,2,0
1011010101,2021-09-21,239.77,1974.669,8.23568002669225,130.226,42.963,66.581,8,0.102803,3,0
1011010201,2021-09-21,56.3,563,10,27.452,10.362,18.486,NaN,0.14142,3,0
1011010402,2021-09-21,94.155,672.4614,7.14206786681536,67.217,14.589,12.349,NaN,0.119747368421053,3,0
1011010501,2021-09-21,32.473,233.244,7.18270563237151,14.226,10.147,8.1,6,0.07122,3,0
1011010504,2021-09-21,100.446,971.9278,9.67612249367819,54.252,18.389,27.805,7.99829208709506,0.0851533333333334,3,0
1011010801,2021-09-21,81.116,1022.699,12.6078578825386,43.02,18.663,19.433,NaN,0.0813097222222222,3,0
1011010101,2021-09-22,138.42,1179.691,8.52254731975148,62.529,32.737,43.154,8,0.102803,4,0
1011010201,2021-09-22,39.227,392.27,10,12.319,8.143,18.765,NaN,0.14142,4,0
1011010402,2021-09-22,30.22,226.6212,7.49904698874917,17.147,7.265,5.808,NaN,0.119747368421053,4,0
1011010501,2021-09-22,31.009,214.521,6.91802379954207,9.678,7.837,13.494,6,0.07122,4,0
1011010504,2021-09-22,50.963,478.767,9.39440378313678,22.071,11.627,17.265,NaN,0.0851533333333334,4,0
1011010801,2021-09-22,36.948,358.6516,9.7069286564902,12.88,8.716,15.352,NaN,0.0813097222222222,4,0
1011010101,2021-09-23,107.29,882.1366,8.22198340945102,55.619,20.442,31.229,8,0.102803,5,0
1011010201,2021-09-23,27.567,275.67,10,10.632,4.738,12.197,NaN,0.14142,5,0
1011010402,2021-09-23,19.216,157.132,8.17714404662781,10.09,5.863,3.263,NaN,0.119747368421053,5,0
1011010501,2021-09-23,22.845,153.977,6.74007441453272,9.049,3.491,10.305,6,0.07122,5,0
1011010504,2021-09-23,45.501,421.5736,9.26515021647876,16.07,9.124,20.307,NaN,0.0851533333333334,5,0
1011010801,2021-09-23,33.475,350.4852,10.4700582524272,19.521,4.235,9.719,NaN,0.0813097222222222,5,0
1011010101,2021-09-24,104.729,835.3696,7.97648788778657,47.761,17.663,39.305,8,0.102803,6,0
1011010201,2021-09-24,8.431,67.448,8,4.913,1.08,2.438,NaN,0.14142,6,0
1011010402,2021-09-24,32.314,249.052,7.70724763260506,17.6,9.205,5.509,6,0.119747368421053,6,0
1011010501,2021-09-24,15.31,109.819,7.17302416721097,1.512,3.727,10.071,6,0.07122,6,0
1011010504,2021-09-24,40.147,401.3693,9.99749171793658,11.189,9.606,19.352,7.99709531238392,0.0851533333333334,6,0
1011010801,2021-09-24,40.365,415.1176,10.284097609315,15.769,5.954,18.642,NaN,0.0813097222222222,6,0
1011010101,2021-09-25,186.971,1533.4314,8.2014397954763,95.373,47.138,44.46,7.99846957820082,0.102803,7,1
1011010201,2021-09-25,48.621,388.968,8,22.06,12.916,13.645,NaN,0.14142,7,1
1011010402,2021-09-25,43.444,267.776,6.16370499953964,32.365,6.192,4.887,NaN,0.119747368421053,7,1
1011010501,2021-09-25,36.043,244.897,6.79457869766668,12.616,10.444,12.983,6,0.07122,7,1
1011010504,2021-09-25,77.276,683.823,8.84909933226358,35.653,16.883,24.74,7.9983469676792,0.0851533333333334,7,1
1011010801,2021-09-25,38.452,381.614,9.92442525746385,19.954,6.697,11.801,NaN,0.0813097222222222,7,1
1011010101,2021-09-26,150.342,1179.8736,7.84793071796304,62.476,42.752,45.114,NaN,0.102803,1,1
1011010201,2021-09-26,2.299,18.392,8,1.244,1.055,0,NaN,0.14142,1,1
1011010402,2021-09-26,48.868,305.304,6.24752394204797,34.57,7.586,6.712,NaN,0.119747368421053,1,1
1011010501,2021-09-26,28.75,216.667,7.53624347826087,8.804,11.667,8.279,NaN,0.07122,1,1
1011010504,2021-09-26,46.272,406.6904,8.78912517289073,20.488,12.423,13.361,NaN,0.0851533333333334,1,1
1011010801,2021-09-26,27.192,262.0142,9.63570903206826,13.303,7.471,6.418,19.8,0.0813097222222222,1,1
1011010101,2021-09-27,96.875,736.4946,7.60252490322581,46.473,13.42,36.982,7,0.102803,2,0
1011010201,2021-09-27,4.863,38.904,8,2.626,2.237,0,NaN,0.14142,2,0
1011010402,2021-09-27,42.395,257.522,6.07434839014035,24.685,10.051,7.659,NaN,0.119747368421053,2,0
1011010501,2021-09-27,11.333,90.664,8,4.925,1.76,4.648,NaN,0.07122,2,0
1011010504,2021-09-27,32.674,314.337,9.62040154251087,13.049,7.881,11.744,NaN,0.0851533333333334,2,0
1011010801,2021-09-27,12.762,138.671,10.8659301049992,7.468,1.417,3.877,19.8,0.0813097222222222,2,0
1011010101,2021-09-28,104.01,796.8764,7.66153639073166,38.342,34.072,31.596,7,0.102803,3,0
1011010201,2021-09-28,12.669,122.598,9.67700686715605,3.885,2.309,6.475,NaN,0.14142,3,0
1011010402,2021-09-28,33.697,205.966,6.11229486304419,14.723,12.013,6.961,NaN,0.119747368421053,3,0
1011010501,2021-09-28,19.696,145.414,7.38292038992689,6.005,4.778,8.913,NaN,0.07122,3,0
1011010504,2021-09-28,34.777,308.0652,8.85830290134284,11.61,11.212,11.955,NaN,0.0851533333333334,3,0
1011010801,2021-09-28,21.671,181.7495,8.3867611093166,11.31,6.952,3.409,19.7995517184128,0.0813097222222222,3,0
1011010101,2021-09-29,113.135,903.46,7.98568082379458,52.314,16.924,43.897,7,0.102803,4,0
1011010201,2021-09-29,23.336,233.36,10,11.979,4.328,7.029,NaN,0.14142,4,0
1011010402,2021-09-29,39.563,280.5474,7.09115587796679,21.46,10.262,7.841,NaN,0.119747368421053,4,0
1011010501,2021-09-29,14.816,114.188,7.70707343412527,6.327,1.031,7.458,NaN,0.07122,4,0
1011010504,2021-09-29,50.474,379.3006,7.51477196180212,22.19,11.332,16.952,NaN,0.0851533333333334,4,0
1011010801,2021-09-29,15.119,189.2476,12.5172035187512,6.902,4.357,3.86,19.8,0.0813097222222222,4,0
1011010101,2021-09-30,106.123,830.5642,7.82642970892267,51.261,19.786,35.076,7,0.102803,5,0
1011010201,2021-09-30,34.511,345.11,10,13.415,6.576,14.52,NaN,0.14142,5,0
1011010402,2021-09-30,38.451,263.478,6.85230553171569,25.326,5.152,7.973,NaN,0.119747368421053,5,0
1011010501,2021-09-30,18.757,144.265,7.69126192887988,7.182,4.538,7.037,NaN,0.07122,5,0
1011010504,2021-09-30,37.589,284.784,7.57625901194498,13.408,9.586,14.595,NaN,0.0851533333333334,5,0
1011010801,2021-09-30,22.234,229.1998,10.3085274804354,9.175,4.606,8.453,19.8,0.0813097222222222,5,0
1011010101,2021-10-01,205.461,1615.2914,7.86179080214737,107.255,38.458,59.748,6,0.102803,6,0
1011010201,2021-10-01,57.402,556.661,9.69758893418348,24.689,11.949,20.764,9,0.14142,6,0
1011010402,2021-10-01,69.809,474.547,6.79779111575871,48.634,12.433,8.742,NaN,0.119747368421053,6,0
1011010501,2021-10-01,36.474,284.076,7.78845204803422,9.066,12.962,14.446,NaN,0.07122,6,0
1011010504,2021-10-01,81.648,606.4686,7.42784391534392,35.309,16.8,29.539,NaN,0.0851533333333334,6,0
1011010801,2021-10-01,45.217,709.659,15.6945175487096,21.478,13.077,10.662,19.8,0.0813097222222222,6,0
1011010101,2021-10-02,171.744,1277.1156,7.43615846841811,81.204,41.013,49.527,6,0.102803,7,1
1011010201,2021-10-02,40.743,396.867,9.74074074074074,20.112,9.118,11.513,9,0.14142,7,1
1011010402,2021-10-02,61.246,434.0752,7.08740489174803,45.251,9.669,6.326,NaN,0.119747368421053,7,1
1011010501,2021-10-02,31.974,261.243,8.17048226684181,11.625,5.173,15.176,NaN,0.07122,7,1
1011010504,2021-10-02,67.466,433.685,6.42820087155011,35.9,18.97,12.596,NaN,0.0851533333333334,7,1
1011010801,2021-10-02,38.088,475.3794,12.4810806553245,17.412,9.029,11.647,19.8,0.0813097222222222,7,1
1011010101,2021-10-03,176.123,1316.3808,7.4742129080245,98.359,38.368,39.396,6,0.102803,1,1
1011010201,2021-10-03,41.993,407.051,9.69330602719501,20.147,12.088,9.758,9,0.14142,1,1
1011010402,2021-10-03,52.697,356.0734,6.75699565440158,38.671,11.937,2.089,NaN,0.119747368421053,1,1
1011010501,2021-10-03,27.065,219.235,8.10031405874746,9.434,6.936,10.695,NaN,0.07122,1,1
1011010504,2021-10-03,37.899,296.3344,7.81905591176548,21.894,11.087,4.918,NaN,0.0851533333333334,1,1
1011010801,2021-10-03,43.27,450.3192,10.4071920499191,17.315,10.49,15.465,19.8,0.0813097222222222,1,1
1011010101,2021-10-04,172.9,1277.735,7.39002313475998,101.209,29.748,41.943,6,0.102803,2,0
1011010201,2021-10-04,40.928,409.28,10,17.707,5.161,18.06,NaN,0.14142,2,0
1011010402,2021-10-04,40.08,277.485,6.92327844311377,23.038,13.307,3.735,NaN,0.119747368421053,2,0
1011010501,2021-10-04,20.632,183.236,8.88115548662272,8.589,4.975,7.068,NaN,0.07122,2,0
1011010504,2021-10-04,70.165,464.168,6.61537803748308,29.061,19.386,21.718,NaN,0.0851533333333334,2,0
1011010801,2021-10-04,38.497,404.4618,10.5063199729849,13.894,13.684,10.919,19.8,0.0813097222222222,2,0
1011010101,2021-10-05,183.026,1422.3978,7.77156141750352,93.832,42.64,46.554,6,0.102803,3,0
1011010201,2021-10-05,51.957,519.57,10,22.685,13.252,16.02,NaN,0.14142,3,0
1011010402,2021-10-05,53.813,460,8.54812034266813,34.729,9.273,9.811,NaN,0.119747368421053,3,0
1011010501,2021-10-05,36.423,262.416,7.2046783625731,11.026,6.516,18.881,NaN,0.07122,3,0
1011010504,2021-10-05,74.013,496.596,6.70957804709983,38.737,18.686,16.59,NaN,0.0851533333333334,3,0
1011010801,2021-10-05,33.416,269.3172,8.05952836964328,15.967,11.762,5.687,19.8,0.0813097222222222,3,0
1011010101,2021-10-06,265.796,1947.841,7.32833074989842,116.975,77.417,71.404,2.6,0.102803,4,0
1011010201,2021-10-06,42.165,421.65,10,16.503,8.957,16.705,NaN,0.14142,4,0
1011010402,2021-10-06,50.852,342.4682,6.73460630850311,26.965,13.192,10.695,NaN,0.119747368421053,4,0
1011010501,2021-10-06,24.095,212.685,8.82693504876531,11.316,6.078,6.701,NaN,0.07122,4,0
1011010504,2021-10-06,79.233,465.896,5.88007522118309,32.285,25.014,21.934,NaN,0.0851533333333334,4,0
1011010801,2021-10-06,55.723,622.3236,11.1681639538431,22.782,19.277,13.664,NaN,0.0813097222222222,4,0
1011010101,2021-10-07,183.783,1266.3394,6.89040553261183,65.219,56.742,61.822,2.6,0.102803,5,0
1011010201,2021-10-07,23.278,279.336,12,8.011,5.611,9.656,NaN,0.14142,5,0
1011010402,2021-10-07,51.57,345.1868,6.6935582703122,27.87,14.728,8.972,NaN,0.119747368421053,5,0
1011010501,2021-10-07,20.343,196.923,9.68013567320454,7.714,4.587,8.042,NaN,0.07122,5,0
1011010504,2021-10-07,62.908,359.876,5.72067145673046,21.824,23.609,17.475,NaN,0.0851533333333334,5,0
1011010801,2021-10-07,45.794,475.8744,10.3916320915404,17.106,15.701,12.987,NaN,0.0813097222222222,5,0
1011010101,2021-10-08,138.652,919.707,6.63320399273,66.144,32.952,39.556,2.6,0.102803,6,0
1011010201,2021-10-08,19.823,277.522,14,7.302,3.318,9.203,NaN,0.14142,6,0
1011010402,2021-10-08,49.695,373.4844,7.51553274977362,19.117,14.729,15.849,NaN,0.119747368421053,6,0
1011010501,2021-10-08,23.041,225.098,9.76945445076169,4.167,8.471,10.403,NaN,0.07122,6,0
1011010504,2021-10-08,65.805,375.312,5.70339639844997,17.084,20.319,28.402,NaN,0.0851533333333334,6,0
1011010801,2021-10-08,50.073,537.4848,10.7340243244862,15.668,13.918,20.487,NaN,0.0813097222222222,6,0
1011010101,2021-10-09,133.096,1010.2696,7.59053314900523,41.886,29.938,61.272,2.6,0.102803,7,1
1011010201,2021-10-09,22.222,311.108,14,4.435,7.415,10.372,NaN,0.14142,7,1
1011010402,2021-10-09,41.198,281.7924,6.83995339579591,17.382,13.974,9.842,NaN,0.119747368421053,7,1
1011010501,2021-10-09,16.792,164.88,9.81896141019533,4.959,3.414,8.419,NaN,0.07122,7,1
1011010504,2021-10-09,61.377,358.092,5.83430275184515,23.042,16.519,21.816,NaN,0.0851533333333334,7,1
1011010801,2021-10-09,33.34,312.232,9.36508698260348,6.086,8.394,18.86,NaN,0.0813097222222222,7,1
1011010101,2021-10-10,263.384,2032.777,7.7179213619658,131.283,71.836,60.265,2.6,0.102803,1,1
1011010201,2021-10-10,41.877,582.662,13.9136518852831,14.191,12.473,15.213,10,0.14142,1,1
1011010402,2021-10-10,58.704,398.1024,6.78152085036795,51.65,4.818,2.236,NaN,0.119747368421053,1,1
1011010501,2021-10-10,24.273,251.773,10.372553866436,6.142,7.523,10.608,NaN,0.07122,1,1
1011010504,2021-10-10,111.306,615.962,5.53395144915818,42.327,39.8,29.179,NaN,0.0851533333333334,1,1
1011010801,2021-10-10,78.234,700.334,8.95178566863512,27.744,30.633,19.857,NaN,0.0813097222222222,1,1
1011010101,2021-10-11,88.447,687.6928,7.77519644532884,28.319,23.718,36.41,6,0.102803,2,0
1011010201,2021-10-11,4.407,44.07,10,3.634,0.773,0,10,0.14142,2,0
1011010402,2021-10-11,45.351,290.7138,6.4103062777006,24.447,13.608,7.296,6,0.119747368421053,2,0
1011010501,2021-10-11,14.56,130.286,8.94821428571429,4.133,5.476,4.951,NaN,0.07122,2,0
1011010504,2021-10-11,64.755,380.58,5.87722955756312,21.214,12.264,31.277,NaN,0.0851533333333334,2,0
1011010801,2021-10-11,26.96,156.236,5.79510385756677,5.222,7,14.738,NaN,0.0813097222222222,2,0
1011010101,2021-10-12,100.028,807.8626,8.07636461790698,33.711,30.156,36.161,6,0.102803,3,0
1011010201,2021-10-12,18.627,250.134,13.4285714285714,8.425,2.838,7.364,12,0.14142,3,0
1011010402,2021-10-12,29.953,186.0968,6.21296030447701,11.651,7.356,10.946,6,0.119747368421053,3,0
1011010501,2021-10-12,12.799,127.99,10,3.564,4.156,5.079,NaN,0.07122,3,0
1011010504,2021-10-12,57.257,334.2756,5.83816127285747,19.143,17.365,20.749,NaN,0.0851533333333334,3,0
1011010801,2021-10-12,38.769,303.0844,7.81769970853001,12.276,15.146,11.347,NaN,0.0813097222222222,3,0
1011010101,2021-10-13,89.902,677.4024,7.53489800004449,31.682,21.589,36.631,6,0.102803,4,0
1011010201,2021-10-13,16.528,220.318,13.3299854791868,7.98,3.197,5.351,12,0.14142,4,0
1011010402,2021-10-13,36.526,221.0406,6.05159612330942,18.568,9.482,8.476,6,0.119747368421053,4,0
1011010501,2021-10-13,11.277,116.582,10.3380331648488,3.086,1.054,7.137,NaN,0.07122,4,0
1011010504,2021-10-13,44.341,269.44,6.07654315419138,12.725,10.503,21.113,NaN,0.0851533333333334,4,0
1011010801,2021-10-13,39.51,376.798,9.53677549987345,10.904,11.379,17.227,NaN,0.0813097222222222,4,0
1011010101,2021-10-14,77.809,680.1736,8.74158002287653,31.637,23.803,22.369,6,0.102803,5,0
1011010201,2021-10-14,14.852,198.3,13.3517371397792,6.9,2.866,5.086,12,0.14142,5,0
1011010402,2021-10-14,38.264,237.6336,6.2103700606314,16.713,14.019,7.532,6,0.119747368421053,5,0
1011010501,2021-10-14,10.191,101.91,10,3.585,2.871,3.735,NaN,0.07122,5,0
1011010504,2021-10-14,38.431,272.7306,7.09663032447764,9.486,10.594,18.351,NaN,0.0851533333333334,5,0
1011010801,2021-10-14,28.438,314.5724,11.0616921021169,7.402,8.289,12.747,NaN,0.0813097222222222,5,0
1011010101,2021-10-15,146.297,1397.2452,9.55074403439578,62.456,35.649,48.192,6,0.102803,6,0
1011010201,2021-10-15,23.991,297.052,12.3818098453587,10.688,5.243,8.06,12,0.14142,6,0
1011010402,2021-10-15,65.659,417.6166,6.36038623798718,34.165,19.025,12.469,6,0.119747368421053,6,0
1011010501,2021-10-15,10.811,132.124,12.2212561280178,1.795,4.231,4.785,NaN,0.07122,6,0
1011010504,2021-10-15,54.933,459.2886,8.36088689858555,18.504,13.826,22.603,NaN,0.0851533333333334,6,0
1011010801,2021-10-15,84.89,971.122,11.4397691129697,31.832,14.577,38.481,NaN,0.0813097222222222,6,0
1011010101,2021-10-16,273.582,2324.489,8.4964983076372,138.234,61.688,73.66,6,0.102803,7,1
1011010201,2021-10-16,36.28,490.196,13.5114663726571,15.346,6.534,14.4,12,0.14142,7,1
1011010402,2021-10-16,54.821,364.202,6.64347604020357,46.59,6.801,1.43,6,0.119747368421053,7,1
1011010501,2021-10-16,14.772,180.23,12.2007852694286,6.852,3.947,3.973,NaN,0.07122,7,1
1011010504,2021-10-16,93.373,750.6456,8.03921476229745,35.747,29.213,28.413,NaN,0.0851533333333334,7,1
1011010801,2021-10-16,73.514,664.2024,9.03504638572245,37.682,18.154,17.678,NaN,0.0813097222222222,7,1
1011010101,2021-10-17,163.589,1519.983,9.29147436563583,79.107,51.939,32.543,6,0.102803,1,1
1011010201,2021-10-17,26.795,364.308,13.596118678858,11.814,5.566,9.415,12,0.14142,1,1
1011010402,2021-10-17,56.02,356.4936,6.36368439842913,36.993,9.045,9.982,6,0.119747368421053,1,1
1011010501,2021-10-17,13.639,171.464,12.5715961580761,3.015,6.474,4.15,NaN,0.07122,1,1
1011010504,2021-10-17,64.308,468.476,7.28487901971761,26.719,17.698,19.891,NaN,0.0851533333333334,1,1
1011010801,2021-10-17,65.816,788.76,11.9843199222074,37.293,20.035,8.488,19.8,0.0813097222222222,1,1
1011010101,2021-10-18,84.784,795.0074,9.37685648235516,32.148,22.71,29.926,NaN,0.102803,2,0
1011010201,2021-10-18,20.606,293.1124,14.2246141900417,8.565,4.061,7.98,NaN,0.14142,2,0
1011010402,2021-10-18,44.513,280.3478,6.29811066430032,24.544,6.674,13.295,6,0.119747368421053,2,0
1011010501,2021-10-18,10.502,138.232,13.1624452485241,4.505,0.846,5.151,NaN,0.07122,2,0
1011010504,2021-10-18,40.29,321.784,7.98669645073219,11.408,9.418,19.464,NaN,0.0851533333333334,2,0
1011010801,2021-10-18,30.066,267.3668,8.89266280848799,9.339,7,13.727,19.8,0.0813097222222222,2,0
1011010101,2021-10-19,78.684,687.9512,8.74321590158101,31.249,17.514,29.921,NaN,0.102803,3,0
1011010201,2021-10-19,16.958,237.412,14,4.88,3.625,8.453,NaN,0.14142,3,0
1011010402,2021-10-19,42.738,266.195,6.2285319855866,20.262,9.582,12.894,6,0.119747368421053,3,0
1011010501,2021-10-19,8.766,101.846,11.6182979694273,2.11,1.857,4.799,NaN,0.07122,3,0
1011010504,2021-10-19,40.052,293.574,7.32982123239788,10.454,7.831,21.767,NaN,0.0851533333333334,3,0
1011010801,2021-10-19,32.2,309.259,9.60431677018634,9.662,8.023,14.515,19.8,0.0813097222222222,3,0
1011010101,2021-10-20,109.339,1102.1848,10.0804360749595,38.735,29.37,41.234,NaN,0.102803,4,0
1011010201,2021-10-20,25.154,352.156,14,7.73,5.752,11.672,NaN,0.14142,4,0
1011010402,2021-10-20,41.248,266.5148,6.46127812257564,20.336,14.859,6.053,6,0.119747368421053,4,0
1011010501,2021-10-20,8.978,104.88,11.6818890621519,2.227,1.925,4.826,NaN,0.07122,4,0
1011010504,2021-10-20,43.48,407.43,9.37051517939282,11.987,10.799,20.694,NaN,0.0851533333333334,4,0
1011010801,2021-10-20,41.873,360.3362,8.60545458887588,9.126,9.71,23.037,19.8,0.0813097222222222,4,0
1011010101,2021-10-21,79.858,825.327,10.3349320043076,34.069,19.878,25.911,NaN,0.102803,5,0
1011010201,2021-10-21,11.947,215.046,18,5.215,4.332,2.4,NaN,0.14142,5,0
1011010402,2021-10-21,46.91,283.3716,6.04075037305479,25.627,11.19,10.093,6,0.119747368421053,5,0
1011010501,2021-10-21,11.262,154.956,13.7591901971231,2.885,2.187,6.19,NaN,0.07122,5,0
1011010504,2021-10-21,29.336,302.27,10.3037223888737,9.783,7.773,11.78,NaN,0.0851533333333334,5,0
1011010801,2021-10-21,38.753,300.949,7.76582458132274,14.852,7.39,16.511,19.8,0.0813097222222222,5,0
1011010101,2021-10-22,75.936,759.924,10.0074273072061,25.151,18.363,32.422,NaN,0.102803,6,0
1011010201,2021-10-22,16.412,295.416,18,3.564,6.22,6.628,NaN,0.14142,6,0
1011010402,2021-10-22,45.315,284.3686,6.27537460002207,27.89,12.014,5.411,6,0.119747368421053,6,0
1011010501,2021-10-22,5.062,70.44,13.915448439352,1.874,0,3.188,NaN,0.07122,6,0
1011010504,2021-10-22,30.078,300.154,9.9791874459738,7.884,7.914,14.28,NaN,0.0851533333333334,6,0
1011010801,2021-10-22,40.039,357.6052,8.93142186368291,9.343,13.704,16.992,19.8,0.0813097222222222,6,0
1011010101,2021-10-23,100.678,1074.8462,10.6760781898727,42.88,25.653,32.145,NaN,0.102803,7,1
1011010201,2021-10-23,18.086,358.1028,19.8,7.171,4.343,6.572,NaN,0.14142,7,1
1011010402,2021-10-23,61.274,386.3062,6.30456963801939,44.708,13.12,3.446,6,0.119747368421053,7,1
1011010501,2021-10-23,9.346,129.192,13.8232398887224,4.007,3.65,1.689,NaN,0.07122,7,1
1011010504,2021-10-23,51.363,468.248,9.11644569047758,18.476,11.304,21.583,NaN,0.0851533333333334,7,1
1011010801,2021-10-23,87.828,731.548,8.3293254998406,25.51,20.235,42.083,NaN,0.0813097222222222,7,1
1011010101,2021-10-24,101.014,1038.1104,10.2768962718039,45.75,31.085,24.179,NaN,0.102803,1,1
1011010201,2021-10-24,9.108,180.3384,19.8,2.921,3.031,3.156,NaN,0.14142,1,1
1011010402,2021-10-24,47.917,296.506,6.18790825802951,38.816,6.327,2.774,6,0.119747368421053,1,1
1011010501,2021-10-24,11.389,150.57,13.220651505839,5.534,3.046,2.809,NaN,0.07122,1,1
1011010504,2021-10-24,41.481,383.686,9.24968057664955,18.616,13.094,9.771,NaN,0.0851533333333334,1,1
1011010801,2021-10-24,55.632,461.512,8.29580097785447,22.628,13.887,19.117,NaN,0.0813097222222222,1,1
1011010101,2021-10-25,48.556,479.7944,9.8812587527803,16.587,13.986,17.983,NaN,0.102803,2,0
1011010201,2021-10-25,8.749,173.2302,19.8,2.242,2.516,3.991,NaN,0.14142,2,0
1011010402,2021-10-25,33.696,209.3298,6.21230413105413,19.296,9.034,5.366,6,0.119747368421053,2,0
1011010501,2021-10-25,7.279,97.404,13.3815084489628,2.318,3.423,1.538,NaN,0.07122,2,0
1011010504,2021-10-25,27.46,262.4644,9.55806263656227,7.252,6.119,14.089,NaN,0.0851533333333334,2,0
1011010801,2021-10-25,46.731,396.696,8.48892598061244,15.883,10.995,19.853,NaN,0.0813097222222222,2,0
1011010101,2021-10-26,66.948,680.849,10.1698183664934,25.514,20.133,21.301,NaN,0.102803,3,0
1011010201,2021-10-26,12.041,238.4118,19.8,4.348,3.657,4.036,NaN,0.14142,3,0
1011010402,2021-10-26,37.216,226.183,6.0775741616509,22.105,8.72,6.391,6,0.119747368421053,3,0
1011010501,2021-10-26,8.68,115.686,13.3278801843318,2.422,2.324,3.934,NaN,0.07122,3,0
1011010504,2021-10-26,35.664,399.297,11.1960800807537,9.51,12.411,13.743,NaN,0.0851533333333334,3,0
1011010801,2021-10-26,48.637,420.192,8.63934864403643,10.999,13.477,24.161,NaN,0.0813097222222222,3,0
1011010101,2021-10-27,94.727,768.9448,8.11748287183169,39.622,23.769,31.336,6,0.102803,4,0
1011010201,2021-10-27,15.305,303.039,19.8,6.112,3.687,5.506,NaN,0.14142,4,0
1011010402,2021-10-27,36.161,218.4474,6.04096678742291,19.635,7.897,8.629,6,0.119747368421053,4,0
1011010501,2021-10-27,6.836,97.2324,14.2235810415448,2.409,1.13,3.297,NaN,0.07122,4,0
1011010504,2021-10-27,32.692,346.3274,10.5936437048819,12.871,7.118,12.703,NaN,0.0851533333333334,4,0
1011010801,2021-10-27,35.369,327.904,9.27094348157991,15.115,7.818,12.436,NaN,0.0813097222222222,4,0
1011010101,2021-10-28,80.941,688.715,8.50885212685784,29.729,22.269,28.943,6,0.102803,5,0
1011010201,2021-10-28,6.449,127.6902,19.8,2.455,1.131,2.863,NaN,0.14142,5,0
1011010402,2021-10-28,37.949,230.4564,6.07279243194814,17.703,14.192,6.054,6,0.119747368421053,5,0
1011010501,2021-10-28,3.122,44.8044,14.3511851377322,0.53,1.476,1.116,NaN,0.07122,5,0
1011010504,2021-10-28,25.502,292.4822,11.4689906673986,8.778,6.373,10.351,NaN,0.0851533333333334,5,0
1011010801,2021-10-28,31.659,330.044,10.4249660444108,10.021,11.718,9.92,NaN,0.0813097222222222,5,0
1011010101,2021-10-29,89.73,859.3716,9.57730524908057,37.351,19.369,33.01,6.62669981733306,0.102803,6,0
1011010201,2021-10-29,13.574,244.332,18,3.363,3.662,6.549,NaN,0.14142,6,0
1011010402,2021-10-29,40.045,242.9136,6.06601573230116,20.472,10.747,8.826,6,0.119747368421053,6,0
1011010501,2021-10-29,11.124,125.136,11.2491909385113,4.511,4.38,2.233,NaN,0.07122,6,0
1011010504,2021-10-29,25.203,315.0944,12.502257667738,10.657,5.423,9.123,NaN,0.0851533333333334,6,0
1011010801,2021-10-29,47.926,413.364,8.62504694737721,13.923,13.103,20.9,NaN,0.0813097222222222,6,0
1011010101,2021-10-30,140.981,1161.3328,8.23751285634234,64.101,33.919,42.961,6.33539099498151,0.102803,7,1
1011010201,2021-10-30,17.279,241.906,14,8.482,5.28,3.517,NaN,0.14142,7,1
1011010402,2021-10-30,59.756,372.5046,6.23376062654796,35.414,15.669,8.673,6,0.119747368421053,7,1
1011010501,2021-10-30,12.133,129.792,10.6974367427677,4.4,2.505,5.228,NaN,0.07122,7,1
1011010504,2021-10-30,26.181,333.82,12.7504678965662,13.483,5.028,7.67,NaN,0.0851533333333334,7,1
1011010801,2021-10-30,79.731,692.934,8.69089814501261,29.655,18.614,31.462,NaN,0.0813097222222222,7,1
1011010101,2021-10-31,92.342,847.749,9.18053540100929,40.987,28.953,22.402,8.33822986639108,0.102803,1,1
1011010201,2021-10-31,28.424,397.936,14,10.94,8.829,8.655,NaN,0.14142,1,1
1011010402,2021-10-31,55.961,340.2204,6.07959829166741,38.492,8.535,8.934,6,0.119747368421053,1,1
1011010501,2021-10-31,8.639,106.164,12.2889223289733,2.038,2.828,3.773,NaN,0.07122,1,1
1011010504,2021-10-31,35.237,444.79,12.6228112495388,13.767,10.718,10.752,NaN,0.0851533333333334,1,1
1011010801,2021-10-31,75.305,689.213,9.15228736471682,28.362,29.918,17.025,NaN,0.0813097222222222,1,1
1011010101,2021-11-01,60.969,564.2226,9.25425380111204,24.634,14.315,22.02,NaN,0.102803,2,0
1011010201,2021-11-01,26.24,314.88,12,11.804,8.162,6.274,NaN,0.14142,2,0
1011010402,2021-11-01,44.316,269.5452,6.08234497698348,26.557,10.245,7.514,6,0.119747368421053,2,0
1011010501,2021-11-01,10.293,114.52,11.1260079665792,2.277,1.802,6.214,NaN,0.07122,2,0
1011010504,2021-11-01,23.439,272.218,11.6138913776185,9.428,3.453,10.558,NaN,0.0851533333333334,2,0
1011010801,2021-11-01,40.999,381.0138,9.29324617673602,19.847,9.465,11.687,NaN,0.0813097222222222,2,0
1011010101,2021-11-02,68.055,517.5858,7.60540445228124,29.157,18.3,20.598,8,0.102803,3,0
1011010201,2021-11-02,25.844,310.128,12,5.477,8.628,11.739,NaN,0.14142,3,0
1011010402,2021-11-02,39.893,240.8946,6.03851803574562,22.637,7.804,9.452,6,0.119747368421053,3,0
1011010501,2021-11-02,13.551,152.258,11.2359235480776,3.12,3.443,6.988,NaN,0.07122,3,0
1011010504,2021-11-02,25.556,324.118,12.6826576929097,7.127,6.837,11.592,NaN,0.0851533333333334,3,0
1011010801,2021-11-02,49.667,414.8628,8.35288622224012,23.434,10.538,15.695,NaN,0.0813097222222222,3,0
1011010101,2021-11-03,50.572,393.617,7.7832990587677,21.623,13.805,15.144,8,0.102803,4,0
1011010201,2021-11-03,27.868,334.416,12,7.434,7.032,13.402,NaN,0.14142,4,0
1011010402,2021-11-03,39.941,242.4264,6.06961267870108,17.576,9.147,13.218,6,0.119747368421053,4,0
1011010501,2021-11-03,5.176,65.61,12.6758114374034,1.132,0.322,3.722,NaN,0.07122,4,0
1011010504,2021-11-03,25.359,317.808,12.5323553767893,6.242,7.387,11.73,NaN,0.0851533333333334,4,0
1011010801,2021-11-03,82.957,669.734,8.07326687319937,34.11,24.376,24.471,2.38,0.0813097222222222,4,0
1011010101,2021-11-04,64.051,484.373,7.56230191566096,28.635,19.254,16.162,8,0.102803,5,0
1011010201,2021-11-04,23.879,286.548,12,5.728,5.895,12.256,NaN,0.14142,5,0
1011010402,2021-11-04,42.366,269.025,6.35002124344994,16.283,12.201,13.882,6,0.119747368421053,5,0
1011010501,2021-11-04,12.227,132.4,10.8284943158583,4.775,1.869,5.583,NaN,0.07122,5,0
1011010504,2021-11-04,24.241,313.538,12.9342023843901,9.583,3.132,11.526,NaN,0.0851533333333334,5,0
1011010801,2021-11-04,61.122,643.0156,10.5201989463696,24.268,11.279,25.575,3.16666666666667,0.0813097222222222,5,0
1011010101,2021-11-05,83.867,583.1976,6.95383881622092,28.669,19.463,35.735,8,0.102803,6,0
1011010201,2021-11-05,37.479,448.344,11.9625390218522,10.837,11.054,15.588,NaN,0.14142,6,0
1011010402,2021-11-05,58.696,355.6152,6.05859343055745,28.387,13.539,16.77,6,0.119747368421053,6,0
1011010501,2021-11-05,6.524,68.564,10.5095033721643,1.948,1.49,3.086,NaN,0.07122,6,0
1011010504,2021-11-05,37.123,441.742,11.8994154567249,7.219,7.948,21.956,10,0.0851533333333334,6,0
1011010801,2021-11-05,104.608,959.396,9.17134444784338,24.465,30.709,49.434,NaN,0.0813097222222222,6,0
1011010101,2021-11-06,108.548,903.357,8.32218926189335,50.254,28.782,29.512,NaN,0.102803,7,1
1011010201,2021-11-06,28.063,284.944,10.1537255460927,17.559,10.504,0,10,0.14142,7,1
1011010402,2021-11-06,63.927,391.7862,6.12864986625369,49.381,11.127,3.419,6,0.119747368421053,7,1
1011010501,2021-11-06,9.658,101.28,10.4866431973493,4.453,0.778,4.427,NaN,0.07122,7,1
1011010504,2021-11-06,35.493,432.69,12.190854534697,12.985,10.223,12.285,10,0.0851533333333334,7,1
1011010801,2021-11-06,128.993,1282.1978,9.94005721240688,50.144,38.541,40.308,NaN,0.0813097222222222,7,1
1011010101,2021-11-07,145.887,1285.215,8.80966090193095,74.819,38.729,32.339,NaN,0.102803,1,1
1011010201,2021-11-07,35.638,367.066,10.2998484763455,27.659,7.979,0,10,0.14142,1,1
1011010402,2021-11-07,64.622,393.1296,6.08352573427006,51.622,12.137,0.863,6,0.119747368421053,1,1
1011010501,2021-11-07,14.185,156.752,11.05054635178,6.574,2.293,5.318,NaN,0.07122,1,1
1011010504,2021-11-07,46.669,573.14,12.2809573807024,22.062,16.439,8.168,10,0.0851533333333334,1,1
1011010801,2021-11-07,155.029,1448.5414,9.34368021466951,77.149,48.412,29.468,NaN,0.0813097222222222,1,1
1011010101,2021-11-08,66.376,526.511,7.93224960829215,24.142,24.127,18.107,NaN,0.102803,2,0
1011010201,2021-11-08,28.296,294.816,10.4189991518236,10.511,9.081,8.704,10,0.14142,2,0
1011010402,2021-11-08,58.811,378.6288,6.43806090697319,33.107,15.693,10.011,5.99999999999999,0.119747368421053,2,0
1011010501,2021-11-08,10.662,128.23,12.0268242356031,2.851,2.609,5.202,NaN,0.07122,2,0
1011010504,2021-11-08,24.775,310.748,12.542805247225,8.935,7.588,8.252,NaN,0.0851533333333334,2,0
1011010801,2021-11-08,58.558,583.904,9.9713788039209,20.092,11.912,26.554,NaN,0.0813097222222222,2,0
1011010101,2021-11-09,44.867,372.216,8.29598591392337,15.757,13.3,15.81,NaN,0.102803,3,0
1011010201,2021-11-09,27.933,287.422,10.2896931944295,10.703,6.546,10.684,10,0.14142,3,0
1011010402,2021-11-09,43.617,271.9474,6.23489465116812,23.907,10.86,8.85,6,0.119747368421053,3,0
1011010501,2021-11-09,3.419,41.028,12,1.572,0.468,1.379,NaN,0.07122,3,0
1011010504,2021-11-09,23.626,303.082,12.8283247269957,7.47,4.951,11.205,NaN,0.0851533333333334,3,0
1011010801,2021-11-09,52.288,567.844,10.859929620563,15.779,11.496,25.013,NaN,0.0813097222222222,3,0
1011010101,2021-11-10,49.063,364.34,7.4259625379614,19.109,13.706,16.248,NaN,0.102803,4,0
1011010201,2021-11-10,27.656,280.626,10.1470205380388,10.462,5.787,11.407,9.99999999999999,0.14142,4,0
1011010402,2021-11-10,49.851,307.9312,6.17703155403101,29.733,9.959,10.159,6,0.119747368421053,4,0
1011010501,2021-11-10,3.044,36.528,12,1.129,0,1.915,NaN,0.07122,4,0
1011010504,2021-11-10,28.642,359.644,12.5565253823057,10.113,4.162,14.367,10,0.0851533333333334,4,0
1011010801,2021-11-10,48.096,487.24,10.1305721889554,10.004,12.441,25.651,NaN,0.0813097222222222,4,0
1011010101,2021-11-11,48.787,417.418,8.55592678377437,18.825,15.866,14.096,NaN,0.102803,5,0
1011010201,2021-11-11,13.156,184.184,14,3.755,4.7,4.701,NaN,0.14142,5,0
1011010402,2021-11-11,35.903,260.621,7.25903127872323,8.005,16.564,11.334,NaN,0.119747368421053,5,0
1011010501,2021-11-11,3.602,44.858,12.4536368684064,0.452,2.774,0.376,NaN,0.07122,5,0
1011010504,2021-11-11,22.692,293.1318,12.9178476996298,8.197,5.889,8.606,10,0.0851533333333334,5,0
1011010801,2021-11-11,47.256,449.828,9.5189605552734,12.715,15.223,19.318,NaN,0.0813097222222222,5,0
1011010101,2021-11-12,51.422,391.155,7.60676364202092,24.654,18.308,8.46,10,0.102803,6,0
1011010201,2021-11-12,18.935,265.09,14,8.904,3.769,6.262,NaN,0.14142,6,0
1011010402,2021-11-12,50.696,359.3392,7.08811740571248,23.338,14.683,12.675,NaN,0.119747368421053,6,0
1011010501,2021-11-12,10.337,131.926,12.762503627745,3.805,2.343,4.189,NaN,0.07122,6,0
1011010504,2021-11-12,25.182,323.0602,12.8290127869113,8.05,7.815,9.317,NaN,0.0851533333333334,6,0
1011010801,2021-11-12,55.136,607.74,11.0225623911782,17.68,10.688,26.768,NaN,0.0813097222222222,6,0
1011010101,2021-11-13,70.452,567.164,8.0503605291546,38.834,16.099,15.519,10,0.102803,7,1
1011010201,2021-11-13,20.049,280.686,14,5.783,6.463,7.803,NaN,0.14142,7,1
1011010402,2021-11-13,55.708,411.5256,7.38719034968048,37.64,9.757,8.311,NaN,0.119747368421053,7,1
1011010501,2021-11-13,10.383,114.234,11.0020225368391,4.123,2.002,4.258,NaN,0.07122,7,1
1011010504,2021-11-13,28.792,376.8948,13.0902611836621,11.964,5.662,11.166,NaN,0.0851533333333334,7,1
1011010801,2021-11-13,57.321,628.64,10.9670103452487,25.634,13.833,17.854,2.7,0.0813097222222222,7,1
1011010101,2021-11-14,99.456,861.476,8.66188063063063,36.435,30.648,32.373,10,0.102803,1,1
1011010201,2021-11-14,30.582,428.148,14,13.549,9.38,7.653,NaN,0.14142,1,1
1011010402,2021-11-14,53.547,383.8034,7.16759855827591,28.307,10.36,14.88,NaN,0.119747368421053,1,1
1011010501,2021-11-14,14.612,175.088,11.9824801532987,2.892,5.233,6.487,NaN,0.07122,1,1
1011010504,2021-11-14,39.412,444.6476,11.2820359281437,18.641,8.172,12.599,NaN,0.0851533333333334,1,1
1011010801,2021-11-14,71.072,815.024,11.4675821701936,20.944,17.172,32.956,NaN,0.0813097222222222,1,1
1011010101,2021-11-15,42.62,349.285,8.19533083059597,16.525,9.575,16.52,NaN,0.102803,2,0
1011010201,2021-11-15,12.677,177.478,14,4.055,2.594,6.028,NaN,0.14142,2,0
1011010402,2021-11-15,28.879,202.153,7,14.582,9.772,4.525,NaN,0.119747368421053,2,0
1011010501,2021-11-15,7.194,80.712,11.2193494578816,2.337,1.498,3.359,NaN,0.07122,2,0
1011010504,2021-11-15,29.577,332.5384,11.2431416303209,10.46,6.094,13.023,NaN,0.0851533333333334,2,0
1011010801,2021-11-15,36.29,343.214,9.45753651143566,11.662,7.902,16.726,10.0770454143842,0.0813097222222222,2,0
1011010101,2021-11-16,53.515,439.6341,8.21515649817808,14.618,21.493,17.404,9.99873842592593,0.102803,3,0
1011010201,2021-11-16,12.525,175.35,14,5.202,3.762,3.561,NaN,0.14142,3,0
1011010402,2021-11-16,19.63,137.41,7,6.323,8.019,5.288,NaN,0.119747368421053,3,0
1011010501,2021-11-16,2.834,34.814,12.2844036697248,0.914,0.744,1.176,NaN,0.07122,3,0
1011010504,2021-11-16,27.575,345.8832,12.5433617407072,7.483,7.859,12.233,NaN,0.0851533333333334,3,0
1011010801,2021-11-16,36.118,343.204,9.50229802314635,8.029,11.685,16.404,14,0.0813097222222222,3,0
1011010101,2021-11-17,45.689,392.125,8.58248156011294,16.842,12.364,16.483,10,0.102803,4,0
1011010201,2021-11-17,15.791,221.074,14,3.216,3.963,8.612,NaN,0.14142,4,0
1011010402,2021-11-17,34.26,242.72,7.08464681844717,8.419,11.991,13.85,NaN,0.119747368421053,4,0
1011010501,2021-11-17,7.203,81.086,11.257253921977,1.643,1.891,3.669,NaN,0.07122,4,0
1011010504,2021-11-17,23.355,291.3305,12.4740098479983,5.943,5.499,11.913,10,0.0851533333333334,4,0
1011010801,2021-11-17,44.036,376.552,8.55100372422563,7.824,11.479,24.733,14,0.0813097222222222,4,0
1011010101,2021-11-18,41.864,353.2604,8.43828587808141,16.545,10.07,15.249,10,0.102803,5,0
1011010201,2021-11-18,6.018,84.252,14,1.863,1.669,2.486,NaN,0.14142,5,0
1011010402,2021-11-18,21.426,149.982,7,9.729,6.609,5.088,NaN,0.119747368421053,5,0
1011010501,2021-11-18,3.246,37.936,11.6869993838571,1.975,0,1.271,NaN,0.07122,5,0
1011010504,2021-11-18,16.566,208.8504,12.607171314741,4.939,4.139,7.488,10,0.0851533333333334,5,0
1011010801,2021-11-18,35.182,306.168,8.70240463873572,13.929,8.313,12.94,14,0.0813097222222222,5,0
1011010101,2021-11-19,38.008,313.109,8.23797621553357,15.906,9.13,12.972,10,0.102803,6,0
1011010201,2021-11-19,8.768,122.752,14,2.843,1.864,4.061,NaN,0.14142,6,0
1011010402,2021-11-19,28.706,200.942,7,14.668,11.351,2.687,NaN,0.119747368421053,6,0
1011010501,2021-11-19,6.776,77.76,11.4757969303424,2.271,1.41,3.095,NaN,0.07122,6,0
1011010504,2021-11-19,19.49,238.0916,12.2160903027193,6.168,4.403,8.919,10,0.0851533333333334,6,0
1011010801,2021-11-19,35.174,318.5713,9.05701086029454,9.111,10.574,15.489,12.8279274529446,0.0813097222222222,6,0
1011010101,2021-11-20,95.757,720.081,7.51987844230709,46.417,26.511,22.829,10,0.102803,7,1
1011010201,2021-11-20,14.406,230.496,16,5.915,4.218,4.273,NaN,0.14142,7,1
1011010402,2021-11-20,55.584,384.539,6.91815990213011,32.541,16.307,6.736,NaN,0.119747368421053,7,1
1011010501,2021-11-20,9.051,107.478,11.8747099767981,2.565,3.151,3.335,NaN,0.07122,7,1
1011010504,2021-11-20,34.164,401.7294,11.7588514225501,13.923,7.307,12.934,NaN,0.0851533333333334,7,1
1011010801,2021-11-20,73.711,562.54,7.63169676167736,26.044,21.277,26.39,14,0.0813097222222222,7,1
1011010101,2021-11-21,80.775,618.4202,7.65608418446302,42.177,20.163,18.435,8,0.102803,1,1
1011010201,2021-11-21,19.739,315.824,16,10.1,4.53,5.109,NaN,0.14142,1,1
1011010402,2021-11-21,47.591,290.216,6.09812779727259,37.589,8.411,1.591,6,0.119747368421053,1,1
1011010501,2021-11-21,17.99,195.916,10.8902723735409,5.048,6.212,6.73,NaN,0.07122,1,1
1011010504,2021-11-21,30.26,356.2488,11.7729279576999,11.558,7.824,10.878,NaN,0.0851533333333334,1,1
1011010801,2021-11-21,102.367,723.584,7.06852794357557,28.953,33.918,39.496,2.18,0.0813097222222222,1,1
1011010101,2021-11-22,42.247,389.7362,9.22518048618837,13.154,12.616,16.477,NaN,0.102803,2,0
1011010201,2021-11-22,9.756,136.584,14,3.252,3.595,2.909,NaN,0.14142,2,0
1011010402,2021-11-22,32.75,198.612,6.06448854961832,13.406,10.808,8.536,6,0.119747368421053,2,0
1011010501,2021-11-22,9.175,101.89,11.1051771117166,3.386,1.698,4.091,NaN,0.07122,2,0
1011010504,2021-11-22,22.036,246.2924,11.1768197495008,7.414,5.275,9.347,NaN,0.0851533333333334,2,0
1011010801,2021-11-22,24.416,260.624,10.6743119266055,10.152,4.305,9.959,2.3,0.0813097222222222,2,0
1011010101,2021-11-23,55.622,415.019,7.4614181438999,26.085,17.962,11.575,NaN,0.102803,3,0
1011010201,2021-11-23,9.495,132.93,14,4.036,1.827,3.632,NaN,0.14142,3,0
1011010402,2021-11-23,31.403,191.406,6.09515014489062,15.228,11.517,4.658,6,0.119747368421053,3,0
1011010501,2021-11-23,5.163,63.722,12.3420491962038,1.812,1.685,1.666,NaN,0.07122,3,0
1011010504,2021-11-23,18.004,204.0052,11.3311041990669,5.151,4.502,8.351,NaN,0.0851533333333334,3,0
1011010801,2021-11-23,24.705,189.68,7.67779801659583,5.52,7.595,11.59,NaN,0.0813097222222222,3,0
1011010101,2021-11-24,39.991,280.052,7.00287564702058,16.238,8.24,15.513,NaN,0.102803,4,0
1011010201,2021-11-24,12.559,175.826,14,6.297,1.605,4.657,NaN,0.14142,4,0
1011010402,2021-11-24,33.315,245.482,7.36851268197509,14.591,10.043,8.681,6,0.119747368421053,4,0
1011010501,2021-11-24,9.217,115.586,12.5405229467289,3.058,2.844,3.315,NaN,0.07122,4,0
1011010504,2021-11-24,21.68,254.7816,11.7519188191882,10.06,5.505,6.115,NaN,0.0851533333333334,4,0
1011010801,2021-11-24,22.259,111.244,4.99770879194932,8.301,4.701,9.257,NaN,0.0813097222222222,4,0
1011010101,2021-11-25,44.906,332.2348,7.39845009575558,23.214,9.812,11.88,NaN,0.102803,5,0
1011010201,2021-11-25,10.217,143.038,14,4.27,1.376,4.571,NaN,0.14142,5,0
1011010402,2021-11-25,30.299,188.011,6.20518829004257,17.53,10.703,2.066,6,0.119747368421053,5,0
1011010501,2021-11-25,5.166,64.892,12.5613627564847,1.588,1.885,1.693,NaN,0.07122,5,0
1011010504,2021-11-25,20.413,269.6948,13.2119139763876,6.934,7.598,5.881,NaN,0.0851533333333334,5,0
1011010801,2021-11-25,17.266,66.056,3.82578477933511,4.307,0.257,12.702,1.7,0.0813097222222222,5,0
1011010101,2021-11-26,51.836,411.5536,7.93953237132495,17.258,14.453,20.125,10,0.102803,6,0
1011010201,2021-11-26,17.511,210.132,12,4.038,7.753,5.72,NaN,0.14142,6,0
1011010402,2021-11-26,41.234,277.963,6.74111170393365,19.637,11.224,10.373,6,0.119747368421053,6,0
1011010501,2021-11-26,6.06,67.744,11.1788778877888,2.139,1.428,2.493,NaN,0.07122,6,0
1011010504,2021-11-26,14.855,199.3066,13.4168024234265,4.246,4.26,6.349,NaN,0.0851533333333334,6,0
1011010801,2021-11-26,23.644,101.261,4.28273557773642,12.144,8.5,3,4.63214013709063,0.0813097222222222,6,0
1011010101,2021-11-27,68.057,470.8972,6.91915894030004,41.773,14.114,12.17,10,0.102803,7,1
1011010201,2021-11-27,23.115,277.38,12,9.149,6.072,7.894,NaN,0.14142,7,1
1011010402,2021-11-27,58.68,368.21,6.27488070892979,34.248,17.651,6.781,6,0.119747368421053,7,1
1011010501,2021-11-27,11.622,115.078,9.90173808294614,3.301,3.665,4.656,NaN,0.07122,7,1
1011010504,2021-11-27,37.591,462.4284,12.3015721848315,13.241,9.438,14.912,NaN,0.0851533333333334,7,1
1011010801,2021-11-27,44.646,191.745,4.29478564709045,21.963,11.316,11.367,1.7,0.0813097222222222,7,1
1011010101,2021-11-28,78.347,533.3474,6.80750252083679,36.424,24.105,17.818,10,0.102803,1,1
1011010201,2021-11-28,21.817,261.804,12,10.636,5.536,5.645,NaN,0.14142,1,1
1011010402,2021-11-28,49.546,306.008,6.1762402615751,39.202,8.073,2.271,6,0.119747368421053,1,1
1011010501,2021-11-28,9.694,101.001,10.4189189189189,4.877,2.59,2.227,NaN,0.07122,1,1
1011010504,2021-11-28,25.149,309.5644,12.3092130899837,10.253,7.53,7.366,NaN,0.0851533333333334,1,1
1011010801,2021-11-28,56.96,441.946,7.75888342696629,26.83,17.049,13.081,14,0.0813097222222222,1,1
1011010101,2021-11-29,57.865,353.5784,6.11040179728679,19.041,14.335,24.489,10,0.102803,2,0
1011010201,2021-11-29,9.182,110.184,12,5.101,0.393,3.688,NaN,0.14142,2,0
1011010402,2021-11-29,29.92,181.992,6.08262032085561,12.13,7.238,10.552,6,0.119747368421053,2,0
1011010501,2021-11-29,5.796,68.826,11.8747412008282,1.354,1.02,3.422,NaN,0.07122,2,0
1011010504,2021-11-29,19.812,247.3764,12.486190187765,5.097,6.239,8.476,NaN,0.0851533333333334,2,0
1011010801,2021-11-29,20.934,96.072,4.58928059615936,6.341,6.445,8.148,NaN,0.0813097222222222,2,0
1011010101,2021-11-30,43.009,301.6016,7.01252296031063,16.887,10.369,15.753,10,0.102803,3,0
1011010201,2021-11-30,25.737,257.37,10,6.969,7.863,10.905,NaN,0.14142,3,0
1011010402,2021-11-30,30.369,184.356,6.07053245085449,12.41,8.812,9.147,6,0.119747368421053,3,0
1011010501,2021-11-30,7.103,77.79,10.9517105448402,2.819,1.547,2.737,NaN,0.07122,3,0
1011010504,2021-11-30,32.472,336.066,10.3494087213599,13.931,9.879,8.662,NaN,0.0851533333333334,3,0
1011010801,2021-11-30,30.467,122.869,4.0328552204024,9.987,8.532,11.948,NaN,0.0813097222222222,3,0
1011010101,2021-12-01,74.607,437.6672,5.86630208961625,23.16,25.225,26.222,NaN,0.102803,4,0
1011010201,2021-12-01,18.93,189.3,10,5.714,4.508,8.708,NaN,0.14142,4,0
1011010402,2021-12-01,30.015,223.813,7.45670498084291,7.011,14.054,8.95,NaN,0.119747368421053,4,0
1011010501,2021-12-01,5.252,55.632,10.5925361766946,1.005,2.661,1.586,NaN,0.07122,4,0
1011010504,2021-12-01,24.119,244.9248,10.1548488743314,5.839,6.628,11.652,10,0.0851533333333334,4,0
1011010801,2021-12-01,24.864,92.757,3.73057432432432,5.218,3.445,16.201,NaN,0.0813097222222222,4,0
1011010101,2021-12-02,58.359,309.542,5.30410048150243,23.328,13.922,21.109,NaN,0.102803,5,0
1011010201,2021-12-02,18.263,182.63,10,5.191,4.558,8.514,NaN,0.14142,5,0
1011010402,2021-12-02,25.404,174.34,6.8626987875925,8.211,11.091,6.102,NaN,0.119747368421053,5,0
1011010501,2021-12-02,4.474,48.58,10.8582923558337,1.28,2.446,0.748,NaN,0.07122,5,0
1011010504,2021-12-02,22.703,243.638,10.7315332775404,8.266,6.595,7.842,NaN,0.0851533333333334,5,0
1011010801,2021-12-02,20.085,92.01,4.58103061986557,8.548,8.078,3.459,NaN,0.0813097222222222,5,0
1011010101,2021-12-03,73.847,394.2322,5.33849987135564,30.108,24.27,19.469,NaN,0.102803,6,0
1011010201,2021-12-03,20.739,248.868,12,4.549,7.711,8.479,NaN,0.14142,6,0
1011010402,2021-12-03,18.925,117.278,6.19698811096433,10.336,3.923,4.666,NaN,0.119747368421053,6,0
1011010501,2021-12-03,5.683,60.126,10.5799753651241,1.543,1.781,2.359,NaN,0.07122,6,0
1011010504,2021-12-03,25.931,277.7492,10.7110871158073,8.632,7.955,9.344,NaN,0.0851533333333334,6,0
1011010801,2021-12-03,54.498,453.18,8.31553451502807,26.548,14.639,13.311,NaN,0.0813097222222222,6,0
1011010101,2021-12-04,93.905,571.4062,6.08493903413024,42.742,30.597,20.566,NaN,0.102803,7,1
1011010201,2021-12-04,22.865,320.11,14,8.019,9.093,5.753,NaN,0.14142,7,1
1011010402,2021-12-04,62.259,373.554,6,33.714,19.331,9.214,NaN,0.119747368421053,7,1
1011010501,2021-12-04,9.205,98.28,10.6768060836502,3.168,2.419,3.618,NaN,0.07122,7,1
1011010504,2021-12-04,36.36,422.1508,11.6103080308031,15.302,10.001,11.057,NaN,0.0851533333333334,7,1
1011010801,2021-12-04,92.695,723.915,7.80964453314634,35.171,26.337,31.187,12,0.0813097222222222,7,1
1011010101,2021-12-05,115.184,678.942,5.89441241839145,56.083,35.402,23.699,NaN,0.102803,1,1
1011010201,2021-12-05,25.795,361.13,14,13.127,6.205,6.463,NaN,0.14142,1,1
1011010402,2021-12-05,50.994,305.964,6,38.309,10.857,1.828,NaN,0.119747368421053,1,1
1011010501,2021-12-05,10.65,116.658,10.9538028169014,2.697,2.652,5.301,NaN,0.07122,1,1
1011010504,2021-12-05,37.123,440.752,11.8727473533928,12.885,11.662,12.576,NaN,0.0851533333333334,1,1
1011010801,2021-12-05,100.244,726.938,7.25168588643709,29.674,30.147,40.423,NaN,0.0813097222222222,1,1
1011010101,2021-12-06,64.231,434.3848,6.76285282807367,23.51,16.213,24.508,4,0.102803,2,0
1011010201,2021-12-06,14.424,173.088,12,4.691,1.547,8.186,NaN,0.14142,2,0
1011010402,2021-12-06,12.844,88.33,6.87714107754594,5.878,4.683,2.283,NaN,0.119747368421053,2,0
1011010501,2021-12-06,8.862,83.86,9.46287519747235,2.339,2.277,4.246,8,0.07122,2,0
1011010504,2021-12-06,37.461,433.7952,11.5799151117162,10.75,7.411,19.3,NaN,0.0851533333333334,2,0
1011010801,2021-12-06,45.511,301.809,6.63156160049219,12.185,8.988,24.338,NaN,0.0813097222222222,2,0
1011010101,2021-12-07,63.263,396.1328,6.26168218389896,22.167,17.533,23.563,NaN,0.102803,3,0
1011010201,2021-12-07,16.639,199.668,12,6.856,4.414,5.369,NaN,0.14142,3,0
1011010402,2021-12-07,31.831,216.893,6.81389211774685,13.347,7.685,10.799,NaN,0.119747368421053,3,0
1011010501,2021-12-07,6.648,70.562,10.614019253911,1.237,2.501,2.91,8,0.07122,3,0
1011010504,2021-12-07,29.638,351.3888,11.8560226735947,8.272,10.507,10.859,NaN,0.0851533333333334,3,0
1011010801,2021-12-07,36.621,319.695,8.7298271483575,11.857,13.635,11.129,NaN,0.0813097222222222,3,0
1011010101,2021-12-08,70.377,414.1696,5.88501356977422,23.584,24.13,22.663,NaN,0.102803,4,0
1011010201,2021-12-08,15.059,210.826,14,6.67,5.301,3.088,NaN,0.14142,4,0
1011010402,2021-12-08,25.319,174.43,6.88929262609108,6.916,12.045,6.358,NaN,0.119747368421053,4,0
1011010501,2021-12-08,7.96,75.074,9.43140703517588,0.849,5.183,1.928,8,0.07122,4,0
1011010504,2021-12-08,24.71,282.617,11.4373532982598,5.629,6.482,12.599,NaN,0.0851533333333334,4,0
1011010801,2021-12-08,48.246,328.736,6.81374621730299,22.147,15.053,11.046,2.35,0.0813097222222222,4,0
1011010101,2021-12-09,57.675,328.8956,5.70256783701777,24.906,15.965,16.804,NaN,0.102803,5,0
1011010201,2021-12-09,12.175,170.45,14,3.204,4.743,4.228,NaN,0.14142,5,0
1011010402,2021-12-09,25.262,171.414,6.78544849972291,10.989,9.277,4.996,NaN,0.119747368421053,5,0
1011010501,2021-12-09,7.254,71.316,9.83126550868486,1.99,1.085,4.179,8,0.07122,5,0
1011010504,2021-12-09,24.153,287.4368,11.9006665838612,7.425,6.144,10.584,NaN,0.0851533333333334,5,0
1011010801,2021-12-09,42.728,345.482,8.08561130874368,21.838,11.157,9.733,2.7,0.0813097222222222,5,0
1011010101,2021-12-10,68.296,387.6958,5.67669848893054,23.361,24.744,20.191,NaN,0.102803,6,0
1011010201,2021-12-10,14.231,199.234,14,4.514,4.772,4.945,NaN,0.14142,6,0
1011010402,2021-12-10,32.792,225.92,6.88948524030252,13.2,9.7,9.892,NaN,0.119747368421053,6,0
1011010501,2021-12-10,8.928,77.9,8.72535842293907,1.817,3.334,3.777,8,0.07122,6,0
1011010504,2021-12-10,26.56,277.56,10.4503012048193,8.911,8.414,9.235,NaN,0.0851533333333334,6,0
1011010801,2021-12-10,55.263,435.138,7.87394821128061,21.647,15.212,18.404,NaN,0.0813097222222222,6,0
1011010101,2021-12-11,141.287,837.066,5.92457904832009,66.088,40.838,34.361,NaN,0.102803,7,1
1011010201,2021-12-11,30.45,426.3,14,9.68,7.42,13.35,NaN,0.14142,7,1
1011010402,2021-12-11,124.24,669.496,5.38873148744366,67.153,28.209,28.878,4.02012617967569,0.119747368421053,7,1
1011010501,2021-12-11,10.714,114.906,10.7248459958932,1.489,3.308,5.917,NaN,0.07122,7,1
1011010504,2021-12-11,43.575,461.86,10.5991967871486,17.67,12.233,13.672,NaN,0.0851533333333334,7,1
1011010801,2021-12-11,121.635,876.344,7.20470259382579,47.822,30.722,43.091,NaN,0.0813097222222222,7,1
1011010101,2021-12-12,116.349,699.8226,6.01485702498517,58.743,33.484,24.122,NaN,0.102803,1,1
1011010201,2021-12-12,15.656,219.184,14,8.613,5.559,1.484,NaN,0.14142,1,1
1011010402,2021-12-12,61.198,358.56,5.85901500049021,37.787,17.068,6.343,4,0.119747368421053,1,1
1011010501,2021-12-12,10.426,108.898,10.4448494149242,3.964,4.159,2.303,NaN,0.07122,1,1
1011010504,2021-12-12,43.444,484.652,11.1557867599669,15.626,12.438,15.38,NaN,0.0851533333333334,1,1
1011010801,2021-12-12,80.302,670.008,8.34360289905606,29.783,27.993,22.526,NaN,0.0813097222222222,1,1
1011010101,2021-12-13,61.915,340.7078,5.50283130097715,21.296,18.05,22.569,NaN,0.102803,2,0
1011010201,2021-12-13,27.925,298.064,10.673733213966,10.473,6.734,10.718,NaN,0.14142,2,0
1011010402,2021-12-13,21.832,130.59,5.98158666178087,15.371,5.202,1.259,4,0.119747368421053,2,0
1011010501,2021-12-13,1.537,17.46,11.3597918022121,0.492,0,1.045,NaN,0.07122,2,0
1011010504,2021-12-13,33.333,310.385,9.31164311643117,10.501,5.898,16.934,NaN,0.0851533333333334,2,0
1011010801,2021-12-13,92.884,421.356,4.53636794281039,23.641,21.19,48.053,2.5,0.0813097222222222,2,0
1011010101,2021-12-14,66.116,391.4882,5.92123237945429,19.695,26.284,20.137,NaN,0.102803,3,0
1011010201,2021-12-14,13.141,183.974,14,4.292,5.059,3.79,NaN,0.14142,3,0
1011010402,2021-12-14,33.175,190.726,5.74908816880181,17.838,8.373,6.964,4,0.119747368421053,3,0
1011010501,2021-12-14,5.472,59.52,10.8771929824561,1.027,2.523,1.922,NaN,0.07122,3,0
1011010504,2021-12-14,30.287,328.813,10.856572126655,10.578,12.67,7.039,NaN,0.0851533333333334,3,0
1011010801,2021-12-14,103.516,481.832,4.65466208122416,34.143,30.931,38.442,2.5,0.0813097222222222,3,0
1011010101,2021-12-15,101.666,505.6702,4.97383786123188,30.619,36.11,34.937,3,0.102803,4,0
1011010201,2021-12-15,18.179,218.148,12,4.047,6.088,8.044,NaN,0.14142,4,0
1011010402,2021-12-15,2.602,11.382,4.37432744043044,0.89,1.712,0,4,0.119747368421053,4,0
1011010501,2021-12-15,6.299,66.534,10.5626289887284,0.753,2.278,3.268,NaN,0.07122,4,0
1011010504,2021-12-15,29.243,277.034,9.47351502923777,7.102,6.951,15.19,NaN,0.0851533333333334,4,0
1011010801,2021-12-15,64.376,425.376,6.60767988070088,20.075,20.401,23.9,2.5,0.0813097222222222,4,0
1011010101,2021-12-16,99.125,420.4444,4.24155762925599,36.675,23.785,38.665,2.42524086195484,0.102803,5,0
1011010201,2021-12-16,25.768,206.144,8,8.317,7.074,10.377,NaN,0.14142,5,0
1011010402,2021-12-16,39.569,237.414,6,23.41,12.736,3.423,NaN,0.119747368421053,5,0
1011010501,2021-12-16,4.506,47.468,10.5343985796715,0.259,1.094,3.153,NaN,0.07122,5,0
1011010504,2021-12-16,33.832,329.4836,9.73881532277134,11.038,9.453,13.341,NaN,0.0851533333333334,5,0
1011010801,2021-12-16,51.856,438.312,8.45248380129589,16.144,17.091,18.621,NaN,0.0813097222222222,5,0
1011010101,2021-12-17,97.582,459.1418,4.7051894816667,28.963,30.755,37.864,4.07413312076524,0.102803,6,0
1011010201,2021-12-17,34.299,274.392,8,12.487,8.671,13.141,NaN,0.14142,6,0
1011010402,2021-12-17,40.154,240.924,6,19.75,8.826,11.578,NaN,0.119747368421053,6,0
1011010501,2021-12-17,10.173,111.228,10.9336478914774,3.723,1.979,4.471,NaN,0.07122,6,0
1011010504,2021-12-17,34.228,346.7518,10.1306474231623,8.881,10.989,14.358,NaN,0.0851533333333334,6,0
1011010801,2021-12-17,69.729,504.218,7.23110900772993,24.543,13.04,32.146,NaN,0.0813097222222222,6,0
1011010101,2021-12-18,109.389,524.7852,4.79742204426405,41.464,31.24,36.685,6.18468823993686,0.102803,7,1
1011010201,2021-12-18,42.242,337.936,8,11.081,17.15,14.011,NaN,0.14142,7,1
1011010402,2021-12-18,70.551,380.264,5.38991651429462,25.819,30.825,13.907,NaN,0.119747368421053,7,1
1011010501,2021-12-18,11.996,137.496,11.461820606869,3.122,2.929,5.945,NaN,0.07122,7,1
1011010504,2021-12-18,59.298,541.3784,9.12979189854633,21.345,20.004,17.949,NaN,0.0851533333333334,7,1
1011010801,2021-12-18,114.017,790.56,6.93370286887043,31.816,31.678,50.523,NaN,0.0813097222222222,7,1
1011010101,2021-12-19,147.891,669.8892,4.52961437815689,54.865,46.773,46.253,8,0.102803,1,1
1011010201,2021-12-19,51.133,409.064,8,18.606,16.736,15.791,NaN,0.14142,1,1
1011010402,2021-12-19,67.19,376.9652,5.61043607679714,29.078,28.991,9.121,5.6,0.119747368421053,1,1
1011010501,2021-12-19,9.451,105.486,11.161358586393,2.159,3.574,3.718,NaN,0.07122,1,1
1011010504,2021-12-19,52.98,432.8852,8.17072857682144,18.079,15.819,19.082,NaN,0.0851533333333334,1,1
1011010801,2021-12-19,118.836,602.258,5.06797603419839,43.503,30.562,44.771,1.8,0.0813097222222222,1,1
1011010101,2021-12-20,82.832,343.534,4.14735850878887,33.841,17.228,31.763,2.7,0.102803,2,0
1011010201,2021-12-20,25.78,206.24,8,10.516,3.706,11.558,NaN,0.14142,2,0
1011010402,2021-12-20,38.283,222.863,5.82146122299715,16.913,15.432,5.938,NaN,0.119747368421053,2,0
1011010501,2021-12-20,6.115,66.738,10.9138184791496,0.341,1.902,3.872,NaN,0.07122,2,0
1011010504,2021-12-20,50.948,478.5836,9.39356991442255,20.171,12.095,18.682,NaN,0.0851533333333334,2,0
1011010801,2021-12-20,60.872,390.216,6.41043501117098,13.962,20.304,26.606,NaN,0.0813097222222222,2,0
1011010101,2021-12-21,71.006,293.738,4.13680534039377,24.809,22.379,23.818,NaN,0.102803,3,0
1011010201,2021-12-21,18.202,145.616,8,5.941,5.816,6.445,NaN,0.14142,3,0
1011010402,2021-12-21,48.369,289.045,5.97583162769542,24.445,16.449,7.475,NaN,0.119747368421053,3,0
1011010501,2021-12-21,6.431,72.882,11.3329186751672,0.86,1.869,3.702,NaN,0.07122,3,0
1011010504,2021-12-21,31.633,295.0144,9.32615939050991,12.041,8.815,10.777,NaN,0.0851533333333334,3,0
1011010801,2021-12-21,54.261,457.436,8.43029063231419,15.723,16.281,22.257,NaN,0.0813097222222222,3,0
1011010101,2021-12-22,75.729,346.277,4.5725811776202,31.873,15.686,28.17,1.71986970684039,0.102803,4,0
1011010201,2021-12-22,14.458,115.664,8,4.384,3.416,6.658,NaN,0.14142,4,0
1011010402,2021-12-22,31.469,184.378,5.85903587657695,8.254,8.565,14.65,NaN,0.119747368421053,4,0
1011010501,2021-12-22,4.455,52.614,11.810101010101,1.545,0.344,2.566,8,0.07122,4,0
1011010504,2021-12-22,22.57,219.5764,9.72868409392999,7.317,5.963,9.29,NaN,0.0851533333333334,4,0
1011010801,2021-12-22,50.263,351.966,7.00248691880708,10.999,12.02,27.244,1.7,0.0813097222222222,4,0
1011010101,2021-12-23,91.213,411.1322,4.50738600857334,35.723,24.821,30.669,1.5,0.102803,5,0
1011010201,2021-12-23,24.073,191.174,7.94142815602542,4.473,8.607,10.993,NaN,0.14142,5,0
1011010402,2021-12-23,30.021,180.126,6,14.464,9.464,6.093,NaN,0.119747368421053,5,0
1011010501,2021-12-23,6.563,62.928,9.58829803443547,1.034,1.676,3.853,8,0.07122,5,0
1011010504,2021-12-23,33.503,317.8904,9.48841596274961,5.616,10.416,17.471,NaN,0.0851533333333334,5,0
1011010801,2021-12-23,47.43,424.635,8.95287792536369,16.195,12.543,18.692,1.7,0.0813097222222222,5,0
1011010101,2021-12-24,120.944,474.8304,3.92603518983993,34.092,37.565,49.287,1.78888888888889,0.102803,6,0
1011010201,2021-12-24,30.135,271.215,9,9.855,5.367,14.913,NaN,0.14142,6,0
1011010402,2021-12-24,35.441,212.646,6,18.61,9.834,6.997,NaN,0.119747368421053,6,0
1011010501,2021-12-24,8.624,75.776,8.78664192949907,2.92,1.395,4.309,8,0.07122,6,0
1011010504,2021-12-24,52.243,478.48,9.15873896981414,10.468,12.69,29.085,NaN,0.0851533333333334,6,0
1011010801,2021-12-24,63.472,530.189,8.35311633476179,17.639,12.859,32.974,NaN,0.0813097222222222,6,0
1011010101,2021-12-25,180.787,800.295,4.4267286917754,72.644,48.698,59.445,1.5,0.102803,7,1
1011010201,2021-12-25,33.162,298.458,9,9.899,11.543,11.72,NaN,0.14142,7,1
1011010402,2021-12-25,66.839,401.034,6,28.645,32.538,5.656,NaN,0.119747368421053,7,1
1011010501,2021-12-25,13.596,127.318,9.36437187408061,4.723,4.793,4.08,8,0.07122,7,1
1011010504,2021-12-25,65.339,616.0354,9.42829550498171,22.762,18.349,24.228,NaN,0.0851533333333334,7,1
1011010801,2021-12-25,137.522,1078.604,7.84313782522069,41.326,59.151,37.045,12,0.0813097222222222,7,1
1011010101,2021-12-26,209.712,926.96,4.42015716792554,113.686,49.46,46.566,1.1,0.102803,1,1
1011010201,2021-12-26,28.498,256.482,9,11.934,13.439,3.125,NaN,0.14142,1,1
1011010402,2021-12-26,95.584,573.504,6,53.597,15.154,26.833,NaN,0.119747368421053,1,1
1011010501,2021-12-26,9.123,105.474,11.5613285103584,2.009,2.664,4.45,NaN,0.07122,1,1
1011010504,2021-12-26,64.634,574.9942,8.89615682148714,26.694,19.492,18.448,NaN,0.0851533333333334,1,1
1011010801,2021-12-26,92.322,832.728,9.01982192760122,50.179,28.467,13.676,6,0.0813097222222222,1,1
1011010101,2021-12-27,82.705,324.002,3.91756242065172,24.343,12.543,45.819,1.73333333333333,0.102803,2,0
1011010201,2021-12-27,15.213,136.917,9,3.315,4.085,7.813,NaN,0.14142,2,0
1011010402,2021-12-27,42.155,252.93,6,17.471,11.614,13.07,NaN,0.119747368421053,2,0
1011010501,2021-12-27,5.35,60.724,11.3502803738318,1.659,1.842,1.849,NaN,0.07122,2,0
1011010504,2021-12-27,37.586,309.6388,8.23814186133135,12.244,10.202,15.14,NaN,0.0851533333333334,2,0
1011010801,2021-12-27,39.642,211.686,5.33994248524293,13.186,6.657,19.799,6,0.0813097222222222,2,0
1011010101,2021-12-28,86.043,351.1462,4.0810548214265,32.269,21.439,32.335,1.58,0.102803,3,0
1011010201,2021-12-28,24.145,217.305,9,6.32,7.233,10.592,NaN,0.14142,3,0
1011010402,2021-12-28,35.054,210.324,6,14.684,13.238,7.132,NaN,0.119747368421053,3,0
1011010501,2021-12-28,5.317,54.708,10.289260861388,2.542,0.783,1.992,NaN,0.07122,3,0
1011010504,2021-12-28,42.784,384.4406,8.98561611817502,14.785,11.857,16.142,8,0.0851533333333334,3,0
1011010801,2021-12-28,39.004,148.186,3.79925135883499,12.41,12.186,14.408,6,0.0813097222222222,3,0
1011010101,2021-12-29,68.165,309.248,4.53675639991198,25.381,18.386,24.398,1.7,0.102803,4,0
1011010201,2021-12-29,24.749,197.992,8,6.659,8.102,9.988,NaN,0.14142,4,0
1011010402,2021-12-29,34.882,209.292,6,13.472,15.067,6.343,NaN,0.119747368421053,4,0
1011010501,2021-12-29,3.027,29.114,9.61810373306905,0.873,0.578,1.576,NaN,0.07122,4,0
1011010504,2021-12-29,35.3,306.3432,8.6782776203966,9.859,10.692,14.749,8,0.0851533333333334,4,0
1011010801,2021-12-29,28.395,144.388,5.08497974995598,8.292,7.103,13,6,0.0813097222222222,4,0
1011010101,2021-12-30,84.271,324.496,3.85062477008698,24.063,25.845,34.363,1.575,0.102803,5,0
1011010201,2021-12-30,17.651,141.208,8,3.555,5.628,8.468,NaN,0.14142,5,0
1011010402,2021-12-30,37.37,224.22,6,19.03,11.695,6.645,NaN,0.119747368421053,5,0
1011010501,2021-12-30,11.272,118.172,10.4836763662172,2.376,2.767,6.129,NaN,0.07122,5,0
1011010504,2021-12-30,35.101,305.4254,8.70133044642603,8.152,10.656,16.293,8,0.0851533333333334,5,0
1011010801,2021-12-30,31.745,154.774,4.87553945503229,9.041,4.44,18.264,5.03218546027459,0.0813097222222222,5,0
1011010101,2021-12-31,125.701,561.5304,4.46719119179641,50.559,31.201,43.941,1.63333333333333,0.102803,6,0
1011010201,2021-12-31,69.793,395.916,5.6727178943447,35.282,17.662,16.849,NaN,0.14142,6,0
1011010402,2021-12-31,60.713,364.278,6,33.193,16.629,10.891,NaN,0.119747368421053,6,0
1011010501,2021-12-31,12.997,134.936,10.382088174194,2.877,3.263,6.857,NaN,0.07122,6,0
1011010504,2021-12-31,66.714,616.9598,9.24783103996163,21.731,22.384,22.599,NaN,0.0851533333333334,6,0
1011010801,2021-12-31,88.954,759.354,8.53647952874519,26.417,25.435,37.102,4.1,0.0813097222222222,6,0
1011010101,2022-01-01,138.402,600.517,4.33893296339648,57.181,38.714,42.507,2.5,0.102803,7,1
1011010201,2022-01-01,38.272,306.176,8,21.324,15.151,1.797,NaN,0.14142,7,1
1011010402,2022-01-01,82.658,495.948,6,56.214,17.636,8.808,NaN,0.119747368421053,7,1
1011010501,2022-01-01,18.428,190.128,10.3173431734317,7.443,6.381,4.604,NaN,0.07122,7,1
1011010504,2022-01-01,57.833,521.5504,9.0182145142047,19.492,19.975,18.366,NaN,0.0851533333333334,7,1
1011010801,2022-01-01,90.656,759.684,8.3798535121779,36.619,26.472,27.565,NaN,0.0813097222222222,7,1
1011010101,2022-01-02,110.543,445.4858,4.0299774748288,43.227,31.769,35.547,2.255,0.102803,1,1
1011010201,2022-01-02,26.605,212.84,8,22.938,1.645,2.022,NaN,0.14142,1,1
1011010402,2022-01-02,27.438,164.628,6,15.322,8.977,3.139,NaN,0.119747368421053,1,1
1011010501,2022-01-02,13.349,134.054,10.0422503558319,5.524,3.656,4.169,NaN,0.07122,1,1
1011010504,2022-01-02,45.828,428.7554,9.35575194204416,24.419,7.591,13.818,NaN,0.0851533333333334,1,1
1011010801,2022-01-02,59.918,286.034,4.77375746854034,18.321,18.944,22.653,NaN,0.0813097222222222,1,1
1011010101,2022-01-03,90.081,378.9412,4.20667177318192,45.946,22.82,21.315,1.73636363636364,0.102803,2,0
1011010201,2022-01-03,38.027,228.162,6,20.39,15.824,1.813,NaN,0.14142,2,0
1011010402,2022-01-03,59.009,354.054,6,24.797,11.897,22.315,NaN,0.119747368421053,2,0
1011010501,2022-01-03,12.782,131.342,10.2755437333751,4.317,3.457,5.008,NaN,0.07122,2,0
1011010504,2022-01-03,81.754,638.0602,7.8046358587959,28.969,28.471,24.314,NaN,0.0851533333333334,2,0
1011010801,2022-01-03,59.045,495.81,8.39715471250741,20.237,14.706,24.102,1.7,0.0813097222222222,2,0
1011010101,2022-01-04,70.388,286.0908,4.06448258225834,23.128,15.496,31.764,2.1,0.102803,3,0
1011010201,2022-01-04,45.257,271.542,6,16.848,15.824,12.585,NaN,0.14142,3,0
1011010402,2022-01-04,46.598,279.588,6,15.908,20.12,10.57,NaN,0.119747368421053,3,0
1011010501,2022-01-04,8.174,80.444,9.84144849522877,2.684,1.283,4.207,NaN,0.07122,3,0
1011010504,2022-01-04,58.207,441.1794,7.57949043929424,20.117,14.111,23.979,NaN,0.0851533333333334,3,0
1011010801,2022-01-04,63.48,528.222,8.3210775047259,15.788,16.314,31.378,2.3,0.0813097222222222,3,0
1011010101,2022-01-05,65.654,262.4934,3.99813263472142,27.591,19.438,18.625,2.9,0.102803,4,0
1011010201,2022-01-05,39.688,238.128,6,8.591,11.462,19.635,NaN,0.14142,4,0
1011010402,2022-01-05,34.15,204.9,6,10.136,17.118,6.896,NaN,0.119747368421053,4,0
1011010501,2022-01-05,9.827,102.402,10.4204742037244,2.22,2.856,4.751,NaN,0.07122,4,0
1011010504,2022-01-05,66.638,499.0404,7.48882619526396,16.587,28.105,21.946,NaN,0.0851533333333334,4,0
1011010801,2022-01-05,40.437,353.706,8.74708806291268,12.475,12.651,15.311,6.7,0.0813097222222222,4,0
1011010101,2022-01-06,60.316,231.144,3.83221699051661,19.772,20.292,20.252,2.9,0.102803,5,0
1011010201,2022-01-06,35.897,215.382,6,12.403,12.652,10.842,NaN,0.14142,5,0
1011010402,2022-01-06,34.198,205.188,6,9.496,14.011,10.691,NaN,0.119747368421053,5,0
1011010501,2022-01-06,7.001,78.092,11.1544065133552,2.561,1.472,2.968,NaN,0.07122,5,0
1011010504,2022-01-06,66.856,508.576,7.60703601770971,19.667,20.353,26.836,NaN,0.0851533333333334,5,0
1011010801,2022-01-06,44.278,343.304,7.75337639459777,14.128,17.151,12.999,2.1,0.0813097222222222,5,0
1011010101,2022-01-07,90.664,357.384,3.94185123091856,32.9,22.218,35.546,2.2,0.102803,6,0
1011010201,2022-01-07,31.834,254.672,8,10.314,10.074,11.446,NaN,0.14142,6,0
1011010402,2022-01-07,46.045,276.27,6,16.746,13.525,15.774,NaN,0.119747368421053,6,0
1011010501,2022-01-07,16.284,178.166,10.9411692458855,5.887,4.385,6.012,NaN,0.07122,6,0
1011010504,2022-01-07,49.32,464.467,9.41741686942417,18.651,12.791,17.878,NaN,0.0851533333333334,6,0
1011010801,2022-01-07,78.764,673.948,8.55654867706059,25.038,20.336,33.39,1.83333333333333,0.0813097222222222,6,0
1011010101,2022-01-08,130.766,513.2044,3.92460119602955,56.97,38.758,35.038,1.1,0.102803,7,1
1011010201,2022-01-08,43.284,346.272,8,13.544,13.758,15.982,NaN,0.14142,7,1
1011010402,2022-01-08,60.006,360.036,6,23.827,24.448,11.731,NaN,0.119747368421053,7,1
1011010501,2022-01-08,14.224,152.986,10.7554836895388,4.372,5.212,4.64,NaN,0.07122,7,1
1011010504,2022-01-08,80.046,738.5088,9.22605501836444,22.641,27.228,30.177,NaN,0.0851533333333334,7,1
1011010801,2022-01-08,112.412,922.816,8.20923033128136,35.838,40.681,35.893,NaN,0.0813097222222222,7,1
1011010101,2022-01-09,147.528,569.5886,3.86088471341034,51.231,44.668,51.629,1.24285714285714,0.102803,1,1
1011010201,2022-01-09,114.262,684.512,5.99072307503807,36.62,45.075,32.567,NaN,0.14142,1,1
1011010402,2022-01-09,59.741,393.546,6.58753619792103,33.122,16.766,9.853,NaN,0.119747368421053,1,1
1011010501,2022-01-09,11.879,131.102,11.0364508797037,3.236,4.208,4.435,NaN,0.07122,1,1
1011010504,2022-01-09,81.556,719.5474,8.82274020305066,31.529,23.793,26.234,NaN,0.0851533333333334,1,1
1011010801,2022-01-09,84.804,751.564,8.86236498278383,32.194,23.474,29.136,2.3,0.0813097222222222,1,1
1011010101,2022-01-10,76.365,281.7392,3.68937602304721,20.938,21.79,33.637,2,0.102803,2,0
1011010201,2022-01-10,35.175,211.05,6,7.871,10.54,16.764,NaN,0.14142,2,0
1011010402,2022-01-10,56.153,364.11,6.484248392784,29.753,9.464,16.936,NaN,0.119747368421053,2,0
1011010501,2022-01-10,8.582,92.157,10.7384059659753,4.126,2.173,2.283,NaN,0.07122,2,0
1011010504,2022-01-10,57.481,537.8312,9.35667785877073,15.01,19.704,22.767,NaN,0.0851533333333334,2,0
1011010801,2022-01-10,46.232,417.8,9.03703062813636,15.537,13.197,17.498,NaN,0.0813097222222222,2,0
1011010101,2022-01-11,86.15,322.407,3.7423911781776,21.585,25.065,39.5,1.5,0.102803,3,0
1011010201,2022-01-11,54.466,326.796,6,8.759,15.739,29.968,NaN,0.14142,3,0
1011010402,2022-01-11,29.824,201.688,6.76260729613734,6.253,11.934,11.637,NaN,0.119747368421053,3,0
1011010501,2022-01-11,10.573,106.534,10.076042750402,1.928,3.8,4.845,NaN,0.07122,3,0
1011010504,2022-01-11,81.87,674.9308,8.24393306461463,24.347,22.647,34.876,NaN,0.0851533333333334,3,0
1011010801,2022-01-11,33.489,240.616,7.18492639374123,7.646,11.301,14.542,2.3,0.0813097222222222,3,0
1011010101,2022-01-12,85.232,322.03,3.7782757649709,29.254,20.338,35.64,1.60909090909091,0.102803,4,0
1011010201,2022-01-12,35.007,210.042,6,9.768,11.11,14.129,NaN,0.14142,4,0
1011010402,2022-01-12,41.626,292.656,7.03060587133042,22.33,12.304,6.992,NaN,0.119747368421053,4,0
1011010501,2022-01-12,10.637,114.042,10.7212559932312,5.2,2.347,3.09,NaN,0.07122,4,0
1011010504,2022-01-12,74.888,579.28,7.73528469180643,24.135,26.01,24.743,4.8,0.0851533333333334,4,0
1011010801,2022-01-12,46.619,291.51,6.25302988052082,18.971,13.653,13.995,2.06,0.0813097222222222,4,0
1011010101,2022-01-13,73.369,256.6266,3.49775245675967,24.207,18.451,30.711,1.63846153846154,0.102803,5,0
1011010201,2022-01-13,21.816,130.896,6,7.117,4.698,10.001,NaN,0.14142,5,0
1011010402,2022-01-13,22.185,133.11,6,10.388,7.4,4.397,NaN,0.119747368421053,5,0
1011010501,2022-01-13,12.889,144.233,11.1903949103887,5.081,4.517,3.291,NaN,0.07122,5,0
1011010504,2022-01-13,63.209,521.677,8.25320761283994,25.189,12.428,25.592,NaN,0.0851533333333334,5,0
1011010801,2022-01-13,48.916,289.881,5.92609780031074,9.885,9.47,29.561,2.1,0.0813097222222222,5,0
1011010101,2022-01-14,103.099,378.4884,3.67111611169846,37.036,23.569,42.494,1.88461538461538,0.102803,6,0
1011010201,2022-01-14,23.405,163.835,7,5.546,5.216,12.643,NaN,0.14142,6,0
1011010402,2022-01-14,48.285,340.41,7.05001553277415,19.916,17.043,11.326,NaN,0.119747368421053,6,0
1011010501,2022-01-14,6.196,70.362,11.3560361523564,1.191,1.746,3.259,NaN,0.07122,6,0
1011010504,2022-01-14,78.342,631.7322,8.06377422072451,16.896,23.893,37.553,NaN,0.0851533333333334,6,0
1011010801,2022-01-14,53.083,340.029,6.40561008232391,9.472,9.592,34.019,2.1,0.0813097222222222,6,0
1011010101,2022-01-15,124.109,479.8588,3.86643031528737,43.825,29.601,50.683,2.05714285714286,0.102803,7,1
1011010201,2022-01-15,37.538,262.766,7,13.885,10.865,12.788,NaN,0.14142,7,1
1011010402,2022-01-15,56.825,376.05,6.61768587769468,28.134,17.479,11.212,NaN,0.119747368421053,7,1
1011010501,2022-01-15,9.146,93.468,10.2195495298491,3.975,2.49,2.681,NaN,0.07122,7,1
1011010504,2022-01-15,96.244,817.2482,8.49141972486597,37.416,31.572,27.256,NaN,0.0851533333333334,7,1
1011010801,2022-01-15,49.827,259.886,5.21576655227086,15.09,12.32,22.417,2.3,0.0813097222222222,7,1
1011010101,2022-01-16,137.15,539.614,3.93448049580751,56.839,37.249,43.062,1.54,0.102803,1,1
1011010201,2022-01-16,58.007,348.042,6,25.623,16.511,15.873,NaN,0.14142,1,1
1011010402,2022-01-16,52.794,344.064,6.51710421638822,20.264,16.271,16.259,NaN,0.119747368421053,1,1
1011010501,2022-01-16,14.67,153.406,10.4571233810498,3.569,4.254,6.847,NaN,0.07122,1,1
1011010504,2022-01-16,88.336,736.1986,8.33407217895309,29.47,26.002,32.864,4.8,0.0851533333333334,1,1
1011010801,2022-01-16,55.987,303.81,5.42643828031507,24.885,14.565,16.537,1.97272727272727,0.0813097222222222,1,1
1011010101,2022-01-17,90.383,388.811,4.30181560691723,24.671,26.571,39.141,2.53333333333333,0.102803,2,0
1011010201,2022-01-17,11.755,82.285,7,2.932,4.469,4.354,NaN,0.14142,2,0
1011010402,2022-01-17,42.312,257.772,6.09217243335224,18.624,13.644,10.044,NaN,0.119747368421053,2,0
1011010501,2022-01-17,10.665,111.798,10.4827004219409,3.461,3.989,3.215,NaN,0.07122,2,0
1011010504,2022-01-17,47.324,455.0512,9.61565379088835,14.526,13.321,19.477,NaN,0.0851533333333334,2,0
1011010801,2022-01-17,29.229,118.274,4.04646070683226,10.813,6.191,12.225,2.3,0.0813097222222222,2,0
1011010101,2022-01-18,85.852,313.046,3.6463448725714,34.791,13.075,37.986,1.63333333333333,0.102803,3,0
1011010201,2022-01-18,9.211,64.477,7,3.778,2.802,2.631,NaN,0.14142,3,0
1011010402,2022-01-18,32.418,194.508,6,13.157,13.137,6.124,NaN,0.119747368421053,3,0
1011010501,2022-01-18,8.478,89.446,10.5503656522765,2.617,2.044,3.817,NaN,0.07122,3,0
1011010504,2022-01-18,56.238,518.9558,9.22784949678154,18.748,15.629,21.861,NaN,0.0851533333333334,3,0
1011010801,2022-01-18,38.752,327.268,8.44518992568125,10.563,10.294,17.895,3.5,0.0813097222222222,3,0
1011010101,2022-01-19,129.677,519.6736,4.00744619323396,42.634,34.796,52.247,1.78333333333333,0.102803,4,0
1011010201,2022-01-19,16.223,113.561,7,2.343,2.442,11.438,NaN,0.14142,4,0
1011010402,2022-01-19,50.389,302.334,6,27.888,14.731,7.77,NaN,0.119747368421053,4,0
1011010501,2022-01-19,4.206,45.372,10.7874465049929,1.114,1.38,1.712,NaN,0.07122,4,0
1011010504,2022-01-19,55.99,541.0184,9.66276835149134,17.967,11.14,26.883,NaN,0.0851533333333334,4,0
1011010801,2022-01-19,72.068,546.156,7.57834267636122,18.88,10.779,42.409,NaN,0.0813097222222222,4,0
1011010101,2022-01-20,134.88,573.1784,4.24954329774614,46.708,45.938,42.234,1.68571428571429,0.102803,5,0
1011010201,2022-01-20,32.318,226.226,7,5.129,12.156,15.033,NaN,0.14142,5,0
1011010402,2022-01-20,55.56,333.36,6,20.033,15.289,20.238,NaN,0.119747368421053,5,0
1011010501,2022-01-20,22.912,250.06,10.9139315642458,5.368,7.391,10.153,NaN,0.07122,5,0
1011010504,2022-01-20,68.17,657.9262,9.65125715123955,18.321,20.041,29.808,4.8,0.0851533333333334,5,0
1011010801,2022-01-20,78.146,593.315,7.59239116525478,16.692,24.488,36.966,2.3,0.0813097222222222,5,0
1011010101,2022-01-21,146.062,597.668,4.09187879119826,57.948,32.758,55.356,1.7375,0.102803,6,0
1011010201,2022-01-21,32.031,224.217,7,7.373,9.37,15.288,NaN,0.14142,6,0
1011010402,2022-01-21,58.294,405.039,6.94821079356366,31.851,13.972,12.471,NaN,0.119747368421053,6,0
1011010501,2022-01-21,23.798,254.982,10.7144297840155,6.876,6.233,10.689,NaN,0.07122,6,0
1011010504,2022-01-21,81.348,831.4364,10.2207356050548,23.494,24.439,33.415,3.4,0.0851533333333334,6,0
1011010801,2022-01-21,77.103,602.621,7.81579186283283,28.403,22.625,26.075,NaN,0.0813097222222222,6,0
1011010101,2022-01-22,210.297,1085.6298,5.16236465570122,81.802,76.823,51.672,1.3,0.102803,7,1
1011010201,2022-01-22,64.541,516.328,8,16.319,22.766,25.456,NaN,0.14142,7,1
1011010402,2022-01-22,64.682,631.716,9.76648835843048,26.512,26.021,12.149,NaN,0.119747368421053,7,1
1011010501,2022-01-22,22.592,328.213,14.527841713881,7.907,6.416,8.269,NaN,0.07122,7,1
1011010504,2022-01-22,103.68,1249.931,12.0556616512346,34.191,33.376,36.113,6.9,0.0851533333333334,7,1
1011010801,2022-01-22,97.639,810.814,8.30420221427913,24.92,32.599,40.12,NaN,0.0813097222222222,7,1
1011010101,2022-01-23,186.693,1042.094,5.58185898774994,75.611,56.293,54.789,NaN,0.102803,1,1
1011010201,2022-01-23,74.249,590.2622,7.94976632681922,26.104,27.555,20.59,NaN,0.14142,1,1
1011010402,2022-01-23,68.285,722.19,10.5761148129165,34.978,18.82,14.487,NaN,0.119747368421053,1,1
1011010501,2022-01-23,25.009,356.997,14.2747410932064,7.683,10.211,7.115,NaN,0.07122,1,1
1011010504,2022-01-23,124.431,1472.4866,11.8337600758653,46.211,42.733,35.487,NaN,0.0851533333333334,1,1
1011010801,2022-01-23,89.483,935.89,10.4588581071265,26.483,35.931,27.069,NaN,0.0813097222222222,1,1
1011010101,2022-01-24,187.463,839.58,4.47864378570705,63.606,51.657,72.2,2.22222222222222,0.102803,2,0
1011010201,2022-01-24,22.147,199.323,9,3.907,5.19,13.05,NaN,0.14142,2,0
1011010402,2022-01-24,38.076,444.432,11.6722344784116,15.71,14.349,8.017,NaN,0.119747368421053,2,0
1011010501,2022-01-24,25.579,367.668,14.3738222760859,8.035,7.062,10.482,NaN,0.07122,2,0
1011010504,2022-01-24,117.056,1434.487,12.2547071487151,20.698,41.244,55.114,NaN,0.0851533333333334,2,0
1011010801,2022-01-24,68.443,845.232,12.3494294522449,16.165,25.033,27.245,NaN,0.0813097222222222,2,0
1011010101,2022-01-25,153.198,837.6786,5.4679473622371,33.05,55.12,65.028,2.35333333333333,0.102803,3,0
1011010201,2022-01-25,48.877,488.77,10,13.376,15.704,19.797,NaN,0.14142,3,0
1011010402,2022-01-25,70.849,804.174,11.350534234781,32.856,21.915,16.078,NaN,0.119747368421053,3,0
1011010501,2022-01-25,26.834,382.132,14.2405902958933,7.629,5.973,13.232,NaN,0.07122,3,0
1011010504,2022-01-25,85.379,1275.5726,14.9401211070638,23.992,20.936,40.451,2.9,0.0851533333333334,3,0
1011010801,2022-01-25,83.043,962.25,11.5873703984683,26.887,28.364,27.792,2,0.0813097222222222,3,0
1011010101,2022-01-26,172.651,1024.105,5.93164823835367,57.226,61.964,53.461,1.47,0.102803,4,0
1011010201,2022-01-26,32.217,322.17,10,7.642,7.773,16.802,NaN,0.14142,4,0
1011010402,2022-01-26,64.858,745.971,11.5016035030374,33.317,22.384,9.157,NaN,0.119747368421053,4,0
1011010501,2022-01-26,31.875,462.492,14.5095529411765,11.449,8.203,12.223,NaN,0.07122,4,0
1011010504,2022-01-26,93.362,1397.9538,14.9734774319316,31.159,28.369,33.834,2,0.0851533333333334,4,0
1011010801,2022-01-26,87.094,866.184,9.94539233471881,31.684,30.663,24.747,2,0.0813097222222222,4,0
1011010101,2022-01-27,170.614,847.6926,4.96848207063899,56.464,46.072,68.078,2.3397094779232,0.102803,5,0
1011010201,2022-01-27,58.027,580.27,10,11.458,22.744,23.825,NaN,0.14142,5,0
1011010402,2022-01-27,95.025,1118.58,11.7714285714286,35.791,39.102,20.132,NaN,0.119747368421053,5,0
1011010501,2022-01-27,21.963,356.442,16.2292036607021,7.707,5.744,8.512,NaN,0.07122,5,0
1011010504,2022-01-27,157.221,2299.201,14.6240069710789,45.626,60.965,50.63,NaN,0.0851533333333334,5,0
1011010801,2022-01-27,66.621,678.1152,10.1787004097807,14.301,26.936,25.384,NaN,0.0813097222222222,5,0
1011010101,2022-01-28,188.131,1082.726,5.75517059921013,72.327,52.673,63.131,2.7,0.102803,6,0
1011010201,2022-01-28,85.253,852.53,10,13.847,32.132,39.274,NaN,0.14142,6,0
1011010402,2022-01-28,197.934,2192.236,11.0755908535168,63.087,88.624,46.223,9.9,0.119747368421053,6,0
1011010501,2022-01-28,54.803,968.3842,17.6702771746072,12.499,21.837,20.467,NaN,0.07122,6,0
1011010504,2022-01-28,222.648,3474.2282,15.6041293880924,67.112,77.976,77.56,NaN,0.0851533333333334,6,0
1011010801,2022-01-28,144.04,1414.4326,9.81972091085809,56.866,47.202,39.972,NaN,0.0813097222222222,6,0
1011010101,2022-01-29,208.256,1440.725,6.91804797940996,80.572,65.45,62.234,NaN,0.102803,7,1
1011010201,2022-01-29,90.907,909.07,10,40.604,30.292,20.011,NaN,0.14142,7,1
1011010402,2022-01-29,200.905,2262.968,11.2638709837983,81.49,54.513,64.902,NaN,0.119747368421053,7,1
1011010501,2022-01-29,86.261,1518.482,17.6033433417187,25.288,36.086,24.887,NaN,0.07122,7,1
1011010504,2022-01-29,356.647,6284.8074,17.6219270034516,116.476,121.979,118.192,NaN,0.0851533333333334,7,1
1011010801,2022-01-29,195.987,1854.334,9.46151530458653,52.459,74.343,69.185,NaN,0.0813097222222222,7,1
1011010101,2022-01-30,229.022,1825.693,7.9716926758128,90.827,75.964,62.231,2.7,0.102803,1,1
1011010201,2022-01-30,102.128,999.3668,9.78543396522011,14.953,36.239,50.936,NaN,0.14142,1,1
1011010402,2022-01-30,234.678,2746.652,11.7039177085198,91.001,67.645,76.032,NaN,0.119747368421053,1,1
1011010501,2022-01-30,88.028,1526.0572,17.3360430772027,17.805,34.853,35.37,NaN,0.07122,1,1
1011010504,2022-01-30,403.185,7456.5416,18.4940947703908,129.535,128.808,144.842,NaN,0.0851533333333334,1,1
1011010801,2022-01-30,153.261,1925.8152,12.5655920292834,60.231,47.427,45.603,NaN,0.0813097222222222,1,1
1011010101,2022-02-01,63.003,596.783,9.47229497008079,22.75,29.775,10.478,NaN,0.102803,3,0
1011010201,2022-02-01,13.968,139.68,10,3.877,3.986,6.105,NaN,0.14142,3,0
1011010402,2022-02-01,38.25,458.315,11.982091503268,11.114,21.089,6.047,NaN,0.119747368421053,3,0
1011010501,2022-02-01,18.86,328.4054,17.4127995758218,4.85,7.689,6.321,NaN,0.07122,3,0
1011010504,2022-02-01,52.92,1049.8752,19.8389115646258,16.382,25.616,10.922,NaN,0.0851533333333334,3,0
1011010801,2022-02-01,46.534,423.7264,9.10573774014699,10.893,23.552,12.089,NaN,0.0813097222222222,3,0
1011010101,2022-02-02,88.412,698.808,7.90399493281455,40.252,24.044,24.116,NaN,0.102803,4,0
1011010201,2022-02-02,38.729,387.29,10,9.035,14.36,15.334,NaN,0.14142,4,0
1011010402,2022-02-02,37.868,514.747,13.5931921411218,22.696,8.126,7.046,NaN,0.119747368421053,4,0
1011010501,2022-02-02,29.266,507.798,17.3511241713934,10.998,9.994,8.274,NaN,0.07122,4,0
1011010504,2022-02-02,89.27,1687.0262,18.8980194914305,28.01,35.118,26.142,NaN,0.0851533333333334,4,0
1011010801,2022-02-02,104.522,834.5944,7.98486825740036,38.097,37.197,29.228,17.6,0.0813097222222222,4,0
1011010101,2022-02-03,116.536,705.078,6.05030205258461,56.75,36.044,23.742,NaN,0.102803,5,0
1011010201,2022-02-03,26.229,262.29,10,15.213,9.771,1.245,NaN,0.14142,5,0
1011010402,2022-02-03,7.01,74.076,10.5671897289586,4.4,1.505,1.105,NaN,0.119747368421053,5,0
1011010501,2022-02-03,51.215,732.486,14.3021770965537,11.827,19.537,19.851,NaN,0.07122,5,0
1011010504,2022-02-03,125.952,2348.7062,18.6476292555894,40.495,40.023,45.434,NaN,0.0851533333333334,5,0
1011010801,2022-02-03,46.152,505.9554,10.9628055122205,21.46,13.986,10.706,NaN,0.0813097222222222,5,0
1011010101,2022-02-04,216.497,1324.3794,6.1173106324799,110.681,71.5,34.316,NaN,0.102803,6,0
1011010201,2022-02-04,48.036,480.36,10,18.708,16.097,13.231,NaN,0.14142,6,0
1011010402,2022-02-04,55.923,666.018,11.9095542084652,36.03,19.435,0.458,NaN,0.119747368421053,6,0
1011010501,2022-02-04,49.812,717.406,14.4022725447683,13.979,18.108,17.725,NaN,0.07122,6,0
1011010504,2022-02-04,168.229,2445.1094,14.5344108328528,64.99,58.032,45.207,NaN,0.0851533333333334,6,0
1011010801,2022-02-04,62.232,585.0328,9.40083558297982,21.816,27.68,12.736,NaN,0.0813097222222222,6,0
1011010101,2022-02-05,208.189,1364.369,6.55351147274832,97.401,73.683,37.105,NaN,0.102803,7,1
1011010201,2022-02-05,45.665,410.985,9,16.857,15.826,12.982,NaN,0.14142,7,1
1011010402,2022-02-05,2.203,21.456,9.73944620971403,0.748,1.455,0,NaN,0.119747368421053,7,1
1011010501,2022-02-05,43.637,541.492,12.4090107019273,12.759,16.567,14.311,NaN,0.07122,7,1
1011010504,2022-02-05,79.349,1235.302,15.5679592685478,42.935,25.321,11.093,NaN,0.0851533333333334,7,1
1011010801,2022-02-05,94.217,778.4774,8.26260016769798,48.881,33.884,11.452,NaN,0.0813097222222222,7,1
1011010101,2022-02-06,219.985,1398.8696,6.35893174534627,102.692,72.676,44.617,2.1,0.102803,1,1
1011010201,2022-02-06,52.784,475.056,9,20.147,18.206,14.431,NaN,0.14142,1,1
1011010402,2022-02-06,66.88,779.744,11.6588516746412,27.662,27.061,12.157,NaN,0.119747368421053,1,1
1011010501,2022-02-06,38.299,476.724,12.4474268257657,8.636,12.784,16.879,NaN,0.07122,1,1
1011010504,2022-02-06,127.903,1530.6256,11.9670813038005,47.205,47.694,33.004,NaN,0.0851533333333334,1,1
1011010801,2022-02-06,90.519,789.7434,8.72461472177112,24.436,39.431,26.652,NaN,0.0813097222222222,1,1
1011010101,2022-02-07,160.054,838.913,5.24143726492309,91.849,29.239,38.966,2.6,0.102803,2,0
1011010201,2022-02-07,43.144,388.296,9,12.445,13.42,17.279,NaN,0.14142,2,0
1011010402,2022-02-07,41.735,494.184,11.8409967653049,16.391,13.968,11.376,NaN,0.119747368421053,2,0
1011010501,2022-02-07,25.718,319.606,12.4273271638541,9.177,7.104,9.437,NaN,0.07122,2,0
1011010504,2022-02-07,105.783,1367.798,12.9302250834255,43.842,32.47,29.471,NaN,0.0851533333333334,2,0
1011010801,2022-02-07,89.43,648.0116,7.2460203511126,39.792,30.659,18.979,NaN,0.0813097222222222,2,0
1011010101,2022-02-08,162.297,965.4962,5.94894668416545,56.166,67.868,38.263,2.7,0.102803,3,0
1011010201,2022-02-08,44.616,341.6072,7.65660749506903,13.182,16.157,15.277,NaN,0.14142,3,0
1011010402,2022-02-08,29.778,294.99,9.90630666935321,14.729,10.138,4.911,NaN,0.119747368421053,3,0
1011010501,2022-02-08,28.361,349.446,12.3213567927788,6.964,9.316,12.081,NaN,0.07122,3,0
1011010504,2022-02-08,83.106,1018.077,12.2503429355281,27.163,25.954,29.989,4.23333333333333,0.0851533333333334,3,0
1011010801,2022-02-08,48.124,406.828,8.45374449339207,17.201,17.276,13.647,NaN,0.0813097222222222,3,0
1011010101,2022-02-09,138.288,740.5578,5.35518483165568,46.04,57.167,35.081,NaN,0.102803,4,0
1011010201,2022-02-09,25.255,227.295,9,5.95,7.916,11.389,NaN,0.14142,4,0
1011010402,2022-02-09,30.194,300.006,9.93594753924621,11.948,15.793,2.453,NaN,0.119747368421053,4,0
1011010501,2022-02-09,17.827,217.334,12.1912828855107,5.441,7.116,5.27,NaN,0.07122,4,0
1011010504,2022-02-09,81.859,913.734,11.1622912569174,16.749,33.672,31.438,5.78888888888889,0.0851533333333334,4,0
1011010801,2022-02-09,54.398,386.7012,7.10873929188573,21.966,13.609,18.823,4.44,0.0813097222222222,4,0
1011010101,2022-02-10,116.133,583.8774,5.0276613882359,39.417,33.807,42.909,2.38823529411765,0.102803,5,0
1011010201,2022-02-10,23.057,184.456,8,4.976,8.179,9.902,NaN,0.14142,5,0
1011010402,2022-02-10,29.54,293.59,9.93872714962762,10.272,14.87,4.398,NaN,0.119747368421053,5,0
1011010501,2022-02-10,18.122,205.86,11.35967332524,4.844,7.581,5.697,NaN,0.07122,5,0
1011010504,2022-02-10,95.39,900.0088,9.43504350560856,23.874,26.702,44.814,4.26363636363636,0.0851533333333334,5,0
1011010801,2022-02-10,45.478,305.704,6.72201943797001,13.051,10.473,21.954,3.96666666666667,0.0813097222222222,5,0
1011010101,2022-02-11,132.508,677.0574,5.10955866815589,51.113,34.609,46.786,2.675,0.102803,6,0
1011010201,2022-02-11,24.982,199.856,8,6.561,5.88,12.541,NaN,0.14142,6,0
1011010402,2022-02-11,38.286,375.374,9.80447160842083,10.684,14.059,13.543,NaN,0.119747368421053,6,0
1011010501,2022-02-11,16.356,188.334,11.5146735143067,1.472,6.93,7.954,NaN,0.07122,6,0
1011010504,2022-02-11,80.496,817.711,10.1584053866031,18.885,25.645,35.966,4.23333333333333,0.0851533333333334,6,0
1011010801,2022-02-11,44.35,309.1,6.9695603156708,11.303,13.381,19.666,3.91111111111111,0.0813097222222222,6,0
1011010101,2022-02-12,154.467,871.2256,5.64020535130481,66.885,47.187,40.395,2.45,0.102803,7,1
1011010201,2022-02-12,35.481,283.848,8,12.841,13.507,9.133,NaN,0.14142,7,1
1011010402,2022-02-12,58.417,482.536,8.2601982299673,16.142,28.952,13.323,NaN,0.119747368421053,7,1
1011010501,2022-02-12,19.233,189.786,9.86772734362814,7.746,5.513,5.974,NaN,0.07122,7,1
1011010504,2022-02-12,63.244,671.8514,10.6231642527354,28.413,22.383,12.448,6.9,0.0851533333333334,7,1
1011010801,2022-02-12,44.628,306.904,6.87693824504795,13.323,16.769,14.536,2.1,0.0813097222222222,7,1
1011010101,2022-02-13,165.85,881.5966,5.3156261682243,83.685,44.075,38.09,2.26666666666667,0.102803,1,1
1011010201,2022-02-13,37.882,303.056,8,14.425,13.871,9.586,NaN,0.14142,1,1
1011010402,2022-02-13,38.757,309.756,7.99225946280672,26.33,7.546,4.881,NaN,0.119747368421053,1,1
1011010501,2022-02-13,18.593,178.259,9.58742537514118,8.06,5.13,5.403,NaN,0.07122,1,1
1011010504,2022-02-13,53.381,583.6494,10.9336542964725,28.428,11.119,13.834,NaN,0.0851533333333334,1,1
1011010801,2022-02-13,62.028,394.004,6.35203456503515,29.98,20.69,11.358,NaN,0.0813097222222222,1,1
1011010101,2022-02-14,150.014,631.1668,4.20738597730879,61.387,53.182,35.445,2.56,0.102803,2,0
1011010201,2022-02-14,35.754,286.032,8,6.519,18.091,11.144,NaN,0.14142,2,0
1011010402,2022-02-14,24.829,198.632,8,6.27,11.171,7.388,NaN,0.119747368421053,2,0
1011010501,2022-02-14,22.165,215.701,9.73160387999098,2.942,7.711,11.512,NaN,0.07122,2,0
1011010504,2022-02-14,56.165,567.3326,10.1011768895219,8.884,27.581,19.7,NaN,0.0851533333333334,2,0
1011010801,2022-02-14,43.618,351.324,8.05456462928149,9.277,15.715,18.626,NaN,0.0813097222222222,2,0
1011010101,2022-02-15,154.453,822.6562,5.32625588366688,66.507,47.274,40.672,3.03333333333333,0.102803,3,0
1011010201,2022-02-15,30.547,244.376,8,8.508,10.089,11.95,NaN,0.14142,3,0
1011010402,2022-02-15,50.087,399.596,7.9780382135085,27.522,19.838,2.727,NaN,0.119747368421053,3,0
1011010501,2022-02-15,13.33,131.351,9.85378844711178,5.736,5.183,2.411,NaN,0.07122,3,0
1011010504,2022-02-15,65.561,663.9596,10.1273562026205,26.074,20.747,18.74,NaN,0.0851533333333334,3,0
1011010801,2022-02-15,54.996,390.528,7.10102552912939,15.711,19.844,19.441,NaN,0.0813097222222222,3,0
1011010101,2022-02-16,99.015,358.373,3.61938090188355,23.345,25.76,49.91,2.3625,0.102803,4,0
1011010201,2022-02-16,21.875,175,8,4.712,7.765,9.398,NaN,0.14142,4,0
1011010402,2022-02-16,25.24,199.72,7.91283676703645,10.227,9.855,5.158,NaN,0.119747368421053,4,0
1011010501,2022-02-16,8.002,80.02,10,2.209,2.409,3.384,NaN,0.07122,4,0
1011010504,2022-02-16,50.306,404.0908,8.03265614439629,12.244,10.223,27.839,2.9,0.0851533333333334,4,0
1011010801,2022-02-16,19.235,148.83,7.73745775929295,5.125,6.563,7.547,1.9,0.0813097222222222,4,0
1011010101,2022-02-17,112.077,458.309,4.08923329496685,38.424,31.269,42.384,2.7,0.102803,5,0
1011010201,2022-02-17,20.645,165.16,8,5.114,4.047,11.484,NaN,0.14142,5,0
1011010402,2022-02-17,38.54,299.02,7.75869226777374,12.726,15.603,10.211,NaN,0.119747368421053,5,0
1011010501,2022-02-17,16.258,151.975,9.34770574486407,4.426,5.268,6.564,NaN,0.07122,5,0
1011010504,2022-02-17,66.319,471.302,7.10659087139432,9.188,29.84,27.291,4.025,0.0851533333333334,5,0
1011010801,2022-02-17,28.335,250.23,8.83112758073054,3.507,13.017,11.811,4.1,0.0813097222222222,5,0
1011010101,2022-02-18,98.783,444.0188,4.49489082129516,38.795,26.751,33.237,2.1,0.102803,6,0
1011010201,2022-02-18,24.401,195.208,8,7.062,5.994,11.345,NaN,0.14142,6,0
1011010402,2022-02-18,34.695,274.46,7.91064994956045,17.198,12.17,5.327,NaN,0.119747368421053,6,0
1011010501,2022-02-18,13.181,124.178,9.42098475077763,4.248,2.699,6.234,NaN,0.07122,6,0
1011010504,2022-02-18,77.479,604.1516,7.79761741891351,17.004,16.771,43.704,3.86666666666667,0.0851533333333334,6,0
1011010801,2022-02-18,44.249,328.682,7.42800967253497,7.301,12.915,24.033,3.4,0.0813097222222222,6,0
1011010101,2022-02-19,120.64,753.945,6.24954409814324,60.828,25.385,34.427,2.7,0.102803,7,1
1011010201,2022-02-19,49.665,397.32,8,12.765,18.745,18.155,NaN,0.14142,7,1
1011010402,2022-02-19,38.763,307.004,7.92002682970874,19.065,14.848,4.85,NaN,0.119747368421053,7,1
1011010501,2022-02-19,19.604,194.127,9.90241787390329,5.233,5.373,8.998,NaN,0.07122,7,1
1011010504,2022-02-19,84.409,644.9956,7.64131313011646,21.461,29.847,33.101,4.5125,0.0851533333333334,7,1
1011010801,2022-02-19,49.453,330.154,6.6761167168827,16.505,12.79,20.158,NaN,0.0813097222222222,7,1
1011010101,2022-02-20,105.918,660.4082,6.23508940878793,41.035,44.844,20.039,2,0.102803,1,1
1011010201,2022-02-20,36.386,278.538,7.65508712142033,15.668,14.056,6.662,NaN,0.14142,1,1
1011010402,2022-02-20,35.58,284.64,8,17.916,7.411,10.253,NaN,0.119747368421053,1,1
1011010501,2022-02-20,19.499,188.783,9.68167598338376,6.917,9.133,3.449,NaN,0.07122,1,1
1011010504,2022-02-20,80.204,635.0724,7.91821355543364,25.722,31.863,22.619,3.71428571428571,0.0851533333333334,1,1
1011010801,2022-02-20,29.076,238.268,8.19466226441051,12.24,12.204,4.632,NaN,0.0813097222222222,1,1
1011010101,2022-02-21,85.387,477.6952,5.59447222645133,28.142,17.097,40.148,2.475,0.102803,2,0
1011010201,2022-02-21,28.045,224.36,8,8.807,8.193,11.045,NaN,0.14142,2,0
1011010402,2022-02-21,26.034,208.272,8,14.148,4.937,6.949,NaN,0.119747368421053,2,0
1011010501,2022-02-21,12.819,124.014,9.67423355956002,3.187,3.283,6.349,NaN,0.07122,2,0
1011010504,2022-02-21,54.127,544.3702,10.0572764054908,12.435,13.852,27.84,4.03333333333333,0.0851533333333334,2,0
1011010801,2022-02-21,11.197,118.946,10.6230240242922,2.396,5.069,3.732,NaN,0.0813097222222222,2,0
1011010101,2022-02-22,78.356,451.291,5.75949512481495,22.519,25.255,30.582,2.20833333333333,0.102803,3,0
1011010201,2022-02-22,21.47,171.76,8,5.614,9.323,6.533,NaN,0.14142,3,0
1011010402,2022-02-22,25.201,201.608,8,16.041,5.089,4.071,NaN,0.119747368421053,3,0
1011010501,2022-02-22,14.993,140.705,9.38471286600413,4.933,2.55,7.51,NaN,0.07122,3,0
1011010504,2022-02-22,83.428,750.9346,9.00099007527449,17.316,22.63,43.482,3.96428571428571,0.0851533333333334,3,0
1011010801,2022-02-22,14.499,139.082,9.59252362231878,4.451,3.806,6.242,NaN,0.0813097222222222,3,0
1011010101,2022-02-23,65.21,399.698,6.12939733169759,30.463,14.695,20.052,2.375,0.102803,4,0
1011010201,2022-02-23,28.796,230.368,8,7.89,9.322,11.584,NaN,0.14142,4,0
1011010402,2022-02-23,17.076,136.608,8,7.363,5.555,4.158,NaN,0.119747368421053,4,0
1011010501,2022-02-23,10.987,121.351,11.0449622280877,2.666,3.358,4.963,NaN,0.07122,4,0
1011010504,2022-02-23,46.044,400.681,8.70213274259404,7.418,12.039,26.587,4.14444444444444,0.0851533333333334,4,0
1011010801,2022-02-23,16.979,123.322,7.26320749160728,3.148,6.605,7.226,NaN,0.0813097222222222,4,0
1011010101,2022-02-24,75.146,363.918,4.84281265802571,22.044,18.211,34.891,2.38888888888889,0.102803,5,0
1011010201,2022-02-24,34.624,276.992,8,7.851,9.686,17.087,NaN,0.14142,5,0
1011010402,2022-02-24,19.778,158.224,8,9.537,8.066,2.175,NaN,0.119747368421053,5,0
1011010501,2022-02-24,11.295,129.84,11.4953519256308,0.733,4.121,6.441,NaN,0.07122,5,0
1011010504,2022-02-24,60.707,652.5508,10.7491854316636,12.458,10.707,37.542,4.36666666666667,0.0851533333333334,5,0
1011010801,2022-02-24,27.097,182.746,6.74414141786913,6.711,9.259,11.127,4.1,0.0813097222222222,5,0
1011010101,2022-02-25,96.432,584.8488,6.06488302638128,28.968,31.971,35.493,2.13636363636364,0.102803,6,0
1011010201,2022-02-25,25.668,205.344,8,4.813,9.309,11.546,NaN,0.14142,6,0
1011010402,2022-02-25,43.644,387.152,8.87068096416461,17.314,17.388,8.942,NaN,0.119747368421053,6,0
1011010501,2022-02-25,15.162,166.196,10.9613507452843,2.996,5.675,6.491,NaN,0.07122,6,0
1011010504,2022-02-25,66.539,729.3868,10.9617938351944,13.015,20.905,32.619,4.64705882352941,0.0851533333333334,6,0
1011010801,2022-02-25,33.498,282.664,8.43823511851454,8.801,11.251,13.446,NaN,0.0813097222222222,6,0
1011010101,2022-02-26,118.507,832.3856,7.02393613879349,45.25,36.392,36.865,2,0.102803,7,1
1011010201,2022-02-26,29.244,292.44,10,14.081,4.75,10.413,NaN,0.14142,7,1
1011010402,2022-02-26,40.831,326.648,8,29.184,4.485,7.162,NaN,0.119747368421053,7,1
1011010501,2022-02-26,22.413,256.314,11.4359523490831,6.342,6.019,10.052,NaN,0.07122,7,1
1011010504,2022-02-26,96.277,1020.8488,10.6032468813943,29.961,30.431,35.885,4.03333333333333,0.0851533333333334,7,1
1011010801,2022-02-26,44.56,309.48,6.94524236983842,13.04,7.12,24.4,NaN,0.0813097222222222,7,1
1011010101,2022-02-27,94.607,574.5276,6.07278108385214,42.248,29.187,23.172,1.8,0.102803,1,1
1011010201,2022-02-27,34.072,340.72,10,12.422,12.955,8.695,NaN,0.14142,1,1
1011010402,2022-02-27,33.609,268.872,8,16.359,12.562,4.688,NaN,0.119747368421053,1,1
1011010501,2022-02-27,17.194,203.2,11.8180760730487,6.194,5.743,5.257,NaN,0.07122,1,1
1011010504,2022-02-27,90.842,1024.7628,11.2807159683847,37.597,31.02,22.225,6.4,0.0851533333333334,1,1
1011010801,2022-02-27,30.748,218.064,7.09197346168857,8.273,10.578,11.897,6.9,0.0813097222222222,1,1
1011010101,2022-02-28,77.285,456.0546,5.9009458497768,22.327,21.168,33.79,2.21666666666667,0.102803,2,0
1011010201,2022-02-28,22.582,225.82,10,7.43,5.352,9.8,NaN,0.14142,2,0
1011010402,2022-02-28,29.583,177.498,6,21.259,8.324,0,NaN,0.119747368421053,2,0
1011010501,2022-02-28,14.358,156.606,10.9072294191392,4.808,4.379,5.171,NaN,0.07122,2,0
1011010504,2022-02-28,66.122,663.3378,10.0320286742688,18.432,18.366,29.324,4.42222222222222,0.0851533333333334,2,0
1011010801,2022-02-28,11.887,132.366,11.1353579540675,3.063,4.654,4.17,6.9,0.0813097222222222,2,0
1011010101,2022-03-01,75.286,439.0974,5.83239114842069,30.356,11.668,33.262,2.01666666666667,0.102803,3,0
1011010201,2022-03-01,22.944,229.44,10,7.231,6.716,8.997,NaN,0.14142,3,0
1011010402,2022-03-01,5.051,30.306,6,0,3.91,1.141,NaN,0.119747368421053,3,0
1011010501,2022-03-01,13.075,169.784,12.9853919694073,5.889,1.573,5.613,NaN,0.07122,3,0
1011010504,2022-03-01,60.582,627.8882,10.3642699151563,20.357,10.529,29.696,5.4,0.0851533333333334,3,0
1011010801,2022-03-01,18.112,141.716,7.824425795053,5.667,0.468,11.977,NaN,0.0813097222222222,3,0
1011010101,2022-03-02,70.109,391.4318,5.58318903421815,28.367,17.288,24.454,1.97777777777778,0.102803,4,0
1011010201,2022-03-02,18.905,189.05,10,6.367,5.711,6.827,NaN,0.14142,4,0
1011010402,2022-03-02,23.171,139.026,6,12.382,5.638,5.151,NaN,0.119747368421053,4,0
1011010501,2022-03-02,8.61,113.056,13.1307781649245,1.904,1.596,5.11,NaN,0.07122,4,0
1011010504,2022-03-02,69.755,740.0594,10.6094100781306,17.354,16.297,36.104,5.67826086956522,0.0851533333333334,4,0
1011010801,2022-03-02,17.916,165.388,9.23130162982808,7.215,5.102,5.599,NaN,0.0813097222222222,4,0
1011010101,2022-03-03,62.041,359.6576,5.79709546912526,22.88,21.009,18.152,2.18571428571429,0.102803,5,0
1011010201,2022-03-03,21.88,218.8,10,5.081,5.15,11.649,NaN,0.14142,5,0
1011010402,2022-03-03,27.705,166.23,6,10.49,8.239,8.976,NaN,0.119747368421053,5,0
1011010501,2022-03-03,14.025,193.3822,13.7883921568627,2.436,5.768,5.821,NaN,0.07122,5,0
1011010504,2022-03-03,54.075,617.3778,11.4170651872399,12.369,15.903,25.803,5.03333333333333,0.0851533333333334,5,0
1011010801,2022-03-03,15.525,105.25,6.77938808373591,3.654,6.303,5.568,NaN,0.0813097222222222,5,0
1011010101,2022-03-04,78.622,502.9668,6.39727811554018,23.244,16.025,39.353,2,0.102803,6,0
1011010201,2022-03-04,20.119,201.19,10,2.802,4.709,12.608,NaN,0.14142,6,0
1011010402,2022-03-04,21.276,127.656,6,9.665,7.013,4.598,NaN,0.119747368421053,6,0
1011010501,2022-03-04,9.297,111.927,12.0390448531784,2.241,1.874,5.182,NaN,0.07122,6,0
1011010504,2022-03-04,72.59,709.5126,9.77424714147955,15.804,17.024,39.762,5.00833333333333,0.0851533333333334,6,0
1011010801,2022-03-04,28.908,171.044,5.9168396291684,4.026,7.327,17.555,NaN,0.0813097222222222,6,0
1011010101,2022-03-05,125.495,805.6016,6.41939200764971,67.053,28.727,29.715,1.8,0.102803,7,1
1011010201,2022-03-05,29.269,292.69,10,10.643,10.553,8.073,NaN,0.14142,7,1
1011010402,2022-03-05,44.23,265.38,6,31.732,5.956,6.542,NaN,0.119747368421053,7,1
1011010501,2022-03-05,14.836,204.0128,13.7511997843084,5.54,3.792,5.504,NaN,0.07122,7,1
1011010504,2022-03-05,103.358,1170.0724,11.3205789585712,40.792,19.41,43.156,5.5,0.0851533333333334,7,1
1011010801,2022-03-05,33.725,233.35,6.91919940696813,10.469,9.181,14.075,NaN,0.0813097222222222,7,1
1011010101,2022-03-06,141.174,951.4866,6.7398146967572,67.055,39.125,34.994,1.9,0.102803,1,1
1011010201,2022-03-06,31.384,310.01,9.87796329339791,11.661,11.71,8.013,NaN,0.14142,1,1
1011010402,2022-03-06,47.119,282.714,6,42.856,2.971,1.292,NaN,0.119747368421053,1,1
1011010501,2022-03-06,19.161,229.5456,11.9798340378895,7.393,5.882,5.886,NaN,0.07122,1,1
1011010504,2022-03-06,81.904,1119.4264,13.6675424887673,39.807,21.874,20.223,4.94,0.0851533333333334,1,1
1011010801,2022-03-06,39.323,285.914,7.27091015436259,14.779,10.28,14.264,NaN,0.0813097222222222,1,1
1011010101,2022-03-07,76.686,510.3536,6.65510784237019,32.414,21.089,23.183,1.9,0.102803,2,0
1011010201,2022-03-07,0.632,6.32,10,0.632,0,0,NaN,0.14142,2,0
1011010402,2022-03-07,24.482,146.892,6,9.095,6.545,8.842,NaN,0.119747368421053,2,0
1011010501,2022-03-07,11.448,143.7516,12.5569182389937,5.006,3.137,3.305,NaN,0.07122,2,0
1011010504,2022-03-07,52.889,589.657,11.1489534685851,17.107,15.524,20.258,3.85,0.0851533333333334,2,0
1011010801,2022-03-07,12.626,96.368,7.63250435609061,2.483,3.976,6.167,NaN,0.0813097222222222,2,0
1011010101,2022-03-08,82.174,457.2338,5.56421495850269,31.569,20.188,30.417,1.8,0.102803,3,0
1011010201,2022-03-08,14.951,123.784,8.27931242057388,2.46,2.609,9.882,8,0.14142,3,0
1011010402,2022-03-08,6.754,47.278,7,6.754,0,0,NaN,0.119747368421053,3,0
1011010501,2022-03-08,9.594,125.444,13.0752553679383,2.746,1.379,5.469,NaN,0.07122,3,0
1011010504,2022-03-08,71.127,743.8088,10.4574746580061,15.028,25.878,30.221,5.74444444444444,0.0851533333333334,3,0
1011010801,2022-03-08,14.096,180.6916,12.8186435868331,3.385,2.981,7.73,NaN,0.0813097222222222,3,0
1011010101,2022-03-09,66.059,360.4636,5.45669174525803,25.83,14.332,25.897,1.86,0.102803,4,0
1011010201,2022-03-09,15.084,122.72,8.13577300450809,3.565,5.291,6.228,8,0.14142,4,0
1011010402,2022-03-09,17.2,120.4,7,9.542,7.227,0.431,NaN,0.119747368421053,4,0
1011010501,2022-03-09,8.401,114.3952,13.6168551362933,1.589,0.786,6.026,NaN,0.07122,4,0
1011010504,2022-03-09,62.036,808.0728,13.025868850345,15.901,19.194,26.941,5.31666666666667,0.0851533333333334,4,0
1011010801,2022-03-09,21.91,193.056,8.8113190324053,5.723,5.413,10.774,5.9,0.0813097222222222,4,0
1011010101,2022-03-10,73.508,376.8612,5.12680524568755,30.071,21.204,22.233,1.77142857142857,0.102803,5,0
1011010201,2022-03-10,16.971,140.146,8.2579694773437,3.895,3.727,9.349,8,0.14142,5,0
1011010402,2022-03-10,16.626,116.382,7,9.556,5.834,1.236,NaN,0.119747368421053,5,0
1011010501,2022-03-10,10.189,137.5708,13.501894199627,1.935,3.596,4.658,NaN,0.07122,5,0
1011010504,2022-03-10,57.407,656.448,11.434981796645,14.547,11.077,31.783,5.46666666666667,0.0851533333333334,5,0
1011010801,2022-03-10,14.375,126.5,8.8,4.205,2.421,7.749,NaN,0.0813097222222222,5,0
1011010101,2022-03-11,88.822,527.4428,5.93819999549661,35.132,16.349,37.341,1.88181818181818,0.102803,6,0
1011010201,2022-03-11,19.221,161.428,8.3985224494043,6.414,8.197,4.61,8,0.14142,6,0
1011010402,2022-03-11,29.63,207.41,7,14.369,11.251,4.01,NaN,0.119747368421053,6,0
1011010501,2022-03-11,15.262,216.5368,14.1879701218713,6.428,2.995,5.839,NaN,0.07122,6,0
1011010504,2022-03-11,53.281,581.6292,10.9162590792215,13.944,10.931,28.406,6.03157894736842,0.0851533333333334,6,0
1011010801,2022-03-11,11.525,160.44,13.9210412147505,5.018,4.052,2.455,NaN,0.0813097222222222,6,0
1011010101,2022-03-12,129.766,890.7004,6.8638965522556,64.688,36.873,28.205,NaN,0.102803,7,1
1011010201,2022-03-12,27.529,229.574,8.33935122961241,8.895,9.067,9.567,8,0.14142,7,1
1011010402,2022-03-12,37.329,261.303,7,22.617,10.345,4.367,NaN,0.119747368421053,7,1
1011010501,2022-03-12,24.795,341.552,13.7750352893729,10.615,6.66,7.52,NaN,0.07122,7,1
1011010504,2022-03-12,95.029,1139.0744,11.9865977754159,37.763,29.373,27.893,3.45,0.0851533333333334,7,1
1011010801,2022-03-12,23.441,247.5256,10.5595153790367,12.148,5.367,5.926,2.56666666666667,0.0813097222222222,7,1
1011010101,2022-03-13,101.51,573.2736,5.6474593636095,60.622,20.148,20.74,3.4,0.102803,1,1
1011010201,2022-03-13,30.393,249.59,8.21208830980818,12.741,5.774,11.878,8,0.14142,1,1
1011010402,2022-03-13,28.204,197.428,7,20.1,5.245,2.859,NaN,0.119747368421053,1,1
1011010501,2022-03-13,19.47,248.4488,12.7605957883924,9.116,6.142,4.212,NaN,0.07122,1,1
1011010504,2022-03-13,77.903,986.548,12.6637998536642,27.808,22.818,27.277,6.9,0.0851533333333334,1,1
1011010801,2022-03-13,25.827,304.7208,11.7985364153793,8.746,7.506,9.575,2.5,0.0813097222222222,1,1
1011010101,2022-03-14,98.279,547.4912,5.57078521352476,45.922,22.865,29.492,2.44,0.102803,2,0
1011010201,2022-03-14,9.127,91.27,10,2.078,2.219,4.83,NaN,0.14142,2,0
1011010402,2022-03-14,15.345,107.415,7,6.797,5.172,3.376,NaN,0.119747368421053,2,0
1011010501,2022-03-14,12.678,167.5332,13.2144817794605,3.208,3.631,5.839,NaN,0.07122,2,0
1011010504,2022-03-14,96.701,1067.492,11.0390999058955,27.528,24.081,45.092,7.37,0.0851533333333334,2,0
1011010801,2022-03-14,13.799,107.6616,7.80213058917313,4.638,4.936,4.225,2.5,0.0813097222222222,2,0
1011010101,2022-03-15,102.329,592.425,5.78941453546893,44.063,15.608,42.658,1.71134020618557,0.102803,3,0
1011010201,2022-03-15,7.721,77.21,10,1.064,1.094,5.563,NaN,0.14142,3,0
1011010402,2022-03-15,15.026,112.8908,7.51303074670571,6.552,5.524,2.95,NaN,0.119747368421053,3,0
1011010501,2022-03-15,12.816,164.3842,12.8264825218477,4.339,4.474,4.003,NaN,0.07122,3,0
1011010504,2022-03-15,80.283,943.926,11.7574829042263,17.55,24.267,38.466,6,0.0851533333333334,3,0
1011010801,2022-03-15,17.42,221.4152,12.710401836969,4.876,2.434,10.11,NaN,0.0813097222222222,3,0
1011010101,2022-03-16,105.619,584.498,5.53402323445592,29.647,36.773,39.199,2.9,0.102803,4,0
1011010201,2022-03-16,11.877,119.898,10.094973478151,4.509,2.015,5.353,NaN,0.14142,4,0
1011010402,2022-03-16,16.886,118.202,7,8.81,1.854,6.222,NaN,0.119747368421053,4,0
1011010501,2022-03-16,12.564,164.55,13.0969436485196,3.559,3.902,5.103,NaN,0.07122,4,0
1011010504,2022-03-16,72.957,835.0894,11.4463231766657,25.547,22.886,24.524,6.41875,0.0851533333333334,4,0
1011010801,2022-03-16,17.088,200.9266,11.7583450374532,7.843,5.921,3.324,9.67864583333333,0.0813097222222222,4,0
1011010101,2022-03-17,108.394,540.366,4.98520213295939,45.199,34.9,28.295,2.91,0.102803,5,0
1011010201,2022-03-17,12.813,128.13,10,5.443,2.008,5.362,NaN,0.14142,5,0
1011010402,2022-03-17,30.851,226.0456,7.32701046967683,14.297,9.975,6.579,NaN,0.119747368421053,5,0
1011010501,2022-03-17,15.834,207.552,13.107995452823,5.364,3.204,7.266,NaN,0.07122,5,0
1011010504,2022-03-17,84.519,920.2844,10.8884913451413,29.114,18.997,36.408,5.01363636363636,0.0851533333333334,5,0
1011010801,2022-03-17,22.721,309.082,13.6033625280578,7.176,4.811,10.734,NaN,0.0813097222222222,5,0
1011010101,2022-03-18,112.098,499.3154,4.45427572302806,41.548,29.453,41.097,2.26666666666667,0.102803,6,0
1011010201,2022-03-18,14.473,173.676,12,2.642,4.147,7.684,NaN,0.14142,6,0
1011010402,2022-03-18,28.674,208.1788,7.26019390388505,16.197,7.279,5.198,12.079000594884,0.119747368421053,6,0
1011010501,2022-03-18,16.346,223.454,13.6702557200538,3.939,5.809,6.598,NaN,0.07122,6,0
1011010504,2022-03-18,94.461,1155.2118,12.2295105916727,19.288,19.46,55.713,7.79090909090909,0.0851533333333334,6,0
1011010801,2022-03-18,29.952,167.3574,5.58752003205128,5.353,6.602,17.997,9.46756756756757,0.0813097222222222,6,0
1011010101,2022-03-19,201.276,1278.1608,6.35028915518989,95.91,55.434,49.932,NaN,0.102803,7,1
1011010201,2022-03-19,24.298,291.576,12,5.861,10.175,8.262,NaN,0.14142,7,1
1011010402,2022-03-19,45.815,311.542,6.8,31.686,12.073,2.056,NaN,0.119747368421053,7,1
1011010501,2022-03-19,26.011,352.676,13.5587251547422,9.201,6.491,10.319,NaN,0.07122,7,1
1011010504,2022-03-19,130.315,1668.9386,12.8069569888347,36.38,32.725,61.21,8.50714285714286,0.0851533333333334,7,1
1011010801,2022-03-19,49.829,346.4658,6.95309558690722,22.498,17.908,9.423,3.42289348171701,0.0813097222222222,7,1
1011010101,2022-03-20,173.788,1120.3332,6.44655097014754,82.69,66.659,24.439,NaN,0.102803,1,1
1011010201,2022-03-20,16.749,200.988,12,4.458,9.197,3.094,NaN,0.14142,1,1
1011010402,2022-03-20,43.592,339.664,7.79188841989356,26.379,12.638,4.575,NaN,0.119747368421053,1,1
1011010501,2022-03-20,21.443,292.992,13.6637597351117,7.367,10.207,3.869,NaN,0.07122,1,1
1011010504,2022-03-20,105.566,1666.1534,15.7830494666844,35.841,43.109,26.616,6.4,0.0851533333333334,1,1
1011010801,2022-03-20,43,452.8326,10.5309906976744,22.015,12.259,8.726,2.5,0.0813097222222222,1,1
1011010101,2022-03-21,192.734,1272.7012,6.6034078055766,68.8,47.117,76.817,14.5536356384611,0.102803,2,0
1011010201,2022-03-21,13.613,163.356,12,4.423,2.701,6.489,NaN,0.14142,2,0
1011010402,2022-03-21,25.391,182.8152,7.2,8.059,10.809,6.523,NaN,0.119747368421053,2,0
1011010501,2022-03-21,25.338,331.7456,13.0928092193543,5.788,8.778,10.772,NaN,0.07122,2,0
1011010504,2022-03-21,72.925,1034.2772,14.1827521426123,17.583,15.701,39.641,6.03333333333333,0.0851533333333334,2,0
1011010801,2022-03-21,28.074,291.5528,10.3851535228325,6.576,6.808,14.69,NaN,0.0813097222222222,2,0
1011010101,2022-03-22,133.244,935.4998,7.02095253820059,49.583,40.661,43,19.8,0.102803,3,0
1011010201,2022-03-22,16.239,194.868,12,3.905,3.445,8.889,NaN,0.14142,3,0
1011010402,2022-03-22,27.306,196.6032,7.2,15.406,11.676,0.224,NaN,0.119747368421053,3,0
1011010501,2022-03-22,21.947,287.2934,13.0903266961316,6.041,7.057,8.849,NaN,0.07122,3,0
1011010504,2022-03-22,87.671,1196.7796,13.650803572447,28.741,20.181,38.749,7.96894273127753,0.0851533333333334,3,0
1011010801,2022-03-22,31.656,317.5189,10.030291256002,7.644,4.609,19.403,11.341804180418,0.0813097222222222,3,0
1011010101,2022-03-23,89.497,586.1336,6.54919829714962,41.315,16.359,31.823,5.77038191738114,0.102803,4,0
1011010201,2022-03-23,7.625,91.5,12,1.505,1.087,5.033,NaN,0.14142,4,0
1011010402,2022-03-23,15.255,123.2168,8.07714192068174,7.568,3.844,3.843,11.2,0.119747368421053,4,0
1011010501,2022-03-23,17.569,228.9552,13.031771870909,6.713,3.635,7.221,NaN,0.07122,4,0
1011010504,2022-03-23,82.278,1163.4533,14.1405150830113,24.812,15.663,41.803,5.34204927819386,0.0851533333333334,4,0
1011010801,2022-03-23,28.279,288.8138,10.2130131899996,4.078,6.571,17.63,10.8379310344828,0.0813097222222222,4,0
1011010101,2022-03-24,106.202,700.2048,6.59314137210222,31.34,31.061,43.801,9.11258897701851,0.102803,5,0
1011010201,2022-03-24,7.711,92.532,12,0.376,2.45,4.885,NaN,0.14142,5,0
1011010402,2022-03-24,16.899,135.192,8,8.205,6.809,1.885,NaN,0.119747368421053,5,0
1011010501,2022-03-24,16.036,210.768,13.1434272886006,3.568,6.375,6.093,NaN,0.07122,5,0
1011010504,2022-03-24,48.68,716.856,14.7258833196385,14.861,13.317,20.502,6.9,0.0851533333333334,5,0
1011010801,2022-03-24,18.106,184.5044,10.1902352811223,5.495,6.929,5.682,NaN,0.0813097222222222,5,0
1011010101,2022-03-25,132.493,764.0994,5.76709260111855,43.483,25.286,63.724,4.95199732015744,0.102803,6,0
1011010201,2022-03-25,14.528,168.9096,11.626486784141,3.755,3.99,6.783,NaN,0.14142,6,0
1011010402,2022-03-25,43.221,388.1536,8.98067143286828,16.997,13.121,13.103,11.2,0.119747368421053,6,0
1011010501,2022-03-25,17.128,242.9664,14.1853339560953,2.787,5.656,8.685,NaN,0.07122,6,0
1011010504,2022-03-25,74.387,1000.3073,13.4473402610671,15.129,17.856,41.402,7.89199289692469,0.0851533333333334,6,0
1011010801,2022-03-25,43.386,286.6091,6.60602728990919,11.678,11.407,20.301,3.64984540636042,0.0813097222222222,6,0
1011010101,2022-03-26,152.529,1328.9338,8.71266316569308,63.139,37.032,52.358,12.890472814528,0.102803,7,1
1011010201,2022-03-26,16.707,167.07,10,6.688,4.618,5.401,NaN,0.14142,7,1
1011010402,2022-03-26,43.227,375.4992,8.6866819349018,20.133,11.244,11.85,9.6,0.119747368421053,7,1
1011010501,2022-03-26,23.286,298.1052,12.8019067250709,7.947,4.351,10.988,NaN,0.07122,7,1
1011010504,2022-03-26,94.554,1343.6686,14.2105950039131,30.151,25.496,38.907,8.5,0.0851533333333334,7,1
1011010801,2022-03-26,43.183,513.4005,11.8889493550703,18.081,8.512,16.59,10.7673113506658,0.0813097222222222,7,1
1011010101,2022-03-27,140.651,1103.7378,7.84735124528087,72.55,35.054,33.047,17.824411727696,0.102803,1,1
1011010201,2022-03-27,11.68,116.8,10,3.878,3.284,4.518,NaN,0.14142,1,1
1011010402,2022-03-27,41.214,352.112,8.54350463434755,24.19,9.047,7.977,NaN,0.119747368421053,1,1
1011010501,2022-03-27,26.977,353.9102,13.1189605960633,9.497,7.932,9.548,NaN,0.07122,1,1
1011010504,2022-03-27,89.283,1266.2438,14.1823617037958,38.724,26.538,24.021,8.425,0.0851533333333334,1,1
1011010801,2022-03-27,24.078,249.3194,10.3546557023009,9.465,3.566,11.047,11.4655562958028,0.0813097222222222,1,1
1011010101,2022-03-28,85.85,492.4398,5.73604892253931,23.607,24.047,38.196,2.49,0.102803,2,0
1011010201,2022-03-28,2.089,20.89,10,0,1.637,0.452,NaN,0.14142,2,0
1011010402,2022-03-28,19.777,193.808,9.79966627901097,7.752,2.885,9.14,NaN,0.119747368421053,2,0
1011010501,2022-03-28,15.998,211.4956,13.2201275159395,5.843,3.226,6.929,NaN,0.07122,2,0
1011010504,2022-03-28,64.16,769.4396,11.9925124688279,15.959,12.659,35.542,6.01428571428571,0.0851533333333334,2,0
1011010801,2022-03-28,21.238,194.604,9.16300969959507,5.833,6.2,9.205,8.4,0.0813097222222222,2,0
1011010101,2022-03-29,75.286,539.3804,7.1644183513535,21.381,23.006,30.899,3.3,0.102803,3,0
1011010201,2022-03-29,0,0,NaN,0,0,0,NaN,0.14142,3,0
1011010402,2022-03-29,18.541,158.6928,8.55902054905345,7.533,6.121,4.887,9.6,0.119747368421053,3,0
1011010501,2022-03-29,13.184,176.7146,13.4037166262136,2.266,2.218,8.7,NaN,0.07122,3,0
1011010504,2022-03-29,65.004,719.7746,11.0727739831395,17.274,12.099,35.631,3.525,0.0851533333333334,3,0
1011010801,2022-03-29,26.983,249.1078,9.23202757291628,9.712,7.24,10.031,5.00804571428571,0.0813097222222222,3,0
1011010101,2022-03-30,86.195,577.1882,6.69630721039503,32.63,21.391,32.174,3.54,0.102803,4,0
1011010201,2022-03-30,30.3,248.604,8.20475247524753,9.136,7.911,13.253,8,0.14142,4,0
1011010402,2022-03-30,27.389,232.472,8.48778706780094,11.137,8.073,8.179,NaN,0.119747368421053,4,0
1011010501,2022-03-30,17.223,243.9284,14.1629448992626,5.904,3.557,7.762,NaN,0.07122,4,0
1011010504,2022-03-30,69.721,974.4092,13.975835114241,25.422,20.399,23.9,9.7,0.0851533333333334,4,0
1011010801,2022-03-30,22.45,256.045,11.4051224944321,10.242,5.417,6.791,11.9,0.0813097222222222,4,0
1011010101,2022-03-31,92.587,576.8436,6.23028718934623,38.215,23.179,31.193,2.85555555555556,0.102803,5,0
1011010201,2022-03-31,25.097,204.35,8.14240745905885,9.774,4.539,10.784,8,0.14142,5,0
1011010402,2022-03-31,30.993,287.216,9.26712483464008,10.962,11.51,8.521,NaN,0.119747368421053,5,0
1011010501,2022-03-31,10.145,160.5566,15.8261803844258,2.107,3.256,4.782,NaN,0.07122,5,0
1011010504,2022-03-31,54.92,742.2912,13.5158630735615,14.14,11.009,29.771,5.025,0.0851533333333334,5,0
1011010801,2022-03-31,26.203,235.8176,8.99964126245087,8.153,4.976,13.074,NaN,0.0813097222222222,5,0
1011010101,2022-04-01,130.262,791.3334,6.0749366661037,44.793,32.566,52.903,3.175,0.102803,6,0
1011010201,2022-04-01,26.303,220.946,8.40003041478158,6.918,8.211,11.174,8,0.14142,6,0
1011010402,2022-04-01,25.437,220.296,8.66045524236349,13.824,6.19,5.423,NaN,0.119747368421053,6,0
1011010501,2022-04-01,16.697,250.1894,14.9840929508295,5.486,6.405,4.806,NaN,0.07122,6,0
1011010504,2022-04-01,80.48,1010.1254,12.5512599403579,19.988,20.483,40.009,7.28666666666667,0.0851533333333334,6,0
1011010801,2022-04-01,19.915,265.5426,13.333798644238,7.01,3.625,9.28,9.7087323943662,0.0813097222222222,6,0
1011010101,2022-04-02,133.168,845.5812,6.34973266850895,56.125,24.177,52.866,2.58333333333333,0.102803,7,1
1011010201,2022-04-02,26.163,217.398,8.30936819172113,8.857,7.773,9.533,8,0.14142,7,1
1011010402,2022-04-02,34.452,305.248,8.86009520492279,14.802,10.92,8.73,NaN,0.119747368421053,7,1
1011010501,2022-04-02,18.016,270.2158,14.998656749556,6.004,3.895,8.117,NaN,0.07122,7,1
1011010504,2022-04-02,71.349,942.9616,13.2161852303466,27.884,15.531,27.934,4.54285714285714,0.0851533333333334,7,1
1011010801,2022-04-02,30.03,268.5094,8.94137196137196,7.548,7.402,15.08,6.29095307208515,0.0813097222222222,7,1
1011010101,2022-04-03,111.538,734.3956,6.58426365902204,50.008,36,25.53,2.86858949032003,0.102803,1,1
1011010201,2022-04-03,16.438,135.742,8.25781725270714,4.499,5.523,6.416,8,0.14142,1,1
1011010402,2022-04-03,42.998,374.8128,8.71698218521792,20.051,9.863,13.084,11.2,0.119747368421053,1,1
1011010501,2022-04-03,23.887,362.5468,15.1775777619626,6.769,5.499,11.619,NaN,0.07122,1,1
1011010504,2022-04-03,96.131,1107.3378,11.519050046291,27.86,26.03,42.241,5.6952380952381,0.0851533333333334,1,1
1011010801,2022-04-03,46.766,318.3404,6.80709062139161,14.229,13.572,18.965,NaN,0.0813097222222222,1,1
1011010101,2022-04-04,148.726,967.8308,6.50747549184406,58.51,40.828,49.388,2.4,0.102803,2,0
1011010201,2022-04-04,22.224,266.688,12,8.327,6.981,6.916,NaN,0.14142,2,0
1011010402,2022-04-04,31.759,254.072,8,13.883,10.063,7.813,NaN,0.119747368421053,2,0
1011010501,2022-04-04,23.387,365.1374,15.6128361910463,8.404,6.957,8.026,NaN,0.07122,2,0
1011010504,2022-04-04,107.732,1424.683,13.2243251772918,34.325,33.825,39.582,6.61818181818182,0.0851533333333334,2,0
1011010801,2022-04-04,40.745,415.5406,10.1985666953,11.448,12.797,16.5,9.8,0.0813097222222222,2,0
1011010101,2022-04-05,146.419,881.3226,6.0191819367705,55.415,41.837,49.167,2.75833333333333,0.102803,3,0
1011010201,2022-04-05,21.248,254.976,12,2.683,8.229,10.336,NaN,0.14142,3,0
1011010402,2022-04-05,21.71,173.68,8,8.47,9.296,3.944,NaN,0.119747368421053,3,0
1011010501,2022-04-05,15.356,224.4554,14.6167882261005,3.362,5.737,6.257,NaN,0.07122,3,0
1011010504,2022-04-05,38.664,551.1934,14.25598489551,13.107,9.812,15.745,4.52,0.0851533333333334,3,0
1011010801,2022-04-05,31.476,289.0568,9.18340322785614,9.986,11.319,10.171,9.8,0.0813097222222222,3,0
1011010101,2022-04-06,109.945,596.599,5.42634044294874,47.633,21.168,41.144,2.93333333333333,0.102803,4,0
1011010201,2022-04-06,17.497,168.786,9.64656798308281,6.181,6.247,5.069,NaN,0.14142,4,0
1011010402,2022-04-06,5.855,58.272,9.95251921434671,2.77,0.47,2.615,11.2,0.119747368421053,4,0
1011010501,2022-04-06,11.695,190.8228,16.3166139375802,3.088,2.515,6.092,NaN,0.07122,4,0
1011010504,2022-04-06,38.127,453.805,11.902457575996,9.675,14.746,13.706,8.2,0.0851533333333334,4,0
1011010801,2022-04-06,20.492,192.7036,9.40384540308413,3.372,7.238,9.882,11.9323397913562,0.0813097222222222,4,0
1011010101,2022-04-07,85.201,529.0872,6.2098707761646,31.218,18.769,35.214,2.81666666666667,0.102803,5,0
1011010201,2022-04-07,10.494,125.928,12,0.903,3.127,6.464,NaN,0.14142,5,0
1011010402,2022-04-07,6.533,52.264,8,0.804,4.196,1.533,NaN,0.119747368421053,5,0
1011010501,2022-04-07,14.479,211.828,14.6300158850749,5.869,2.742,5.868,NaN,0.07122,5,0
1011010504,2022-04-07,28.799,384.052,13.3356019306226,4.574,7.713,16.512,5.61666666666667,0.0851533333333334,5,0
1011010801,2022-04-07,14.881,178.2252,11.9766951145756,4.752,4.73,5.399,13.9,0.0813097222222222,5,0
1011010101,2022-04-08,87.65,480.9732,5.48742954934398,36.022,20.484,31.144,2.3,0.102803,6,0
1011010201,2022-04-08,10.629,127.548,12,4.349,2.676,3.604,NaN,0.14142,6,0
1011010402,2022-04-08,6.366,60.552,9.51178133836004,3.27,1.036,2.06,NaN,0.119747368421053,6,0
1011010501,2022-04-08,12.371,154.1644,12.4617573357045,3.109,1.869,7.393,NaN,0.07122,6,0
1011010504,2022-04-08,36.973,360.5274,9.75109945095069,5.218,4.896,26.859,5.79982837037673,0.0851533333333334,6,0
1011010801,2022-04-08,18.886,170.1519,9.00941967595044,5.537,4.637,8.712,6.16363910681955,0.0813097222222222,6,0
1011010101,2022-04-09,141.102,813.0178,5.76191549375629,79.153,26.786,35.163,2.28,0.102803,7,1
1011010201,2022-04-09,15.591,218.274,14,9.257,3.876,2.458,NaN,0.14142,7,1
1011010402,2022-04-09,11.218,94.152,8.39293991798895,7.551,1.564,2.103,NaN,0.119747368421053,7,1
1011010501,2022-04-09,27.258,318.8298,11.69674224081,8.365,8.388,10.505,NaN,0.07122,7,1
1011010504,2022-04-09,133.106,1411.298,10.6028127958169,52.298,35.501,45.307,6.14615384615385,0.0851533333333334,7,1
1011010801,2022-04-09,35.619,262.226,7.36196973525366,12.164,7.501,15.954,NaN,0.0813097222222222,7,1
1011010101,2022-04-10,185.591,1060.5406,5.71439671104741,114.082,24.308,47.201,2.57272727272727,0.102803,1,1
1011010201,2022-04-10,7.757,108.598,14,3.051,2.944,1.762,NaN,0.14142,1,1
1011010402,2022-04-10,18.379,153.048,8.32733010501116,12.732,0.905,4.742,NaN,0.119747368421053,1,1
1011010501,2022-04-10,24.485,270.0436,11.0289401674495,8.203,5.927,10.355,NaN,0.07122,1,1
1011010504,2022-04-10,113.881,1316.123,11.5570024850502,46.341,24.241,43.299,10.4943450942484,0.0851533333333334,1,1
1011010801,2022-04-10,30.946,253.8353,8.20252375105022,8.115,9.881,12.95,6.34543828264759,0.0813097222222222,1,1
1011010101,2022-04-11,93.428,541.3698,5.79451342210044,37.793,15.814,39.821,2.17142857142857,0.102803,2,0
1011010201,2022-04-11,6.383,76.596,12,2.335,1.815,2.233,NaN,0.14142,2,0
1011010402,2022-04-11,1.03,8.24,8,0.553,0.477,0,NaN,0.119747368421053,2,0
1011010501,2022-04-11,10.687,128.8316,12.0549826892486,4.633,0.415,5.639,NaN,0.07122,2,0
1011010504,2022-04-11,69.305,706.9408,10.2004299834067,22.465,5.838,41.002,5.99411764705882,0.0851533333333334,2,0
1011010801,2022-04-11,11.87,148.4844,12.5092165122157,4.935,1.929,5.006,9.12148337595908,0.0813097222222222,2,0
1011010101,2022-04-12,106.268,669.4414,6.29955772198592,48.583,26.949,30.736,8.4,0.102803,3,0
1011010201,2022-04-12,6.375,89.25,14,1.49,2.464,2.421,NaN,0.14142,3,0
1011010402,2022-04-12,7.538,60.304,8,2.613,1.746,3.179,NaN,0.119747368421053,3,0
1011010501,2022-04-12,20.041,202.224,10.090514445387,5.575,5.917,8.549,NaN,0.07122,3,0
1011010504,2022-04-12,76.22,915.6602,12.0133849383364,19.932,27.979,28.309,6.4,0.0851533333333334,3,0
1011010801,2022-04-12,16.859,205.7632,12.2049469126283,3.597,4.779,8.483,NaN,0.0813097222222222,3,0
1011010101,2022-04-13,100.363,650.2318,6.47879995615914,47.698,18.862,33.803,2.97978075517661,0.102803,4,0
1011010201,2022-04-13,9.797,137.158,14,3.869,1.562,4.366,NaN,0.14142,4,0
1011010402,2022-04-13,4.61,36.88,8,2.362,2.248,0,NaN,0.119747368421053,4,0
1011010501,2022-04-13,20.903,236.366,11.3077548677223,3.664,5.336,11.903,NaN,0.07122,4,0
1011010504,2022-04-13,76.95,939.6642,12.2113606237817,26.118,22.111,28.721,8.07058823529412,0.0851533333333334,4,0
1011010801,2022-04-13,31.963,227.8254,7.12778525169727,9.375,5.671,16.917,6.24429530201342,0.0813097222222222,4,0
1011010101,2022-04-14,128.586,638.2548,4.96364145396855,34.501,31.046,63.039,3.97391304347826,0.102803,5,0
1011010201,2022-04-14,6.047,84.658,14,0.623,2.401,3.023,NaN,0.14142,5,0
1011010402,2022-04-14,6.495,67.2462,10.3535334872979,2.131,3.705,0.659,NaN,0.119747368421053,5,0
1011010501,2022-04-14,21.356,225.896,10.5776362614722,2.947,5.385,13.024,NaN,0.07122,5,0
1011010504,2022-04-14,59.011,735.0268,12.4557590957618,17.316,18.132,23.563,9,0.0851533333333334,5,0
1011010801,2022-04-14,21.589,218.6252,10.1266941497985,6.22,5.911,9.458,NaN,0.0813097222222222,5,0
1011010101,2022-04-15,131.828,698.7378,5.30037473070971,51.926,26.389,53.513,2.62307692307692,0.102803,6,0
1011010201,2022-04-15,10.73,150.22,14,3.531,3.317,3.882,NaN,0.14142,6,0
1011010402,2022-04-15,14.18,147.5784,10.4075035260931,4.442,2.599,7.139,NaN,0.119747368421053,6,0
1011010501,2022-04-15,17.358,185.4284,10.6825901601567,5.822,4.121,7.415,NaN,0.07122,6,0
1011010504,2022-04-15,69.72,847.589,12.1570424555364,16.314,21.016,32.39,NaN,0.0851533333333334,6,0
1011010801,2022-04-15,39.136,388.117,9.91713511856091,8.234,10.564,20.338,NaN,0.0813097222222222,6,0
1011010101,2022-04-16,124.808,651.143,5.21715755400295,46.062,37.521,41.225,2.0875,0.102803,7,1
1011010201,2022-04-16,12.666,177.324,14,3.719,6.325,2.622,NaN,0.14142,7,1
1011010402,2022-04-16,15.042,140.4,9.33386517750299,8.132,4.677,2.233,NaN,0.119747368421053,7,1
1011010501,2022-04-16,32.118,336.5016,10.4770409116383,6.538,16.407,9.173,NaN,0.07122,7,1
1011010504,2022-04-16,84.376,1007.7892,11.9440267374609,28.235,20.815,35.326,5.3,0.0851533333333334,7,1
1011010801,2022-04-16,28.104,351.4758,12.5062553373185,8.098,7.872,12.134,10.7419222903885,0.0813097222222222,7,1
1011010101,2022-04-17,107.549,719.8602,6.69332304344996,44.963,29.243,33.343,8.4,0.102803,1,1
1011010201,2022-04-17,20.254,283.556,14,5.431,6.821,8.002,NaN,0.14142,1,1
1011010402,2022-04-17,9.701,87.309,9,5.28,3.717,0.704,NaN,0.119747368421053,1,1
1011010501,2022-04-17,32.008,306.704,9.58210447388153,11.686,7.625,12.697,NaN,0.07122,1,1
1011010504,2022-04-17,85.746,900.8538,10.5060737527115,28.266,18.664,38.816,4.04166666666667,0.0851533333333334,1,1
1011010801,2022-04-17,40.244,378.0066,9.39286850213697,14.838,12.791,12.615,10.8773473407748,0.0813097222222222,1,1
1011010101,2022-04-18,112.679,549.3274,4.87515331161973,52.306,17.873,42.5,2.49505208333333,0.102803,2,0
1011010201,2022-04-18,12.087,169.218,14,4.65,1.254,6.183,NaN,0.14142,2,0
1011010402,2022-04-18,3.024,27.216,9,1.172,1.852,0,NaN,0.119747368421053,2,0
1011010501,2022-04-18,23.28,202.362,8.69252577319588,9.849,3.105,10.326,NaN,0.07122,2,0
1011010504,2022-04-18,62.95,670.8258,10.6564861000794,22.436,12.663,27.851,5.57203842049093,0.0851533333333334,2,0
1011010801,2022-04-18,28.667,255.24,8.90361739979768,8.74,5.487,14.44,5.69273614699971,0.0813097222222222,2,0
1011010101,2022-04-19,101.391,579.0434,5.71099407245219,39.029,26.61,35.752,2.46666666666667,0.102803,3,0
1011010201,2022-04-19,7.869,110.166,14,1.706,3.124,3.039,NaN,0.14142,3,0
1011010402,2022-04-19,5.106,60.2574,11.8012925969448,1.085,1.005,3.016,11.2,0.119747368421053,3,0
1011010501,2022-04-19,16.985,173.3884,10.2083249926406,4.54,7.997,4.448,NaN,0.07122,3,0
1011010504,2022-04-19,53.306,630.2574,11.8233857351893,9.229,20.068,24.009,4.8,0.0851533333333334,3,0
1011010801,2022-04-19,23.736,253.1907,10.6669489383215,6.5,6.85,10.386,9.12382476832351,0.0813097222222222,3,0
1011010101,2022-04-20,105.275,517.1444,4.91231916409404,34.656,25.073,45.546,2.58947368421053,0.102803,4,0
1011010201,2022-04-20,11.413,159.782,14,3.46,5.954,1.999,NaN,0.14142,4,0
1011010402,2022-04-20,2.772,29.512,10.6464646464646,1.485,0.636,0.651,NaN,0.119747368421053,4,0
1011010501,2022-04-20,18.031,178.85,9.91902834008097,5.285,4.25,8.496,NaN,0.07122,4,0
1011010504,2022-04-20,51.324,588.1108,11.4587873119788,13.033,13.712,24.579,2,0.0851533333333334,4,0
1011010801,2022-04-20,33.394,307.6002,9.21124154039648,6.38,8.018,18.996,9.36786712711725,0.0813097222222222,4,0
1011010101,2022-04-21,112.794,519.4466,4.60526801070979,32.908,26.683,53.203,2.32275442436834,0.102803,5,0
1011010201,2022-04-21,8.548,120.086,14.0484323818437,3.145,3.934,1.469,NaN,0.14142,5,0
1011010402,2022-04-21,3.552,39.1068,11.0097972972973,0.669,1.407,1.476,NaN,0.119747368421053,5,0
1011010501,2022-04-21,11.668,124.4672,10.6673980116558,2.62,3.391,5.657,NaN,0.07122,5,0
1011010504,2022-04-21,59.831,579.5748,9.68686466881717,15.87,20.103,23.858,5.18888888888889,0.0851533333333334,5,0
1011010801,2022-04-21,27.479,227.9597,8.29577859456312,5.673,9.35,12.456,9.88231009365245,0.0813097222222222,5,0
1011010101,2022-04-22,114.043,620.4648,5.440621519953,50.341,26.652,37.05,2.88571428571429,0.102803,6,0
1011010201,2022-04-22,18.726,262.164,14,6.017,4.363,8.346,NaN,0.14142,6,0
1011010402,2022-04-22,7.417,70.701,9.53229068356478,2.734,2.204,2.479,NaN,0.119747368421053,6,0
1011010501,2022-04-22,20.471,187.156,9.14249426017293,3.4,5.272,11.799,NaN,0.07122,6,0
1011010504,2022-04-22,69.833,690.4784,9.88756605043461,21.918,18.168,29.747,4.90769230769231,0.0851533333333334,6,0
1011010801,2022-04-22,26.309,221.2888,8.41114447527462,7.969,2.517,15.823,4.87577438742487,0.0813097222222222,6,0
1011010101,2022-04-23,118.653,794.7858,6.69840459154004,53.7,37.487,27.466,NaN,0.102803,7,1
1011010201,2022-04-23,19.648,227.016,11.5541530944625,8.464,4.521,6.663,NaN,0.14142,7,1
1011010402,2022-04-23,9.767,98.4694,10.0818470359373,5.199,2.251,2.317,11.2,0.119747368421053,7,1
1011010501,2022-04-23,25.194,256.7528,10.1910296102247,8.367,7.754,9.073,NaN,0.07122,7,1
1011010504,2022-04-23,86.55,898.418,10.3803350664356,33.834,24.769,27.947,4.82,0.0851533333333334,7,1
1011010801,2022-04-23,27.473,278.8754,10.1508899646926,13.257,5.971,8.245,12.78592,0.0813097222222222,7,1
1011010101,2022-04-24,99.189,543.2594,5.47701257195858,51.386,26.16,21.643,2.63333333333333,0.102803,1,1
1011010201,2022-04-24,15.603,218.442,14,7.099,3.948,4.556,NaN,0.14142,1,1
1011010402,2022-04-24,4.52,40.68,9,3.962,0.558,0,NaN,0.119747368421053,1,1
1011010501,2022-04-24,13.679,117.642,8.60019007237371,5.915,3.354,4.41,NaN,0.07122,1,1
1011010504,2022-04-24,63.739,531.8552,8.34426646166397,20.748,19.71,23.281,NaN,0.0851533333333334,1,1
1011010801,2022-04-24,32.921,325.0682,9.87418972692202,16.099,7.112,9.71,8.16073008849558,0.0813097222222222,1,1
1011010101,2022-04-25,116.365,567.457,4.8765264469557,43.947,34.178,38.24,2.42,0.102803,2,0
1011010201,2022-04-25,16.833,201.996,12,6.472,5.586,4.775,NaN,0.14142,2,0
1011010402,2022-04-25,4.202,46.771,11.1306520704426,1.851,1.864,0.487,NaN,0.119747368421053,2,0
1011010501,2022-04-25,20.592,189.652,9.20998445998446,5.549,5.099,9.944,NaN,0.07122,2,0
1011010504,2022-04-25,95.828,785.71,8.1991693450766,20.464,22.971,52.393,6.16666988696744,0.0851533333333334,2,0
1011010801,2022-04-25,28.121,226.2752,8.04648483339853,12.234,4.368,11.519,10.838371040724,0.0813097222222222,2,0
1011010101,2022-04-26,91.764,487.4498,5.3119938102088,45.753,13.098,32.913,2,0.102803,3,0
1011010201,2022-04-26,9.969,114.58,11.4936302537867,2.554,2.683,4.732,NaN,0.14142,3,0
1011010402,2022-04-26,4.905,44.7504,9.1234250764526,2.936,0.525,1.444,9.6,0.119747368421053,3,0
1011010501,2022-04-26,14.113,139.246,9.86650605824417,7.433,2.323,4.357,NaN,0.07122,3,0
1011010504,2022-04-26,61.328,482.3944,7.8658100704409,12.804,13.491,35.033,6.59109535066982,0.0851533333333334,3,0
1011010801,2022-04-26,13.139,167.4491,12.7444326052211,4.434,3.825,4.88,9.1,0.0813097222222222,3,0
1011010101,2022-04-27,88.807,474.1012,5.33855664530949,32.542,26.883,29.382,1.5,0.102803,4,0
1011010201,2022-04-27,9.138,109.656,12,2.81,2.073,4.255,NaN,0.14142,4,0
1011010402,2022-04-27,2.398,22.1502,9.23694745621351,0.592,0.859,0.947,9.6,0.119747368421053,4,0
1011010501,2022-04-27,24.953,234.596,9.40151484791408,6.465,5.721,12.767,NaN,0.07122,4,0
1011010504,2022-04-27,64.366,509.2136,7.91122020942733,13.904,23.36,27.102,4.95,0.0851533333333334,4,0
1011010801,2022-04-27,27.102,252.8772,9.33057338941775,6.854,9.046,11.202,7.8778429073857,0.0813097222222222,4,0
1011010101,2022-04-28,111.594,545.7222,4.89024678746169,51.1,26.677,33.817,1.86,0.102803,5,0
1011010201,2022-04-28,11.202,134.424,12,3.57,2.399,5.233,NaN,0.14142,5,0
1011010402,2022-04-28,2.139,26.489,12.3838242169238,0.332,0.725,1.082,NaN,0.119747368421053,5,0
1011010501,2022-04-28,21.918,205.512,9.37640295647413,3.398,6.969,11.551,NaN,0.07122,5,0
1011010504,2022-04-28,80.389,660.0256,8.21039694485564,17.467,16.687,46.235,6,0.0851533333333334,5,0
1011010801,2022-04-28,16.357,185.0972,11.3160848566363,6.717,3.135,6.505,7.60148038490007,0.0813097222222222,5,0
1011010101,2022-04-29,106.052,519.2018,4.895728510542,33.132,30.044,42.876,1.975,0.102803,6,0
1011010201,2022-04-29,21.479,258.478,12.0339866846688,7.749,4.407,9.323,NaN,0.14142,6,0
1011010402,2022-04-29,7.15,81.306,11.3714685314685,5.036,1.688,0.426,NaN,0.119747368421053,6,0
1011010501,2022-04-29,29.707,234.4008,7.89042313259501,7.505,6.275,15.927,NaN,0.07122,6,0
1011010504,2022-04-29,96.804,756.4174,7.81390645014669,26.654,24.536,45.614,7.25,0.0851533333333334,6,0
1011010801,2022-04-29,24.064,338.698,14.074883643617,6.75,5.084,12.23,6.08982795049804,0.0813097222222222,6,0
1011010101,2022-04-30,142.039,857.508,6.03713064721661,74.145,32.383,35.511,NaN,0.102803,7,1
1011010201,2022-04-30,28.319,283.19,10,6.497,6.446,15.376,NaN,0.14142,7,1
1011010402,2022-04-30,9.22,82.98,9,8.539,0.681,0,NaN,0.119747368421053,7,1
1011010501,2022-04-30,35.229,318.1612,9.03122995259587,11.213,9.842,14.174,NaN,0.07122,7,1
1011010504,2022-04-30,81.21,638.9932,7.86840536879695,30.424,23.646,27.14,5.03333333333333,0.0851533333333334,7,1
1011010801,2022-04-30,34.151,348.2198,10.1964744809815,8.542,13.996,11.613,9.8,0.0813097222222222,7,1
1011010101,2022-05-01,147.275,898.6082,6.10156645730776,71.509,37.896,37.87,3.9,0.102803,1,1
1011010201,2022-05-01,23.295,232.95,10,7.481,8.935,6.879,NaN,0.14142,1,1
1011010402,2022-05-01,10.863,150.2738,13.833545061217,1.087,3.369,6.407,NaN,0.119747368421053,1,1
1011010501,2022-05-01,36.606,332.5316,9.08407364912856,13.164,9.999,13.443,NaN,0.07122,1,1
1011010504,2022-05-01,65.841,479.338,7.28023571938458,25.269,18.116,22.456,NaN,0.0851533333333334,1,1
1011010801,2022-05-01,33.083,234.767,7.09630323731222,10.616,7.223,15.244,2,0.0813097222222222,1,1
1011010101,2022-05-02,115.468,755.5264,6.54316693802612,53.456,36.325,25.687,NaN,0.102803,2,0
1011010201,2022-05-02,13.734,112.542,8.19440803844474,2.953,5.14,5.641,8,0.14142,2,0
1011010402,2022-05-02,8.503,84.8214,9.97546748206515,1.342,5.085,2.076,NaN,0.119747368421053,2,0
1011010501,2022-05-02,47.127,347.6456,7.37678188724086,23.442,10.692,12.993,6,0.07122,2,0
1011010504,2022-05-02,57.464,462.408,8.04691633022414,20.34,18.029,19.095,NaN,0.0851533333333334,2,0
1011010801,2022-05-02,42.191,336.1818,7.96809272119646,9.93,15.784,16.477,2.7,0.0813097222222222,2,0
1011010101,2022-05-03,88.193,604.928,6.85913848037826,47.94,22.695,17.558,NaN,0.102803,3,0
1011010201,2022-05-03,27.601,220.808,8,12.125,8.101,7.375,NaN,0.14142,3,0
1011010402,2022-05-03,2.868,25.812,9,1.797,1.071,0,NaN,0.119747368421053,3,0
1011010501,2022-05-03,42.378,306.558,7.23389494549059,10.203,9.156,23.019,6,0.07122,3,0
1011010504,2022-05-03,67.711,521.5,7.70185051173369,19.643,15.984,32.084,NaN,0.0851533333333334,3,0
1011010801,2022-05-03,18.375,178.925,9.7374149659864,4.106,1.941,12.328,NaN,0.0813097222222222,3,0
1011010101,2022-05-04,105.769,716.9224,6.77819020696045,53.598,25.945,26.226,NaN,0.102803,4,0
1011010201,2022-05-04,26.182,213.4388,8.15211977694599,8.878,4.639,12.665,8,0.14142,4,0
1011010402,2022-05-04,6.398,65.3256,10.2103157236636,3.15,2.545,0.703,NaN,0.119747368421053,4,0
1011010501,2022-05-04,44.495,334.2204,7.51141476570401,14.384,11.391,18.72,6,0.07122,4,0
1011010504,2022-05-04,51.194,494.5918,9.66112825721764,17.961,15.717,17.516,NaN,0.0851533333333334,4,0
1011010801,2022-05-04,27.071,219.6358,8.11332422149163,9,6.582,11.489,NaN,0.0813097222222222,4,0
1011010101,2022-05-05,90.652,559.9934,6.17739707893924,40.812,24.716,25.124,NaN,0.102803,5,0
1011010201,2022-05-05,18.79,151.748,8.07599787120809,4.947,7.01,6.833,8,0.14142,5,0
1011010402,2022-05-05,1.193,13.7306,11.5093042749371,0.542,0.424,0.227,NaN,0.119747368421053,5,0
1011010501,2022-05-05,26.05,210.7572,8.09048752399232,8.689,4.064,13.297,6,0.07122,5,0
1011010504,2022-05-05,32.252,311.6298,9.66234031998015,6.851,9.224,16.177,NaN,0.0851533333333334,5,0
1011010801,2022-05-05,16.992,136.4112,8.02796610169491,3.911,3.243,9.838,NaN,0.0813097222222222,5,0
1011010101,2022-05-06,95.683,596.7356,6.23658957181527,40.538,22.341,32.804,NaN,0.102803,6,0
1011010201,2022-05-06,20.488,168.0296,8.20136665365092,4.825,4.518,11.145,8,0.14142,6,0
1011010402,2022-05-06,3.42,37.1198,10.8537426900585,1.8,1.339,0.281,NaN,0.119747368421053,6,0
1011010501,2022-05-06,32.15,237.9684,7.40181648522551,10.209,5.524,16.417,6,0.07122,6,0
1011010504,2022-05-06,56.612,430.035,7.59618102169151,20.516,9.942,26.154,NaN,0.0851533333333334,6,0
1011010801,2022-05-06,19.454,183.5774,9.43648606970289,6.916,4.524,8.014,NaN,0.0813097222222222,6,0
1011010101,2022-05-07,113.896,720.4954,6.3259060897661,51.595,21.321,40.98,NaN,0.102803,7,1
1011010201,2022-05-07,23.375,140.25,6,10.237,5.805,7.333,NaN,0.14142,7,1
1011010402,2022-05-07,4.66,47.6844,10.2327038626609,3.316,0.943,0.401,NaN,0.119747368421053,7,1
1011010501,2022-05-07,34.564,317.1292,9.17513019326467,10.548,11.995,12.021,6,0.07122,7,1
1011010504,2022-05-07,86.212,548.458,6.36173618521783,37.273,21.325,27.614,NaN,0.0851533333333334,7,1
1011010801,2022-05-07,34.837,240.7726,6.91140454114878,9.679,4.061,21.097,2,0.0813097222222222,7,1
1011010101,2022-05-08,116.519,746.6144,6.40766226967276,62.537,27.387,26.595,NaN,0.102803,1,1
1011010201,2022-05-08,42.607,255.642,6,14.229,10.287,18.091,NaN,0.14142,1,1
1011010402,2022-05-08,4.476,48.5658,10.8502680965147,1.407,1.406,1.663,NaN,0.119747368421053,1,1
1011010501,2022-05-08,33.433,285.324,8.53420273382586,14.473,5.851,13.109,6,0.07122,1,1
1011010504,2022-05-08,86.554,579.6204,6.69663331561799,32.394,19.135,35.025,NaN,0.0851533333333334,1,1
1011010801,2022-05-08,35.067,331.5266,9.45409074058231,15.127,8.676,11.264,NaN,0.0813097222222222,1,1
1011010101,2022-05-09,91.68,638.0502,6.95953534031413,34.912,27.864,28.904,6,0.102803,2,0
1011010201,2022-05-09,29.087,232.696,8,6.069,10.127,12.891,NaN,0.14142,2,0
1011010402,2022-05-09,3.538,43.7094,12.3542679479932,0.826,1.049,1.663,NaN,0.119747368421053,2,0
1011010501,2022-05-09,34.866,289.986,8.31715711581483,16.118,10.28,8.468,NaN,0.07122,2,0
1011010504,2022-05-09,55.773,399.5404,7.16368852312051,17.36,13.482,24.931,NaN,0.0851533333333334,2,0
1011010801,2022-05-09,34.581,275.9038,7.97847951187068,8.005,8.636,17.94,2,0.0813097222222222,2,0
1011010101,2022-05-10,95.42,603.1856,6.32137497380004,39.547,17.869,38.004,6,0.102803,3,0
1011010201,2022-05-10,22.638,181.104,8,5.502,7.889,9.247,NaN,0.14142,3,0
1011010402,2022-05-10,5.181,63.3828,12.2337000579039,3.014,1.145,1.022,NaN,0.119747368421053,3,0
1011010501,2022-05-10,13.224,146.094,11.0476406533575,4.604,2.782,5.838,NaN,0.07122,3,0
1011010504,2022-05-10,59.294,401.5956,6.77295510506965,14.748,17.664,26.882,NaN,0.0851533333333334,3,0
1011010801,2022-05-10,9.417,138.3566,14.6922162047361,4.39,3.854,1.173,NaN,0.0813097222222222,3,0
1011010101,2022-05-11,86.213,550.5192,6.38557062159999,35.218,18.954,32.041,6,0.102803,4,0
1011010201,2022-05-11,19.261,154.088,8,3.592,3.318,12.351,NaN,0.14142,4,0
1011010402,2022-05-11,2.043,67.6206,33.0986784140969,0.234,1.809,0,NaN,0.119747368421053,4,0
1011010501,2022-05-11,15.419,162.63,10.5473766132693,5.233,2.541,7.645,NaN,0.07122,4,0
1011010504,2022-05-11,42.635,294.0408,6.89669989445291,13.396,7.332,21.907,NaN,0.0851533333333334,4,0
1011010801,2022-05-11,20.87,229.326,10.9883085769046,8.515,1.536,10.819,NaN,0.0813097222222222,4,0
1011010101,2022-05-12,79.619,551.176,6.92266921212273,30.756,17.229,31.634,6,0.102803,5,0
1011010201,2022-05-12,24.59,196.72,8,10.454,5.139,8.997,NaN,0.14142,5,0
1011010402,2022-05-12,5.134,60.387,11.7621737436697,1.518,3.426,0.19,NaN,0.119747368421053,5,0
1011010501,2022-05-12,22.173,193.796,8.74017949758716,9.291,3.309,9.573,NaN,0.07122,5,0
1011010504,2022-05-12,37.193,280.3704,7.53825719893528,11.369,10.851,14.973,NaN,0.0851533333333334,5,0
1011010801,2022-05-12,21.925,166.815,7.60843785632839,9.197,2.778,9.95,2,0.0813097222222222,5,0
1011010101,2022-05-13,102.98,705.4628,6.85048358904642,41.759,24.861,36.36,6,0.102803,6,0
1011010201,2022-05-13,21.993,175.944,8,9.798,4.522,7.673,NaN,0.14142,6,0
1011010402,2022-05-13,2.792,65.25,23.3703438395415,1.048,1.496,0.248,NaN,0.119747368421053,6,0
1011010501,2022-05-13,45.528,383.834,8.43072395009664,11.392,14.125,20.011,NaN,0.07122,6,0
1011010504,2022-05-13,58.386,451.2604,7.72891446579659,19.741,15.311,23.334,NaN,0.0851533333333334,6,0
1011010801,2022-05-13,26.1,206.28,7.90344827586207,9.189,6.154,10.757,2,0.0813097222222222,6,0
1011010101,2022-05-14,159.404,1153.6584,7.23732403201927,75.622,43.886,39.896,6,0.102803,7,1
1011010201,2022-05-14,48.521,388.168,8,15.981,14.36,18.18,NaN,0.14142,7,1
1011010402,2022-05-14,11.341,126.3278,11.139035358434,8.422,0.909,2.01,NaN,0.119747368421053,7,1
1011010501,2022-05-14,51.014,498.366,9.76920061159682,20.016,11.205,19.793,NaN,0.07122,7,1
1011010504,2022-05-14,79.242,524.406,6.61777845082154,25.207,24.601,29.434,NaN,0.0851533333333334,7,1
1011010801,2022-05-14,26.77,298.1148,11.1361524094135,9.133,11.455,6.182,NaN,0.0813097222222222,7,1
1011010101,2022-05-15,157.108,1009.9604,6.42844667362579,74.085,41.184,41.839,6,0.102803,1,1
1011010201,2022-05-15,43.781,350.248,8,17.237,11.999,14.545,NaN,0.14142,1,1
1011010402,2022-05-15,6.072,66.1178,10.8889657444005,5.313,0.391,0.368,NaN,0.119747368421053,1,1
1011010501,2022-05-15,43.627,411.374,9.4293442134458,17.83,11.176,14.621,NaN,0.07122,1,1
1011010504,2022-05-15,63.751,451.3036,7.07916111119826,24.504,15.585,23.662,NaN,0.0851533333333334,1,1
1011010801,2022-05-15,34.51,266.3264,7.71736887858592,13.878,9.556,11.076,NaN,0.0813097222222222,1,1
1011010101,2022-05-16,82.78,552.7604,6.67746315535153,37.238,20.025,25.517,8,0.102803,2,0
1011010201,2022-05-16,23.633,189.064,8,5.979,7.853,9.801,NaN,0.14142,2,0
1011010402,2022-05-16,4.637,63.253,13.6409316368342,2.731,1.906,0,NaN,0.119747368421053,2,0
1011010501,2022-05-16,19.412,167.984,8.65361631980218,6.275,2.452,10.685,NaN,0.07122,2,0
1011010504,2022-05-16,41.681,299.7452,7.19141095463161,14.292,9.349,18.04,NaN,0.0851533333333334,2,0
1011010801,2022-05-16,18.527,165.0346,8.90778863280617,3.647,4.632,10.248,NaN,0.0813097222222222,2,0
1011010101,2022-05-17,67.12,440.5438,6.56352502979738,26.102,15.399,25.619,8,0.102803,3,0
1011010201,2022-05-17,15.163,121.304,8,6.583,2.814,5.766,NaN,0.14142,3,0
1011010402,2022-05-17,1.853,33.738,18.2072315164598,0.452,1.073,0.328,NaN,0.119747368421053,3,0
1011010501,2022-05-17,23.194,208.354,8.98309907734759,7.581,3.632,11.981,NaN,0.07122,3,0
1011010504,2022-05-17,41.52,291.5116,7.0209922928709,12.747,6.077,22.696,NaN,0.0851533333333334,3,0
1011010801,2022-05-17,12.789,120.4484,9.41812495112988,2.429,1.157,9.203,2,0.0813097222222222,3,0
1011010101,2022-05-18,92.724,625.0178,6.74062594366076,40.657,27.829,24.238,8,0.102803,4,0
1011010201,2022-05-18,20.24,161.92,8,6.131,3.192,10.917,NaN,0.14142,4,0
1011010402,2022-05-18,0.926,8.334,9,0.446,0.48,0,NaN,0.119747368421053,4,0
1011010501,2022-05-18,21.794,208.002,9.54400293658805,5.398,6.623,9.773,NaN,0.07122,4,0
1011010504,2022-05-18,40.714,282.6976,6.94349855086702,11.745,11.346,17.623,NaN,0.0851533333333334,4,0
1011010801,2022-05-18,20.598,188.2404,9.13877075444218,8.709,4.844,7.045,2,0.0813097222222222,4,0
1011010101,2022-05-19,92.356,599.575,6.49199835419464,42.209,21.876,28.271,8,0.102803,5,0
1011010201,2022-05-19,17.603,140.824,8,5.089,5.667,6.847,NaN,0.14142,5,0
1011010402,2022-05-19,3.425,45.1534,13.1834744525547,1.987,0,1.438,NaN,0.119747368421053,5,0
1011010501,2022-05-19,21.799,201.164,9.22812973072159,7.049,4.256,10.494,NaN,0.07122,5,0
1011010504,2022-05-19,31.666,253.306,7.99930524853155,10.149,5.112,16.405,NaN,0.0851533333333334,5,0
1011010801,2022-05-19,13.195,195.661,14.8284198560061,3.975,6.501,2.719,NaN,0.0813097222222222,5,0
1011010101,2022-05-20,90.647,624.334,6.88753075115558,25.386,30.675,34.586,8,0.102803,6,0
1011010201,2022-05-20,13.908,127.9536,9.2,3.93,4.137,5.841,NaN,0.14142,6,0
1011010402,2022-05-20,3.575,59.6958,16.6981258741259,1.265,1.997,0.313,NaN,0.119747368421053,6,0
1011010501,2022-05-20,22.675,215.24,9.49239250275634,6.183,6.5,9.992,NaN,0.07122,6,0
1011010504,2022-05-20,37.853,281.258,7.43026972763057,10.748,8.198,18.907,NaN,0.0851533333333334,6,0
1011010801,2022-05-20,14.719,158.2362,10.7504721788165,3.556,6.257,4.906,NaN,0.0813097222222222,6,0
1011010101,2022-05-21,154.655,1073.8874,6.94376127509618,71.732,36.734,46.189,8,0.102803,7,1
1011010201,2022-05-21,26.494,243.7448,9.2,12.86,5.873,7.761,NaN,0.14142,7,1
1011010402,2022-05-21,4.691,49.9926,10.6571306757621,0.346,0.562,3.783,NaN,0.119747368421053,7,1
1011010501,2022-05-21,43.426,357.99,8.24367890204025,15.51,10.289,17.627,NaN,0.07122,7,1
1011010504,2022-05-21,45.847,335.7432,7.32312255981853,15.113,13.53,17.204,NaN,0.0851533333333334,7,1
1011010801,2022-05-21,43.484,362.5832,8.33831294269156,13.443,21.359,8.682,NaN,0.0813097222222222,7,1
1011010101,2022-05-22,164.686,1096.6,6.65873237555105,83.591,39.786,41.309,NaN,0.102803,1,1
1011010201,2022-05-22,23.847,219.3924,9.2,10.525,5.494,7.828,NaN,0.14142,1,1
1011010402,2022-05-22,4.885,90.7902,18.5855066530194,2.564,1.003,1.318,NaN,0.119747368421053,1,1
1011010501,2022-05-22,29.841,269.788,9.04084983747194,12.177,7.04,10.624,NaN,0.07122,1,1
1011010504,2022-05-22,40.928,290.1184,7.08850664581704,13.427,10.047,17.454,NaN,0.0851533333333334,1,1
1011010801,2022-05-22,23.398,214.3804,9.16233866142406,9.572,6.517,7.309,NaN,0.0813097222222222,1,1
1011010101,2022-05-23,92.654,603.2676,6.51097200336737,44.301,22.983,25.37,NaN,0.102803,2,0
1011010201,2022-05-23,15.361,141.3212,9.2,7.916,3.602,3.843,NaN,0.14142,2,0
1011010402,2022-05-23,4.437,51.9456,11.7073698444895,2.66,1.456,0.321,NaN,0.119747368421053,2,0
1011010501,2022-05-23,26,221.768,8.52953846153846,9.297,6.671,10.032,NaN,0.07122,2,0
1011010504,2022-05-23,35.072,249.72,7.1202098540146,9.818,8.368,16.886,NaN,0.0851533333333334,2,0
1011010801,2022-05-23,4.637,76.9126,16.5867155488462,2.253,1.369,1.015,NaN,0.0813097222222222,2,0
1011010101,2022-05-24,122.403,753.5644,6.1564210027532,52.026,25.348,45.029,NaN,0.102803,3,0
1011010201,2022-05-24,27.64,221.12,8,9.914,4.41,13.316,NaN,0.14142,3,0
1011010402,2022-05-24,3.361,56.9276,16.9376971139542,2.03,1.015,0.316,NaN,0.119747368421053,3,0
1011010501,2022-05-24,29.285,236.528,8.07676284787434,10.468,4.426,14.391,NaN,0.07122,3,0
1011010504,2022-05-24,32.072,214.114,6.67604140683462,7.871,6.266,17.935,NaN,0.0851533333333334,3,0
1011010801,2022-05-24,14.041,128.9118,9.18109821237803,1.072,2.575,10.394,NaN,0.0813097222222222,3,0
1011010101,2022-05-25,84.787,512.604,6.04578532086287,39.632,14.084,31.071,NaN,0.102803,4,0
1011010201,2022-05-25,19.562,156.496,8,7.889,6.407,5.266,NaN,0.14142,4,0
1011010402,2022-05-25,4.619,72.3124,15.6554232517861,1.789,1.454,1.376,NaN,0.119747368421053,4,0
1011010501,2022-05-25,22.563,169.7336,7.52265212959269,7.893,7.376,7.294,NaN,0.07122,4,0
1011010504,2022-05-25,31.823,206.6812,6.49471137227791,13.778,3.38,14.665,NaN,0.0851533333333334,4,0
1011010801,2022-05-25,18.698,168.5204,9.01275002674083,4.793,6.617,7.288,NaN,0.0813097222222222,4,0
1011010101,2022-05-26,88.361,548.176,6.20382295356549,37.291,14.56,36.51,NaN,0.102803,5,0
1011010201,2022-05-26,25.011,200.088,8,10.05,5.54,9.421,NaN,0.14142,5,0
1011010402,2022-05-26,4.438,86.1748,19.417485353763,2.7,0,1.738,NaN,0.119747368421053,5,0
1011010501,2022-05-26,29.903,204.544,6.84025014212621,12.132,3.744,14.027,NaN,0.07122,5,0
1011010504,2022-05-26,39.188,215.2036,5.49156884760641,14.602,4.56,20.026,NaN,0.0851533333333334,5,0
1011010801,2022-05-26,21.185,164.063,7.74430021241444,4.615,3.832,12.738,NaN,0.0813097222222222,5,0
1011010101,2022-05-27,86.554,556.384,6.42817200822608,32.575,15.571,38.408,NaN,0.102803,6,0
1011010201,2022-05-27,18.568,148.544,8,6.017,6.03,6.521,NaN,0.14142,6,0
1011010402,2022-05-27,8.858,108.282,12.2242041092797,5.823,0.928,2.107,NaN,0.119747368421053,6,0
1011010501,2022-05-27,27.341,165.806,6.06437218828865,9.595,5.316,12.43,NaN,0.07122,6,0
1011010504,2022-05-27,31.927,174.8292,5.47590440692831,8.651,4.938,18.338,NaN,0.0851533333333334,6,0
1011010801,2022-05-27,19.308,201.3984,10.4308266003729,5.79,4.619,8.899,NaN,0.0813097222222222,6,0
1011010101,2022-05-28,188.829,999.5818,5.29358202394759,74.577,44.535,69.717,NaN,0.102803,7,1
1011010201,2022-05-28,35.114,280.912,8,14.514,8.83,11.77,NaN,0.14142,7,1
1011010402,2022-05-28,8.906,138.5706,15.5592409611498,5.853,1.908,1.145,NaN,0.119747368421053,7,1
1011010501,2022-05-28,54.447,280.6748,5.15500945873969,23.533,14.047,16.867,NaN,0.07122,7,1
1011010504,2022-05-28,55.568,306.2836,5.5118701410884,23.588,14.34,17.64,NaN,0.0851533333333334,7,1
1011010801,2022-05-28,46.827,425.5746,9.08823114869627,28.799,5.854,12.174,2,0.0813097222222222,7,1
1011010101,2022-05-29,178.516,924.1214,5.17668668354657,88.109,36.217,54.19,NaN,0.102803,1,1
1011010201,2022-05-29,42.403,339.224,8,14.888,10.276,17.239,NaN,0.14142,1,1
1011010402,2022-05-29,7.44,118.6424,15.9465591397849,6.278,1.021,0.141,NaN,0.119747368421053,1,1
1011010501,2022-05-29,55.666,357.4074,6.42056910861208,24.074,11.732,19.86,NaN,0.07122,1,1
1011010504,2022-05-29,62.521,362.09,5.79149405799651,22.81,9.047,30.664,NaN,0.0851533333333334,1,1
1011010801,2022-05-29,33.517,285.0366,8.50423963958588,11.825,9.874,11.818,NaN,0.0813097222222222,1,1
1011010101,2022-05-30,92.512,470.0318,5.08076573849879,45.1,18.942,28.47,NaN,0.102803,2,0
1011010201,2022-05-30,24.336,194.688,8,7.524,8.33,8.482,NaN,0.14142,2,0
1011010402,2022-05-30,6.684,114.2272,17.0896469180132,1.782,2.407,2.495,NaN,0.119747368421053,2,0
1011010501,2022-05-30,25.618,135.7424,5.29871184323522,10.971,8.191,6.456,NaN,0.07122,2,0
1011010504,2022-05-30,31.081,161.192,5.18619092049805,18.834,5.085,7.162,NaN,0.0851533333333334,2,0
1011010801,2022-05-30,16.585,161.683,9.74874886946035,7.207,3.444,5.934,3.05,0.0813097222222222,2,0
1011010101,2022-05-31,87.827,432.1968,4.92100151434069,34.979,20.25,32.598,NaN,0.102803,3,0
1011010201,2022-05-31,15.854,126.832,8,5.552,3.933,6.369,NaN,0.14142,3,0
1011010402,2022-05-31,6.611,138.6908,20.9787929208894,2.192,2.804,1.615,NaN,0.119747368421053,3,0
1011010501,2022-05-31,18.11,95.4294,5.26943125345113,4.485,4.831,8.794,NaN,0.07122,3,0
1011010504,2022-05-31,38.356,194.492,5.0707060173115,14.031,10.817,13.508,NaN,0.0851533333333334,3,0
1011010801,2022-05-31,39.474,266.1852,6.74330445356437,11.667,5.608,22.199,2,0.0813097222222222,3,0
1011010101,2022-06-01,90.488,412.1648,4.55491114843957,46.708,21.056,22.724,NaN,0.102803,4,0
1011010201,2022-06-01,22.234,177.872,8,8.769,5.602,7.863,NaN,0.14142,4,0
1011010402,2022-06-01,5.084,117.6572,23.1426435877262,4.093,0.402,0.589,NaN,0.119747368421053,4,0
1011010501,2022-06-01,21.105,133.187,6.3106846718787,4.237,5.052,11.816,NaN,0.07122,4,0
1011010504,2022-06-01,43.718,259.9596,5.94628299556247,16.423,8.776,18.519,NaN,0.0851533333333334,4,0
1011010801,2022-06-01,35.603,291.5394,8.18861893660646,14.374,7.683,13.546,NaN,0.0813097222222222,4,0
1011010101,2022-06-02,112.624,503.8074,4.47335736610314,45.48,28.89,38.254,NaN,0.102803,5,0
1011010201,2022-06-02,20.605,164.84,8,6.734,4.083,9.788,NaN,0.14142,5,0
1011010402,2022-06-02,11.33,227.3292,20.0643601059135,5.494,4.805,1.031,NaN,0.119747368421053,5,0
1011010501,2022-06-02,34.716,198.594,5.72053231939163,9.092,11.594,14.03,NaN,0.07122,5,0
1011010504,2022-06-02,47.188,257.5942,5.45889209120963,11.03,10.753,25.405,NaN,0.0851533333333334,5,0
1011010801,2022-06-02,36.405,319.619,8.77953577805246,14.076,6.076,16.253,4.1,0.0813097222222222,5,0
1011010101,2022-06-03,185.595,854.6286,4.60480400872868,106.935,41.565,37.095,NaN,0.102803,6,0
1011010201,2022-06-03,29.489,271.2988,9.2,13.767,11.551,4.171,NaN,0.14142,6,0
1011010402,2022-06-03,14.235,271.144,19.0476993326308,9.318,4.917,0,NaN,0.119747368421053,6,0
1011010501,2022-06-03,59.95,343.148,5.72390325271059,24.434,15.308,20.208,NaN,0.07122,6,0
1011010504,2022-06-03,69.903,377.3274,5.39787133599416,33.005,16.074,20.824,NaN,0.0851533333333334,6,0
1011010801,2022-06-03,61.149,468.5502,7.6624343815925,23.947,18.817,18.385,NaN,0.0813097222222222,6,0
1011010101,2022-06-04,113.331,509.4,4.49479842232046,60.767,26.66,25.904,NaN,0.102803,7,1
1011010201,2022-06-04,13.898,127.8616,9.2,9.726,2.337,1.835,NaN,0.14142,7,1
1011010402,2022-06-04,5.135,109.0052,21.2278870496592,3.038,1.81,0.287,NaN,0.119747368421053,7,1
1011010501,2022-06-04,39.752,227.114,5.71327228818676,17.339,9.676,12.737,NaN,0.07122,7,1
1011010504,2022-06-04,38.876,216.9024,5.57933943821381,17.56,6.856,14.46,NaN,0.0851533333333334,7,1
1011010801,2022-06-04,27.698,172.9204,6.24306448118998,10.218,4.667,12.813,3,0.0813097222222222,7,1
1011010101,2022-06-05,102.505,487.998,4.76072386712843,50.198,29.581,22.726,NaN,0.102803,1,1
1011010201,2022-06-05,21.97,219.7,10,5.503,6.958,9.509,NaN,0.14142,1,1
1011010402,2022-06-05,10.109,203.8012,20.1603719457909,5.366,2.729,2.014,NaN,0.119747368421053,1,1
1011010501,2022-06-05,42.328,218.9058,5.1716546966547,15.939,10.668,15.721,NaN,0.07122,1,1
1011010504,2022-06-05,41.001,237.3812,5.78964415502061,19.051,7.525,14.425,NaN,0.0851533333333334,1,1
1011010801,2022-06-05,41.369,296.5062,7.16735236529769,10.954,12.253,18.162,2,0.0813097222222222,1,1
1011010101,2022-06-06,104.547,505.5236,4.83537165102777,51.384,15.237,37.926,NaN,0.102803,2,0
1011010201,2022-06-06,23.309,214.4428,9.2,8.33,3.745,11.234,NaN,0.14142,2,0
1011010402,2022-06-06,5.253,92.5164,17.6121073672187,3.415,0.566,1.272,NaN,0.119747368421053,2,0
1011010501,2022-06-06,37.312,194.708,5.21837478559177,11.294,6.997,19.021,NaN,0.07122,2,0
1011010504,2022-06-06,40.803,217.153,5.32198612847095,11.219,6.936,22.648,NaN,0.0851533333333334,2,0
1011010801,2022-06-06,26.543,209.1514,7.87971970010926,6.612,5.394,14.537,1.5,0.0813097222222222,2,0
1011010101,2022-06-07,105.767,482.7654,4.56442368602683,44.543,20.513,40.711,NaN,0.102803,3,0
1011010201,2022-06-07,20.909,192.3628,9.2,8.747,3.624,8.538,NaN,0.14142,3,0
1011010402,2022-06-07,6.312,100.7976,15.9692015209125,2.644,2.261,1.407,NaN,0.119747368421053,3,0
1011010501,2022-06-07,23.212,141.244,6.08495605721179,9.212,1.952,12.048,NaN,0.07122,3,0
1011010504,2022-06-07,38.975,201.5864,5.17219756254009,14.1,4.579,20.296,NaN,0.0851533333333334,3,0
1011010801,2022-06-07,28.139,182.5522,6.4875155478162,11.12,8.56,8.459,NaN,0.0813097222222222,3,0
1011010101,2022-06-08,113.862,546.4596,4.799314960215,61.619,20.195,32.048,NaN,0.102803,4,0
1011010201,2022-06-08,17.046,156.8232,9.2,6.935,3.244,6.867,NaN,0.14142,4,0
1011010402,2022-06-08,6.725,152.6556,22.699717472119,3.214,3.117,0.394,NaN,0.119747368421053,4,0
1011010501,2022-06-08,27.37,126.993,4.63986116185605,10.743,7.988,8.639,NaN,0.07122,4,0
1011010504,2022-06-08,40.959,221.52,5.40833516443273,12.565,11.107,17.287,NaN,0.0851533333333334,4,0
1011010801,2022-06-08,28.048,185.2504,6.60476326297775,8.987,4.399,14.662,3.5,0.0813097222222222,4,0
1011010101,2022-06-09,281.247,1425.944,5.07007719193449,207.046,22.281,51.92,NaN,0.102803,5,0
1011010201,2022-06-09,21.532,198.0944,9.2,9.587,3.559,8.386,NaN,0.14142,5,0
1011010402,2022-06-09,5.241,116.2664,22.1840106849838,2.045,2.575,0.621,NaN,0.119747368421053,5,0
1011010501,2022-06-09,35.271,156.211,4.42887924924159,13.196,6.178,15.897,NaN,0.07122,5,0
1011010504,2022-06-09,41.651,209.0972,5.02022040287148,13.325,9.301,19.025,NaN,0.0851533333333334,5,0
1011010801,2022-06-09,27.768,229.8064,8.27594353212331,12.248,4.984,10.536,3.5,0.0813097222222222,5,0
1011010101,2022-06-10,115.093,464.6108,4.03682934670223,49.127,22.983,42.983,NaN,0.102803,6,0
1011010201,2022-06-10,13.058,130.58,10,4.898,3.392,4.768,NaN,0.14142,6,0
1011010402,2022-06-10,9.447,202.3878,21.4234995236583,4.717,2.727,2.003,NaN,0.119747368421053,6,0
1011010501,2022-06-10,38.776,192.547,4.96562306581391,14.334,7.897,16.545,NaN,0.07122,6,0
1011010504,2022-06-10,37.531,202.0308,5.38303802190189,12.43,6.654,18.447,NaN,0.0851533333333334,6,0
1011010801,2022-06-10,27.152,216.3096,7.96661756040071,4.747,6.08,16.325,2.75,0.0813097222222222,6,0
1011010101,2022-06-11,195.647,818.072,4.18136746282846,90.009,45.196,60.442,NaN,0.102803,7,1
1011010201,2022-06-11,34.691,346.91,10,16.151,7.359,11.181,NaN,0.14142,7,1
1011010402,2022-06-11,9.209,223.401,24.2589857747855,3.247,5.632,0.33,NaN,0.119747368421053,7,1
1011010501,2022-06-11,48.32,251.951,5.21421771523179,22.614,13.403,12.303,NaN,0.07122,7,1
1011010504,2022-06-11,61.054,312.1852,5.11326366822813,24.982,14.513,21.559,NaN,0.0851533333333334,7,1
1011010801,2022-06-11,36.533,313.2534,8.57453261434867,14.768,8.748,13.017,4.1,0.0813097222222222,7,1
1011010101,2022-06-12,166.515,739.6814,4.44213073897246,100.125,32.756,33.634,NaN,0.102803,1,1
1011010201,2022-06-12,29.698,296.98,10,13.645,8.945,7.108,NaN,0.14142,1,1
1011010402,2022-06-12,10.588,218.9422,20.678333962977,7.01,3.09,0.488,NaN,0.119747368421053,1,1
1011010501,2022-06-12,49.505,274.6454,5.54783153216847,27.861,10.885,10.759,NaN,0.07122,1,1
1011010504,2022-06-12,67.529,323.3824,4.78879296302329,36.276,12.382,18.871,NaN,0.0851533333333334,1,1
1011010801,2022-06-12,49.293,358.3014,7.26880895867567,21.835,8.497,18.961,4.1,0.0813097222222222,1,1
1011010101,2022-06-13,116.051,550.7454,4.74571869264375,47.71,32.19,36.151,NaN,0.102803,2,0
1011010201,2022-06-13,23.638,236.38,10,4.238,6.065,13.335,NaN,0.14142,2,0
1011010402,2022-06-13,3.944,85.9936,21.8036511156187,1.661,1.888,0.395,NaN,0.119747368421053,2,0
1011010501,2022-06-13,33.306,162.5492,4.8804779919534,8.679,3.974,20.653,NaN,0.07122,2,0
1011010504,2022-06-13,29.923,154.1124,5.15029910102597,9.734,7.81,12.379,NaN,0.0851533333333334,2,0
1011010801,2022-06-13,35.014,256.4772,7.3249900039984,11.239,6.243,17.532,4.1,0.0813097222222222,2,0
1011010101,2022-06-14,110.671,523.7242,4.73226229093439,49.035,18.107,43.529,NaN,0.102803,3,0
1011010201,2022-06-14,23.587,235.87,10,11.194,3.385,9.008,NaN,0.14142,3,0
1011010402,2022-06-14,14.604,350.3868,23.9925225965489,8.138,2.505,3.961,NaN,0.119747368421053,3,0
1011010501,2022-06-14,29.762,197.5306,6.63700692157785,7.16,7.114,15.488,NaN,0.07122,3,0
1011010504,2022-06-14,29.213,151.4132,5.18307602779584,11.106,6.697,11.41,NaN,0.0851533333333334,3,0
1011010801,2022-06-14,16.266,163.1668,10.0311570146318,7.058,2.51,6.698,NaN,0.0813097222222222,3,0
1011010101,2022-06-15,106.544,451.951,4.2419188316564,58.378,18.528,29.638,NaN,0.102803,4,0
1011010201,2022-06-15,18.931,189.31,9.99999999999999,5.854,2.892,10.185,NaN,0.14142,4,0
1011010402,2022-06-15,5.184,102.148,19.704475308642,2.614,1.017,1.553,NaN,0.119747368421053,4,0
1011010501,2022-06-15,33.776,226.2886,6.69968616769304,15.009,3.568,15.199,NaN,0.07122,4,0
1011010504,2022-06-15,39.656,193.6048,4.88210611256808,11.542,4.982,23.132,NaN,0.0851533333333334,4,0
1011010801,2022-06-15,26.243,222.5114,8.47888579811759,12.254,1.838,12.151,NaN,0.0813097222222222,4,0
1011010101,2022-06-16,109.346,488.562,4.4680372395881,56.132,15.652,37.562,NaN,0.102803,5,0
1011010201,2022-06-16,18.079,180.79,10,8.306,1.547,8.226,NaN,0.14142,5,0
1011010402,2022-06-16,5.347,110.4888,20.663699270619,3.55,1.293,0.504,NaN,0.119747368421053,5,0
1011010501,2022-06-16,35.463,181.8748,5.12857908242394,16.76,4.379,14.324,NaN,0.07122,5,0
1011010504,2022-06-16,50.132,247.0884,4.9287560839384,19.19,8.481,22.461,2,0.0851533333333334,5,0
1011010801,2022-06-16,32.228,223.8144,6.94471887799429,11.971,1.803,18.454,2,0.0813097222222222,5,0
1011010101,2022-06-17,119.073,523.9212,4.4,49.729,33.221,36.123,NaN,0.102803,6,0
1011010201,2022-06-17,27.301,273.01,10,9.239,5.473,12.589,NaN,0.14142,6,0
1011010402,2022-06-17,6.77,130.8522,19.3282422451994,4.101,1.704,0.965,NaN,0.119747368421053,6,0
1011010501,2022-06-17,36.326,242.784,6.68347739910808,12.333,3.619,20.374,NaN,0.07122,6,0
1011010504,2022-06-17,47.1,236.4708,5.02061146496815,13.651,8.327,25.122,NaN,0.0851533333333334,6,0
1011010801,2022-06-17,36.568,265.3464,7.25624589805294,13.688,4.728,18.152,4.1,0.0813097222222222,6,0
1011010101,2022-06-18,192.524,829.6358,4.30925910535829,98.84,42.534,51.15,NaN,0.102803,7,1
1011010201,2022-06-18,29.834,298.34,10,12.242,6.367,11.225,NaN,0.14142,7,1
1011010402,2022-06-18,18.484,408.965,22.1253516554858,11.228,4.064,3.192,NaN,0.119747368421053,7,1
1011010501,2022-06-18,48.073,332.4468,6.9154577413517,19.478,11.093,17.502,NaN,0.07122,7,1
1011010504,2022-06-18,80.225,475.632,5.92872545964475,35.824,14.1,30.301,NaN,0.0851533333333334,7,1
1011010801,2022-06-18,50.206,349.1788,6.95492172250329,26.512,6.728,16.966,3.4,0.0813097222222222,7,1
1011010101,2022-06-19,187.623,829.0606,4.41875782819804,107.768,31.064,48.791,NaN,0.102803,1,1
1011010201,2022-06-19,31.956,293.9952,9.2,13.579,6.814,11.563,NaN,0.14142,1,1
1011010402,2022-06-19,15.541,376.7282,24.2409240074641,9.972,4.701,0.868,NaN,0.119747368421053,1,1
1011010501,2022-06-19,40.858,256.7484,6.28391991776396,14.54,5.767,20.551,NaN,0.07122,1,1
1011010504,2022-06-19,79.311,526.102,6.63340520230485,35.553,18.524,25.234,NaN,0.0851533333333334,1,1
1011010801,2022-06-19,49.153,351.7048,7.1553068988668,24.657,6.662,17.834,NaN,0.0813097222222222,1,1
1011010101,2022-06-20,123.54,557.3336,4.51136150234742,55.331,25.491,42.718,NaN,0.102803,2,0
1011010201,2022-06-20,26.02,239.384,9.2,9.521,3.735,12.764,NaN,0.14142,2,0
1011010402,2022-06-20,8.896,214.5098,24.1130620503597,4.405,2.073,2.418,NaN,0.119747368421053,2,0
1011010501,2022-06-20,27.416,176.7216,6.44592938430114,10.1,5.703,11.613,NaN,0.07122,2,0
1011010504,2022-06-20,46.065,222.8324,4.83734722674482,21.191,10.268,14.606,NaN,0.0851533333333334,2,0
1011010801,2022-06-20,35.656,269.3696,7.55467803455239,11.226,4.99,19.44,3.6,0.0813097222222222,2,0
1011010101,2022-06-21,110.973,512.5522,4.61871085759599,56.048,23.559,31.366,NaN,0.102803,3,0
1011010201,2022-06-21,22.014,158.5008,7.2,9.149,2.389,10.476,NaN,0.14142,3,0
1011010402,2022-06-21,6.063,120.025,19.7963054593436,3.572,1.618,0.873,NaN,0.119747368421053,3,0
1011010501,2022-06-21,27.152,194.3994,7.15967147908073,9.981,5.337,11.834,NaN,0.07122,3,0
1011010504,2022-06-21,32.467,180.1708,5.54935164936705,14.2,5.269,12.998,NaN,0.0851533333333334,3,0
1011010801,2022-06-21,29.804,205.709,6.90206012615756,13.501,7.157,9.146,4.4,0.0813097222222222,3,0
1011010101,2022-06-22,108.759,484.8422,4.45795014665453,50.321,19.484,38.954,NaN,0.102803,4,0
1011010201,2022-06-22,23.449,168.8328,7.2,8.086,4.679,10.684,NaN,0.14142,4,0
1011010402,2022-06-22,13.806,328.4452,23.7900333188469,8.248,3.665,1.893,NaN,0.119747368421053,4,0
1011010501,2022-06-22,22.451,163.3068,7.27392098347512,6.63,5.736,10.085,NaN,0.07122,4,0
1011010504,2022-06-22,35.161,188.0808,5.34913113961492,9.294,10.02,15.847,NaN,0.0851533333333334,4,0
1011010801,2022-06-22,28.097,245.704,8.74484820443464,9.682,3.552,14.863,NaN,0.0813097222222222,4,0
1011010101,2022-06-23,84.617,382.3718,4.5188531855301,44.388,19.253,20.976,NaN,0.102803,5,0
1011010201,2022-06-23,14.583,104.9976,7.2,7.067,4.247,3.269,NaN,0.14142,5,0
1011010402,2022-06-23,5.402,116.8704,21.6346538319141,2.113,3.289,0,NaN,0.119747368421053,5,0
1011010501,2022-06-23,17.152,100.5972,5.86504197761194,4.08,3.856,9.216,NaN,0.07122,5,0
1011010504,2022-06-23,29.211,177.6016,6.07995618089076,6.974,9.125,13.112,NaN,0.0851533333333334,5,0
1011010801,2022-06-23,29.488,188.7624,6.40132935431362,7.041,9.913,12.534,3,0.0813097222222222,5,0
1011010101,2022-06-24,104.325,483.137,4.63107596453391,47.638,15.277,41.41,NaN,0.102803,6,0
1011010201,2022-06-24,17.64,162.288,9.2,5.305,2.478,9.857,NaN,0.14142,6,0
1011010402,2022-06-24,25.878,336.7208,13.0118556302651,11.854,4.473,9.551,NaN,0.119747368421053,6,0
1011010501,2022-06-24,22.836,176.291,7.71987213172184,7.789,1.498,13.549,NaN,0.07122,6,0
1011010504,2022-06-24,33.789,190.712,5.64420373494332,8.974,5.426,19.389,NaN,0.0851533333333334,6,0
1011010801,2022-06-24,29.265,217.947,7.4473603280369,14.007,0.273,14.985,3,0.0813097222222222,6,0
1011010101,2022-06-25,156.216,822.1928,5.26317918779126,89.899,27.991,38.326,NaN,0.102803,7,1
1011010201,2022-06-25,22.426,179.408,8,8.832,6.785,6.809,NaN,0.14142,7,1
1011010402,2022-06-25,40.332,459.5476,11.3941188138451,26.696,3.1,10.536,NaN,0.119747368421053,7,1
1011010501,2022-06-25,28.57,207.693,7.26961848092405,10.364,5.693,12.513,NaN,0.07122,7,1
1011010504,2022-06-25,39.414,216.82,5.50109098289948,16.855,10.458,12.101,NaN,0.0851533333333334,7,1
1011010801,2022-06-25,48.569,313.9662,6.46433321666083,25.903,6.858,15.808,2.5,0.0813097222222222,7,1
1011010101,2022-06-26,163.919,777.5194,4.74331468591194,91.899,39.946,32.074,NaN,0.102803,1,1
1011010201,2022-06-26,36.32,261.504,7.2,13.909,12.582,9.829,NaN,0.14142,1,1
1011010402,2022-06-26,31.364,530.6208,16.9181481953832,20.779,4.787,5.798,NaN,0.119747368421053,1,1
1011010501,2022-06-26,33.783,258.274,7.64508776603617,17.79,8.159,7.834,NaN,0.07122,1,1
1011010504,2022-06-26,43.418,292.4352,6.735344787876,20.373,11.159,11.886,NaN,0.0851533333333334,1,1
1011010801,2022-06-26,54.309,366.3182,6.74507356055166,25.304,9.985,19.02,3.56666666666667,0.0813097222222222,1,1
1011010101,2022-06-27,105.207,532.3742,5.06025454580018,45.544,29.275,30.388,NaN,0.102803,2,0
1011010201,2022-06-27,21.772,156.7584,7.2,8.143,5.99,7.639,NaN,0.14142,2,0
1011010402,2022-06-27,12.659,235.8696,18.6325618137294,5.476,5.612,1.571,NaN,0.119747368421053,2,0
1011010501,2022-06-27,21.427,166.186,7.75591543379848,5.554,4.009,11.864,NaN,0.07122,2,0
1011010504,2022-06-27,28.077,218.1834,7.77089432631692,6.221,7.845,14.011,NaN,0.0851533333333334,2,0
1011010801,2022-06-27,26.887,187.8454,6.98647673596906,6.275,7.414,13.198,12.7426120523268,0.0813097222222222,2,0
1011010101,2022-06-28,133.899,619.0856,4.62352668802605,53.76,29.043,51.096,1,0.102803,3,0
1011010201,2022-06-28,23.307,186.456,8,7.702,3.984,11.621,NaN,0.14142,3,0
1011010402,2022-06-28,19.501,278.0434,14.2579047228347,11.876,5.393,2.232,NaN,0.119747368421053,3,0
1011010501,2022-06-28,13.137,98.02,7.46136865342163,3.023,3.857,6.257,NaN,0.07122,3,0
1011010504,2022-06-28,28.268,218.1388,7.71681052780529,9.7,4.344,14.224,NaN,0.0851533333333334,3,0
1011010801,2022-06-28,39.702,262.4614,6.61078535086394,11.58,9.515,18.607,17.6011216859279,0.0813097222222222,3,0
1011010101,2022-06-29,156.09,760.677,4.87332308283682,66.533,25.662,63.895,2.3,0.102803,4,0
1011010201,2022-06-29,40.424,282.9644,6.99991094399367,17.525,4.973,17.926,4.3,0.14142,4,0
1011010402,2022-06-29,16.118,341.006,21.1568432808041,10.326,3.776,2.016,NaN,0.119747368421053,4,0
1011010501,2022-06-29,26.758,183.3872,6.85354660288512,5.85,6.858,14.05,NaN,0.07122,4,0
1011010504,2022-06-29,21.954,224.3892,10.2208800218639,10.05,4.02,7.884,1.7,0.0851533333333334,4,0
1011010801,2022-06-29,39.934,300.9326,7.53574898582661,7.792,12.279,19.863,13.1209656925032,0.0813097222222222,4,0
1011010101,2022-06-30,127.274,638.0496,5.01319672517561,54.521,25.651,47.102,2.4,0.102803,5,0
1011010201,2022-06-30,47.528,348.3233,7.32880196936543,21.719,6.3,19.509,4.3,0.14142,5,0
1011010402,2022-06-30,10.625,194.8452,18.3383717647059,7.109,1.9,1.616,NaN,0.119747368421053,5,0
1011010501,2022-06-30,21.969,139.9018,6.36814602394283,8.825,2.924,10.22,NaN,0.07122,5,0
1011010504,2022-06-30,29.259,270.968,9.26101370518473,7.868,10.715,10.676,NaN,0.0851533333333334,5,0
1011010801,2022-06-30,38.627,250.6024,6.48775209050664,9.354,11.657,17.616,11.7563500995585,0.0813097222222222,5,0
1011010101,2022-07-01,149.719,720.7138,4.81377647459574,55.94,48.509,45.27,NaN,0.102803,6,0
1011010201,2022-07-01,28.897,252.2208,8.72826937052289,12.316,4.422,12.159,4.3,0.14142,6,0
1011010402,2022-07-01,15.086,290.4148,19.2506164655972,9.593,3.688,1.805,NaN,0.119747368421053,6,0
1011010501,2022-07-01,17.165,127.7002,7.43956889018351,7.617,2.827,6.721,NaN,0.07122,6,0
1011010504,2022-07-01,25.326,251.924,9.94724788754639,7.768,4.03,13.528,NaN,0.0851533333333334,6,0
1011010801,2022-07-01,50.953,256.8174,5.04028025827724,18.79,8.955,23.208,5.55184926727146,0.0813097222222222,6,0
1011010101,2022-07-02,195.295,1054.8592,5.40136306613072,106.14,43.032,46.123,3,0.102803,7,1
1011010201,2022-07-02,55.851,476.8816,8.53846126300335,25.601,8.542,21.708,4.8,0.14142,7,1
1011010402,2022-07-02,28.667,552.19,19.2622178811874,21.933,3.904,2.83,NaN,0.119747368421053,7,1
1011010501,2022-07-02,27.475,169.2184,6.15899545040946,14.327,3.51,9.638,NaN,0.07122,7,1
1011010504,2022-07-02,55.999,582.9486,10.4099823211129,25.351,14.537,16.111,NaN,0.0851533333333334,7,1
1011010801,2022-07-02,45.704,393.2678,8.6046691755645,23.947,6.982,14.775,14.3073928349555,0.0813097222222222,7,1
1011010101,2022-07-03,189.083,1030.8402,5.45178678146634,105.319,41.313,42.451,NaN,0.102803,1,1
1011010201,2022-07-03,48.366,460.468,9.52048960013233,27.064,10.171,11.131,NaN,0.14142,1,1
1011010402,2022-07-03,63.873,690.4424,10.8096128254505,38.21,7.02,18.643,NaN,0.119747368421053,1,1
1011010501,2022-07-03,42.368,315.1256,7.43782099697885,26.165,6.181,10.022,NaN,0.07122,1,1
1011010504,2022-07-03,58.67,617.706,10.5284813362877,34.447,12.196,12.027,NaN,0.0851533333333334,1,1
1011010801,2022-07-03,42.18,277.5108,6.57920341394026,22.264,5.056,14.86,14.3957964145889,0.0813097222222222,1,1
1011010101,2022-07-04,116.605,681.672,5.84599288195189,55.001,23.889,37.715,NaN,0.102803,2,0
1011010201,2022-07-04,27.955,279.55,10,11.847,6.538,9.57,NaN,0.14142,2,0
1011010402,2022-07-04,20.219,288.6132,14.2743558039468,13.998,2.873,3.348,NaN,0.119747368421053,2,0
1011010501,2022-07-04,17.802,118.5072,6.65695989214695,4.742,2.673,10.387,NaN,0.07122,2,0
1011010504,2022-07-04,47.642,512.2236,10.7515133705554,13.561,11.313,22.768,NaN,0.0851533333333334,2,0
1011010801,2022-07-04,36.688,294.653,8.03131814217183,9.865,6.571,20.252,17.6,0.0813097222222222,2,0
1011010101,2022-07-05,133.21,681.1204,5.11313264769912,55.367,30.488,47.355,NaN,0.102803,3,0
1011010201,2022-07-05,42.64,387.654,9.09132270168855,19.811,12.31,10.519,NaN,0.14142,3,0
1011010402,2022-07-05,34.508,488.4832,14.1556508635679,19.896,10.202,4.41,NaN,0.119747368421053,3,0
1011010501,2022-07-05,17.524,105.9122,6.04383702351061,4.594,3.712,9.218,NaN,0.07122,3,0
1011010504,2022-07-05,49.728,475.6652,9.56533944658944,15.581,14.315,19.832,NaN,0.0851533333333334,3,0
1011010801,2022-07-05,50.367,270.5498,5.37156868584589,9.936,14.531,25.9,11.2288585786073,0.0813097222222222,3,0
1011010101,2022-07-06,164.461,854.6882,5.19690504131679,77.389,31.382,55.69,NaN,0.102803,4,0
1011010201,2022-07-06,31.186,273.644,8.77457833643301,15.284,4.466,11.436,4.8,0.14142,4,0
1011010402,2022-07-06,39.018,425.6612,10.9093546568251,28.635,5.048,5.335,NaN,0.119747368421053,4,0
1011010501,2022-07-06,9.038,58.964,6.5240097366674,3.371,1.619,4.048,NaN,0.07122,4,0
1011010504,2022-07-06,51.119,530.9294,10.3861460513703,27.315,5.258,18.546,NaN,0.0851533333333334,4,0
1011010801,2022-07-06,32.226,223.5802,6.93788245516043,13.799,2.627,15.8,17.6,0.0813097222222222,4,0
1011010101,2022-07-07,134.044,722.7684,5.39202351466683,68.478,20.366,45.2,NaN,0.102803,5,0
1011010201,2022-07-07,50.962,407.696,8,21.211,7.136,22.615,NaN,0.14142,5,0
1011010402,2022-07-07,43.066,456.1384,10.5916128732643,27.251,11.443,4.372,NaN,0.119747368421053,5,0
1011010501,2022-07-07,14.602,99.921,6.8429667168881,6.257,2.363,5.982,NaN,0.07122,5,0
1011010504,2022-07-07,39.874,488.0754,12.2404423935397,14.565,11.062,14.247,NaN,0.0851533333333334,5,0
1011010801,2022-07-07,29.189,166.7034,5.71117201685567,6.886,5.419,16.884,10.2209948003532,0.0813097222222222,5,0
1011010101,2022-07-08,129.05,735.0228,5.69564354901201,59.999,27.689,41.362,NaN,0.102803,6,0
1011010201,2022-07-08,48.356,384.136,7.94391595665481,18.945,6.999,22.412,4,0.14142,6,0
1011010402,2022-07-08,32.713,304.1364,9.29711124017975,17.327,10.824,4.562,NaN,0.119747368421053,6,0
1011010501,2022-07-08,7.971,55.828,7.00388909798018,3.016,2.757,2.198,NaN,0.07122,6,0
1011010504,2022-07-08,42.7,431.1114,10.0962857142857,14.351,8.663,19.686,NaN,0.0851533333333334,6,0
1011010801,2022-07-08,49.425,237.0816,4.79679514415781,17.959,5.597,25.869,6.17549537401206,0.0813097222222222,6,0
1011010101,2022-07-09,173.971,1015.6832,5.83823280891643,90.397,40.944,42.63,NaN,0.102803,7,1
1011010201,2022-07-09,44.535,356.28,8,21.17,13.54,9.825,NaN,0.14142,7,1
1011010402,2022-07-09,44.591,613.4956,13.7582830616044,30.89,7.805,5.896,11.2,0.119747368421053,7,1
1011010501,2022-07-09,26.107,189.086,7.24273183437392,10.324,3.519,12.264,NaN,0.07122,7,1
1011010504,2022-07-09,73.124,698.3694,9.55048137410426,31.052,22.011,20.061,2.7,0.0851533333333334,7,1
1011010801,2022-07-09,55.629,358.4996,6.44447320642111,16.189,10.078,29.362,12.2189325719306,0.0813097222222222,7,1
1011010101,2022-07-10,186.916,1031.0776,5.51626185024289,108.562,28.821,49.533,NaN,0.102803,1,1
1011010201,2022-07-10,67.457,537.928,7.97438368145634,32.115,15.175,20.167,4.8,0.14142,1,1
1011010402,2022-07-10,35.703,381.6576,10.6897907738845,19.263,7.421,9.019,NaN,0.119747368421053,1,1
1011010501,2022-07-10,21.797,163.073,7.48144240033032,9.803,2.978,9.016,NaN,0.07122,1,1
1011010504,2022-07-10,85.669,880.861,10.2821440661149,43.472,15.694,26.503,NaN,0.0851533333333334,1,1
1011010801,2022-07-10,80.418,360.2472,4.47968365291353,29.659,10.288,40.471,6.91424998263045,0.0813097222222222,1,1
1011010101,2022-07-11,133.768,702.5188,5.25177022905329,60.507,27.81,45.451,NaN,0.102803,2,0
1011010201,2022-07-11,24.264,194.112,8,9.7,5.417,9.147,NaN,0.14142,2,0
1011010402,2022-07-11,43.103,439.0148,10.1852492865926,18.379,13.323,11.401,10,0.119747368421053,2,0
1011010501,2022-07-11,30.141,231.333,7.67502737135463,7.765,4,18.376,NaN,0.07122,2,0
1011010504,2022-07-11,57.659,612.3836,10.6207807974471,24.57,10.789,22.3,2.7,0.0851533333333334,2,0
1011010801,2022-07-11,55.108,290.1384,5.26490527691079,26.783,8.693,19.632,2.16,0.0813097222222222,2,0
1011010101,2022-07-12,129.271,666.988,5.15961043080041,60.609,28.304,40.358,NaN,0.102803,3,0
1011010201,2022-07-12,64.579,489.4984,7.57983864723826,22.603,7.789,34.187,4.73835797571823,0.14142,3,0
1011010402,2022-07-12,29.78,373.924,12.5562122229684,16.025,5.76,7.995,10,0.119747368421053,3,0
1011010501,2022-07-12,19.218,142.259,7.40238318243314,8.976,3.471,6.771,NaN,0.07122,3,0
1011010504,2022-07-12,49.014,566.7348,11.5627126943322,19.645,8.312,21.057,NaN,0.0851533333333334,3,0
1011010801,2022-07-12,27.869,232.6062,8.34641357781047,11.444,1.471,14.954,NaN,0.0813097222222222,3,0
1011010101,2022-07-13,150.034,842.4026,5.61474465787755,64.552,32.389,53.093,NaN,0.102803,4,0
1011010201,2022-07-13,46.435,364.968,7.8597609561753,21.521,11.37,13.544,4.8,0.14142,4,0
1011010402,2022-07-13,31.995,450.9908,14.0956649476481,20.178,7.403,4.414,10,0.119747368421053,4,0
1011010501,2022-07-13,12.755,82.113,6.43771070168562,3.515,4.151,5.089,NaN,0.07122,4,0
1011010504,2022-07-13,57.841,478.7834,8.27757818848222,19.047,4.524,34.27,2.42,0.0851533333333334,4,0
1011010801,2022-07-13,63.603,322.4408,5.06958476801409,19.194,14.556,29.853,2.4866985164697,0.0813097222222222,4,0
1011010101,2022-07-14,131.965,798.3542,6.04974197703937,59.628,21.617,50.72,NaN,0.102803,5,0
1011010201,2022-07-14,34.033,340.33,10,8.402,5.772,19.859,NaN,0.14142,5,0
1011010402,2022-07-14,12.376,145.75,11.7768261150614,2.243,2.951,7.182,10,0.119747368421053,5,0
1011010501,2022-07-14,14.374,112.302,7.81285654654237,6.538,3.587,4.249,NaN,0.07122,5,0
1011010504,2022-07-14,52.446,426.181,8.12609159897799,18.697,10.278,23.471,3.16666666666667,0.0851533333333334,5,0
1011010801,2022-07-14,44.709,348.1572,7.78718378849896,10.893,3.25,30.566,2.43223127787175,0.0813097222222222,5,0
1011010101,2022-07-15,118.425,697.7156,5.89162423474773,51.36,28.304,38.761,NaN,0.102803,6,0
1011010201,2022-07-15,30.18,301.8,10,15.313,4.671,10.196,NaN,0.14142,6,0
1011010402,2022-07-15,43.241,511.592,11.8311787423973,26.935,6.506,9.8,9.23375271970485,0.119747368421053,6,0
1011010501,2022-07-15,11.364,86.445,7.60691657866948,2.426,3.233,5.705,NaN,0.07122,6,0
1011010504,2022-07-15,60.497,523.3266,8.65045539448237,17.864,11.411,31.222,3.31837368094351,0.0851533333333334,6,0
1011010801,2022-07-15,66.136,399.679,6.04328958509738,14.985,9.339,41.812,2.80856280138807,0.0813097222222222,6,0
1011010101,2022-07-16,175.925,1154.7206,6.56370953531335,95.267,28.166,52.492,NaN,0.102803,7,1
1011010201,2022-07-16,59.714,597.14,10,23.897,11.517,24.3,NaN,0.14142,7,1
1011010402,2022-07-16,107.272,893.9044,8.3330636139906,87.146,6.704,13.422,10,0.119747368421053,7,1
1011010501,2022-07-16,18.431,151.3218,8.21017850360805,3.136,4.934,10.361,NaN,0.07122,7,1
1011010504,2022-07-16,73.235,819.6466,11.1920065542432,30.518,18.332,24.385,2.55,0.0851533333333334,7,1
1011010801,2022-07-16,89.471,466.6114,5.21522504498664,28.968,18.807,41.696,2.8281822051937,0.0813097222222222,7,1
1011010101,2022-07-17,190.249,1126.1988,5.91960430803841,94.587,36.354,59.308,NaN,0.102803,1,1
1011010201,2022-07-17,53.705,535.818,9.97705986407225,24.771,8.762,20.172,NaN,0.14142,1,1
1011010402,2022-07-17,131.3,849.4144,6.46926428027418,83.292,37.378,10.63,NaN,0.119747368421053,1,1
1011010501,2022-07-17,21.934,176.5404,8.04870976566062,9.127,5.861,6.946,NaN,0.07122,1,1
1011010504,2022-07-17,63.421,648.7662,10.2295170369436,27.028,12.724,23.669,2.66,0.0851533333333334,1,1
1011010801,2022-07-17,73.671,568.9946,7.72345427644528,28.906,16.058,28.707,3.28837000449034,0.0813097222222222,1,1
1011010101,2022-07-18,132.053,795.8266,6.02656963491931,49.715,27.061,55.277,NaN,0.102803,2,0
1011010201,2022-07-18,43.19,431.9,10,13.966,14.01,15.214,NaN,0.14142,2,0
1011010402,2022-07-18,57.442,538.1616,9.36878242401031,41.021,10.967,5.454,NaN,0.119747368421053,2,0
1011010501,2022-07-18,11.582,102.2544,8.82873424279054,1.968,2.982,6.632,NaN,0.07122,2,0
1011010504,2022-07-18,50.507,528.6268,10.4664066367038,17.832,6.825,25.85,1.9,0.0851533333333334,2,0
1011010801,2022-07-18,52.193,304.8524,5.84086754928822,20.758,10.607,20.828,2.06,0.0813097222222222,2,0
1011010101,2022-07-19,134.777,791.3954,5.87188763661456,46.993,34.697,53.087,NaN,0.102803,3,0
1011010201,2022-07-19,33.363,332.274,9.95935617300603,16.067,5.944,11.352,NaN,0.14142,3,0
1011010402,2022-07-19,90.19,564.6268,6.26041468011975,49.463,17.533,23.194,NaN,0.119747368421053,3,0
1011010501,2022-07-19,20.509,137.9192,6.72481349651373,8.444,2.113,9.952,NaN,0.07122,3,0
1011010504,2022-07-19,49.966,444.1174,8.88839210663251,17.446,4.026,28.494,2.38333333333333,0.0851533333333334,3,0
1011010801,2022-07-19,44.352,351.2316,7.9191829004329,11.414,8.192,24.746,3.125704391626,0.0813097222222222,3,0
1011010101,2022-07-20,161.158,1009.3716,6.26324228396977,69.53,39.195,52.433,NaN,0.102803,4,0
1011010201,2022-07-20,43.777,402.7484,9.2,17.008,10.404,16.365,NaN,0.14142,4,0
1011010402,2022-07-20,89.355,618.3884,6.92057971014493,19.203,64.246,5.906,NaN,0.119747368421053,4,0
1011010501,2022-07-20,17.192,115.4996,6.71821777570963,4.736,4.221,8.235,NaN,0.07122,4,0
1011010504,2022-07-20,88.656,700.8046,7.90476222703483,20.615,29.426,38.615,2.7,0.0851533333333334,4,0
1011010801,2022-07-20,37.088,313.3208,8.44803710094909,22.204,5.606,9.278,2.3,0.0813097222222222,4,0
1011010101,2022-07-21,140.656,803.201,5.71039273120236,57.797,27.756,55.103,NaN,0.102803,5,0
1011010201,2022-07-21,38.147,350.9524,9.2,16.422,10.217,11.508,NaN,0.14142,5,0
1011010402,2022-07-21,75.92,649.4168,8.55396206533193,46.985,12.971,15.964,NaN,0.119747368421053,5,0
1011010501,2022-07-21,18.296,100.971,5.51874726716222,6.008,4.511,7.777,NaN,0.07122,5,0
1011010504,2022-07-21,130.268,758.9562,5.8261138575859,25.427,25.506,79.335,2.7271957609307,0.0851533333333334,5,0
1011010801,2022-07-21,43.486,309.255,7.11159913535391,8.183,7.647,27.656,3.60058892815077,0.0813097222222222,5,0
1011010101,2022-07-22,119.449,745.2212,6.23882326348483,58.536,27.013,33.9,NaN,0.102803,6,0
1011010201,2022-07-22,33.655,309.626,9.2,12.665,6.646,14.344,NaN,0.14142,6,0
1011010402,2022-07-22,44.43,529.7936,11.9242313751969,26.821,8.897,8.712,NaN,0.119747368421053,6,0
1011010501,2022-07-22,16.449,100.2446,6.09426712870083,4.177,6.216,6.056,NaN,0.07122,6,0
1011010504,2022-07-22,91.719,573.571,6.25356796301748,30.524,26.83,34.365,2.70783512810991,0.0851533333333334,6,0
1011010801,2022-07-22,60.678,357.2206,5.88715185075316,20.218,8.181,32.279,3.3386668632945,0.0813097222222222,6,0
1011010101,2022-07-23,163.238,1026.582,6.28886656293265,93.095,32.002,38.141,NaN,0.102803,7,1
1011010201,2022-07-23,45.47,418.324,9.2,20.711,10.644,14.115,NaN,0.14142,7,1
1011010402,2022-07-23,67.395,861.2628,12.7793278433118,42.101,19.272,6.022,6.5,0.119747368421053,7,1
1011010501,2022-07-23,20.601,141.566,6.87180233969225,7.503,2.725,10.373,NaN,0.07122,7,1
1011010504,2022-07-23,128.405,841.2851,6.55180950897551,57.004,38.173,33.228,4.62265686864527,0.0851533333333334,7,1
1011010801,2022-07-23,101.743,541.6182,5.32339522129287,48.834,9.854,43.055,3.30955964201434,0.0813097222222222,7,1
1011010101,2022-07-24,187.595,1095.2766,5.83851701804419,106.658,37.253,43.684,NaN,0.102803,1,1
1011010201,2022-07-24,45.96,422.832,9.2,20.175,7.435,18.35,NaN,0.14142,1,1
1011010402,2022-07-24,112.091,860.7352,7.67889661078945,75.806,14.352,21.933,NaN,0.119747368421053,1,1
1011010501,2022-07-24,10.549,63.823,6.05014693335861,5.276,1.917,3.356,NaN,0.07122,1,1
1011010504,2022-07-24,55.957,344.9162,6.16395089086263,29.244,12.799,13.914,14.152036199095,0.0851533333333334,1,1
1011010801,2022-07-24,67.64,465.3731,6.88014636309876,31.998,9.222,26.42,3.99451756658721,0.0813097222222222,1,1
1011010101,2022-07-25,128.305,739.2714,5.76182845563306,63.129,30.661,34.515,NaN,0.102803,2,0
1011010201,2022-07-25,79.565,687.5148,8.64092000251367,37.12,13.636,28.809,4.8,0.14142,2,0
1011010402,2022-07-25,90.633,575.1684,6.34612558339678,45.028,18.418,27.187,NaN,0.119747368421053,2,0
1011010501,2022-07-25,17.972,121.798,6.77709770754507,7.178,4.879,5.915,NaN,0.07122,2,0
1011010504,2022-07-25,66.762,319.56,4.78655522602678,13.854,9.678,43.23,2.7,0.0851533333333334,2,0
1011010801,2022-07-25,66.315,360.2695,5.43269999246023,22.695,16.994,26.626,4.05650580329872,0.0813097222222222,2,0
1011010101,2022-07-26,161.702,999.419,6.18062237943872,76.074,29.986,55.642,2.9,0.102803,3,0
1011010201,2022-07-26,74.221,650.2772,8.76136403443769,36.399,9.537,28.285,NaN,0.14142,3,0
1011010402,2022-07-26,68.863,639.4624,9.28600845156325,34.779,16.12,17.964,NaN,0.119747368421053,3,0
1011010501,2022-07-26,18.262,113.055,6.19072390756763,6.146,1.551,10.565,NaN,0.07122,3,0
1011010504,2022-07-26,98.29,507.24,5.16064706480822,44.339,17.903,36.048,2.4,0.0851533333333334,3,0
1011010801,2022-07-26,59.465,354.6028,5.96321870007567,19.463,9.285,30.717,3.22810787732157,0.0813097222222222,3,0
1011010101,2022-07-27,131.633,823.4824,6.25589631779265,69.721,25.861,36.051,NaN,0.102803,4,0
1011010201,2022-07-27,67.503,645.2292,9.55852628772054,24.631,10.056,32.816,NaN,0.14142,4,0
1011010402,2022-07-27,71.087,503.014,7.07603359264001,44.22,19.3,7.567,NaN,0.119747368421053,4,0
1011010501,2022-07-27,14.402,104.6026,7.26306068601583,5.635,2.365,6.402,NaN,0.07122,4,0
1011010504,2022-07-27,108.891,630.673,5.79178260829637,35.733,22.946,50.212,2.7,0.0851533333333334,4,0
1011010801,2022-07-27,58.869,345.6896,5.87218400176663,17.781,11.459,29.629,3.5580673447913,0.0813097222222222,4,0
1011010101,2022-07-28,170.771,1037.2023,6.07364423701917,68.737,44.254,57.78,2.95324313569439,0.102803,5,0
1011010201,2022-07-28,60.76,573.9504,9.44618828176432,19.595,16.887,24.278,NaN,0.14142,5,0
1011010402,2022-07-28,70.756,582.6468,8.23459211939624,31.34,25.96,13.456,7.1,0.119747368421053,5,0
1011010501,2022-07-28,22.58,160.6842,7.11621789193977,6.456,5.77,10.354,NaN,0.07122,5,0
1011010504,2022-07-28,116.81,689.081,5.89916103073367,41.042,21.639,54.129,3.50203816694794,0.0851533333333334,5,0
1011010801,2022-07-28,69.521,426.3228,6.13228808561442,19.509,14.248,35.764,2.76847826086956,0.0813097222222222,5,0
1011010101,2022-07-29,331.236,1189.484,3.59104686688645,128.7,59.131,143.405,2.196875,0.102803,6,0
1011010201,2022-07-29,64.225,585.8762,9.12224523160763,18.763,14.036,31.426,5.96825605900948,0.14142,6,0
1011010402,2022-07-29,66.925,526.4456,7.8662024654464,34.747,16.581,15.597,7.1,0.119747368421053,6,0
1011010501,2022-07-29,15.616,109.568,7.01639344262295,7.938,2.487,5.191,NaN,0.07122,6,0
1011010504,2022-07-29,120.741,630.89,5.22515135703696,44.846,13.704,62.191,2.5,0.0851533333333334,6,0
1011010801,2022-07-29,52.634,406.0532,7.71465592582741,16.719,8.092,27.823,3.77819769883262,0.0813097222222222,6,0
1011010101,2022-07-30,344.157,1245.7934,3.61984036355501,153.68,74.492,115.985,2.24186758254837,0.102803,7,1
1011010201,2022-07-30,61.873,568.0508,9.18091574677161,27.588,11.189,23.096,6.11931243680485,0.14142,7,1
1011010402,2022-07-30,71.293,683.9092,9.59293619289411,51.452,9.014,10.827,7.1,0.119747368421053,7,1
1011010501,2022-07-30,13.837,94.672,6.84194550841945,5.738,1.748,6.351,NaN,0.07122,7,1
1011010504,2022-07-30,141.664,740.1163,5.22444869550486,54.914,27.082,59.668,3.40806762354301,0.0851533333333334,7,1
1011010801,2022-07-30,86.456,528.8432,6.11690570926252,29.323,19.608,37.525,2.94615384615385,0.0813097222222222,7,1
1011010101,2022-07-31,320.998,1227.534,3.82411728421984,167.444,58.785,94.769,2.6369803791154,0.102803,1,1
1011010201,2022-07-31,49.207,452.8907,9.20378604670067,21.331,9.09,18.786,8.1,0.14142,1,1
1011010402,2022-07-31,131.591,808.4,6.14327727580154,77.176,37.35,17.065,NaN,0.119747368421053,1,1
1011010501,2022-07-31,19.875,133.234,6.70359748427673,7.67,3.653,8.552,NaN,0.07122,1,1
1011010504,2022-07-31,142.906,736.4888,5.15365904860538,68.96,37.975,35.971,2.86771261838707,0.0851533333333334,1,1
1011010801,2022-07-31,98.219,558.6268,5.68756350604262,34.034,13.905,50.28,4.03556910569106,0.0813097222222222,1,1
1011010101,2022-08-01,304.399,1130.8186,3.71492219094018,123.474,57.128,123.797,2.47678571428571,0.102803,2,0
1011010201,2022-08-01,82.282,693.778,8.43171045915267,35.515,15.032,31.735,7,0.14142,2,0
1011010402,2022-08-01,91.813,580.2783,6.32021935891432,50.67,25.117,16.026,8.1,0.119747368421053,2,0
1011010501,2022-08-01,29.243,226.3978,7.74194850049585,14.099,4.454,10.69,6.1,0.07122,2,0
1011010504,2022-08-01,154.113,760.3288,4.93357990565364,54.56,30.435,69.118,2.8725907708239,0.0851533333333334,2,0
1011010801,2022-08-01,36.451,319.6856,8.77028339414556,16.161,7.972,12.318,4.19171100532064,0.0813097222222222,2,0
1011010101,2022-08-02,270.798,1026.8516,3.79194676474715,108.298,44.96,117.54,2.2459324155194,0.102803,3,0
1011010201,2022-08-02,80.493,701.439,8.71428571428572,31.276,13.833,35.384,5,0.14142,3,0
1011010402,2022-08-02,28.385,333.8544,11.7616487581469,18.026,5.877,4.482,NaN,0.119747368421053,3,0
1011010501,2022-08-02,14.101,88.79,6.29671654492589,6.748,0,7.353,NaN,0.07122,3,0
1011010504,2022-08-02,122.284,579.9284,4.74247162343397,46.853,15.699,59.732,3.21358244987929,0.0851533333333334,3,0
1011010801,2022-08-02,57.276,375.4832,6.55568126265801,21.446,9.995,25.835,4.0166790214974,0.0813097222222222,3,0
1011010101,2022-08-03,337.105,1218.1118,3.61344922205248,136.742,49.285,151.078,2.57887323943662,0.102803,4,0
1011010201,2022-08-03,68.436,528.081,7.71642118183412,23.989,11.652,32.795,6,0.14142,4,0
1011010402,2022-08-03,95.589,421.166,4.40600905961983,72.101,13.692,9.796,NaN,0.119747368421053,4,0
1011010501,2022-08-03,15.585,123.155,7.90214950272698,7.095,0.83,7.66,NaN,0.07122,4,0
1011010504,2022-08-03,159.987,732.4436,4.57814447423853,51.512,24.554,83.921,2.58333333333333,0.0851533333333334,4,0
1011010801,2022-08-03,76.332,411.8618,5.39566367971493,17.806,15.829,42.697,2.46088104397677,0.0813097222222222,4,0
1011010101,2022-08-04,354.404,1225.2222,3.45713423099062,147.293,39.164,167.947,2.1,0.102803,5,0
1011010201,2022-08-04,65.154,497.003,7.6281272063112,28.987,13.743,22.424,6,0.14142,5,0
1011010402,2022-08-04,64.171,583.3256,9.09017468950149,39.419,17.298,7.454,NaN,0.119747368421053,5,0
1011010501,2022-08-04,17.149,128.411,7.48795848154411,6.878,5.301,4.97,NaN,0.07122,5,0
1011010504,2022-08-04,152.644,678.4984,4.44497261602159,50.056,43.368,59.22,2.03333333333333,0.0851533333333334,5,0
1011010801,2022-08-04,81.526,477.0955,5.85206559870471,26.391,17.546,37.589,3.01411222309682,0.0813097222222222,5,0
1011010101,2022-08-05,329.423,1226.9078,3.72441450657665,115.213,44.981,169.229,2.1223007340176,0.102803,6,0
1011010201,2022-08-05,72.799,521.8037,7.16773169961126,22.263,13.226,37.31,5.3,0.14142,6,0
1011010402,2022-08-05,43.931,474.2976,10.7964216612415,19.634,15.744,8.553,NaN,0.119747368421053,6,0
1011010501,2022-08-05,13.432,105.374,7.84499702203693,3.234,1.319,8.879,NaN,0.07122,6,0
1011010504,2022-08-05,169.692,666.4422,3.92736369422247,51.977,32.247,85.468,2.23793103448276,0.0851533333333334,6,0
1011010801,2022-08-05,66.543,404.074,6.07237425424162,15.839,7.451,43.253,3.42703512715413,0.0813097222222222,6,0
1011010101,2022-08-06,355.128,1374.4929,3.87041545583564,182.837,47.239,125.052,2.54478344922204,0.102803,7,1
1011010201,2022-08-06,96.079,679.929,7.0767701578909,42.684,16.504,36.891,5.3,0.14142,7,1
1011010402,2022-08-06,106.723,707.9432,6.63346420171847,79.954,11.926,14.843,12.1660540540541,0.119747368421053,7,1
1011010501,2022-08-06,15.462,130.9382,8.46838701332299,5.592,1.442,8.428,3.6,0.07122,7,1
1011010504,2022-08-06,183.489,806.2198,4.39383178283167,75.564,29.809,78.116,2.93405562947475,0.0851533333333334,7,1
1011010801,2022-08-06,91.924,631.4444,6.86920064401027,40.4,13.691,37.833,5.83702378446643,0.0813097222222222,7,1
1011010101,2022-08-07,319.042,1290.3654,4.04450009716589,169.722,57.259,92.061,2.46526096503575,0.102803,1,1
1011010201,2022-08-07,86.982,607.7996,6.98764801913039,41.734,9.135,36.113,5.3,0.14142,1,1
1011010402,2022-08-07,89.746,629.2316,7.01124952644129,53.901,16.047,19.798,12.6,0.119747368421053,1,1
1011010501,2022-08-07,26.316,234.197,8.89941480468156,12.065,3.821,10.43,NaN,0.07122,1,1
1011010504,2022-08-07,211.184,889.6802,4.21282010000758,93.312,30.282,87.59,2.825,0.0851533333333334,1,1
1011010801,2022-08-07,105.113,542.7066,5.16307783052524,36.97,14.382,53.761,3.75468409586057,0.0813097222222222,1,1
1011010101,2022-08-08,302.077,1067.2838,3.53315148124485,100.927,57.421,143.729,2.18214285714286,0.102803,2,0
1011010201,2022-08-08,76.689,555.4641,7.2430739741032,26.348,10.486,39.855,5.3,0.14142,2,0
1011010402,2022-08-08,86.531,525.1404,6.06881233315228,43.125,9.129,34.277,11.2218947368421,0.119747368421053,2,0
1011010501,2022-08-08,18.528,157.298,8.48974525043178,8,4.62,5.908,NaN,0.07122,2,0
1011010504,2022-08-08,138.495,517.793,3.73871258890213,29.851,22.718,85.926,3.03333333333333,0.0851533333333334,2,0
1011010801,2022-08-08,87.266,523.5284,5.9992253569546,26.128,8.651,52.487,3.2276016354239,0.0813097222222222,2,0
1011010101,2022-08-09,322.432,1196.0281,3.70939639986106,131.943,49.815,140.674,1.94273463112856,0.102803,3,0
1011010201,2022-08-09,75.303,551.0155,7.31731139529633,33.446,9.165,32.692,5.3,0.14142,3,0
1011010402,2022-08-09,54.281,437.0684,8.05195924909268,27.132,12.766,14.383,10.8,0.119747368421053,3,0
1011010501,2022-08-09,17.542,171.487,9.77579523429484,4.889,0.271,12.382,NaN,0.07122,3,0
1011010504,2022-08-09,161.631,677.8952,4.194091479976,43.566,28.537,89.528,3.25890222404675,0.0851533333333334,3,0
1011010801,2022-08-09,77.1,450.9094,5.84837094682231,36.01,8.368,32.722,3.46464943900086,0.0813097222222222,3,0
1011010101,2022-08-10,291.018,1148.952,3.94804445085871,125.041,36.559,129.418,2.39294542688724,0.102803,4,0
1011010201,2022-08-10,70.986,522.5265,7.36097962978616,33.96,10.36,26.666,5.3,0.14142,4,0
1011010402,2022-08-10,89.973,515.5532,5.73008791526347,47.66,23.491,18.822,10.8,0.119747368421053,4,0
1011010501,2022-08-10,17.255,162.74,9.43146913937989,5.132,2.403,9.72,NaN,0.07122,4,0
1011010504,2022-08-10,168.921,682.4974,4.04033483107488,59.973,23.632,85.316,3.15381651104194,0.0851533333333334,4,0
1011010801,2022-08-10,39.034,404.9911,10.3753420095302,17.646,3.383,18.005,3.34180304335343,0.0813097222222222,4,0
1011010101,2022-08-11,313.919,1092.9728,3.48170324191909,136.696,43.602,133.621,2.09639225001856,0.102803,5,0
1011010201,2022-08-11,73.029,536.8167,7.35073327034466,28.623,6.302,38.104,5.3,0.14142,5,0
1011010402,2022-08-11,70.377,472.3312,6.71144265882319,40.727,14.849,14.801,10.8,0.119747368421053,5,0
1011010501,2022-08-11,13.387,129.53,9.67580488533652,4.11,2.4,6.877,NaN,0.07122,5,0
1011010504,2022-08-11,159.507,520.0075,3.26009203357846,69.707,27.312,62.488,4.49261700725115,0.0851533333333334,5,0
1011010801,2022-08-11,68.939,334.2685,4.84875759729616,20.437,4.47,44.032,2.10429889073991,0.0813097222222222,5,0
1011010101,2022-08-12,326.821,1263.7244,3.86671725501115,131.07,54.76,140.991,1.77384291215578,0.102803,6,0
1011010201,2022-08-12,74.91,559.3908,7.46750500600721,27.022,10.682,37.206,NaN,0.14142,6,0
1011010402,2022-08-12,79.938,532.4216,6.66043183467187,45.299,24.707,9.932,10.8,0.119747368421053,6,0
1011010501,2022-08-12,15.139,141.765,9.36422484972587,6.472,1.843,6.824,NaN,0.07122,6,0
1011010504,2022-08-12,166.473,540.5488,3.24706589056484,54.841,21.772,89.86,1.33076923076923,0.0851533333333334,6,0
1011010801,2022-08-12,60.39,371.216,6.14697797648617,23.106,6.528,30.756,NaN,0.0813097222222222,6,0
1011010101,2022-08-13,479.995,1737.6328,3.62010604277128,202.547,80.151,197.297,2.22515849458584,0.102803,7,1
1011010201,2022-08-13,102.596,729.9025,7.11433681625015,50.253,11.157,41.186,5.3,0.14142,7,1
1011010402,2022-08-13,139.761,795.986,5.69533703966056,81.762,34.934,23.065,NaN,0.119747368421053,7,1
1011010501,2022-08-13,28.498,252.715,8.86781528528318,9.253,9.94,9.305,NaN,0.07122,7,1
1011010504,2022-08-13,223.384,775.3038,3.47072216452387,81.627,34.755,107.002,3.97331460674157,0.0851533333333334,7,1
1011010801,2022-08-13,72.19,550.8167,7.63009696633883,22.959,13.231,36,4.26638628534807,0.0813097222222222,7,1
1011010101,2022-08-14,394.715,1512.0801,3.83081489175734,223.261,81.62,89.834,2.51540217060554,0.102803,1,1
1011010201,2022-08-14,120.907,899.2903,7.43786794809234,53.667,18.376,48.864,5.3,0.14142,1,1
1011010402,2022-08-14,97.044,887.806,9.14848934503936,59.007,18.869,19.168,10.8,0.119747368421053,1,1
1011010501,2022-08-14,32.987,294.671,8.93294328068633,11.332,7.534,14.121,6.6,0.07122,1,1
1011010504,2022-08-14,188.234,701.575,3.72714281160683,81.37,28.195,78.669,3.31286403085824,0.0851533333333334,1,1
1011010801,2022-08-14,87.77,603.4118,6.87492081576849,26.62,9.895,51.255,3.87441748075529,0.0813097222222222,1,1
1011010101,2022-08-15,347.367,1321.187,3.80343268070945,136.827,67.999,142.541,2.47333333333333,0.102803,2,0
1011010201,2022-08-15,85.398,628.8495,7.36374973652779,29.989,15.276,40.133,5.3,0.14142,2,0
1011010402,2022-08-15,102.925,654.8948,6.36283507408307,72.356,8.691,21.878,10.8,0.119747368421053,2,0
1011010501,2022-08-15,24.222,223.29,9.21847906861531,9.442,1.716,13.064,NaN,0.07122,2,0
1011010504,2022-08-15,120.999,501.3041,4.14304333093662,34.549,16.442,70.008,3.18273452238038,0.0851533333333334,2,0
1011010801,2022-08-15,67.468,461.7496,6.84397936799668,13.309,12.553,41.606,4.39932582276235,0.0813097222222222,2,0
1011010101,2022-08-16,368.861,1364.4483,3.69908529229168,139.487,74.542,154.832,2.31572811863303,0.102803,3,0
1011010201,2022-08-16,81.22,618.6484,7.6169465648855,34.126,16.491,30.603,NaN,0.14142,3,0
1011010402,2022-08-16,69.881,585.3552,8.37645711996108,22.507,30.088,17.286,10.8,0.119747368421053,3,0
1011010501,2022-08-16,18.14,169.088,9.3212789415656,7.256,2.901,7.983,NaN,0.07122,3,0
1011010504,2022-08-16,183.738,817.8724,4.45129695544743,61.806,39.666,82.266,4.5549140309913,0.0851533333333334,3,0
1011010801,2022-08-16,71.408,540.2728,7.56599820748376,13.323,14.228,43.857,NaN,0.0813097222222222,3,0
1011010101,2022-08-17,358.863,1338.1237,3.728787030148,126.278,64.895,167.69,2.36979890676067,0.102803,4,0
1011010201,2022-08-17,87.672,651.3697,7.42962063144448,27.162,20.169,40.341,5.72746038365304,0.14142,4,0
1011010402,2022-08-17,104.095,648.7412,6.23220327585379,55.518,21.539,27.038,10.8,0.119747368421053,4,0
1011010501,2022-08-17,20.658,191.0996,9.25063413689612,8.616,3.397,8.645,6.6,0.07122,4,0
1011010504,2022-08-17,146.131,689.5565,4.71875577392887,47.415,31.186,67.53,3.75069607121344,0.0851533333333334,4,0
1011010801,2022-08-17,66.376,507.6647,7.64831716282994,16.659,10.728,38.989,4.29067406400966,0.0813097222222222,4,0
1011010101,2022-08-18,424.262,1854.8192,4.37187209790177,198.172,78.694,147.396,4.811571713589,0.102803,5,0
1011010201,2022-08-18,121.725,927.6407,7.62079030601766,48.257,18.218,55.25,5.81268085106383,0.14142,5,0
1011010402,2022-08-18,81.503,623.9322,7.65532802473529,47.025,11.272,23.206,10.9973164368245,0.119747368421053,5,0
1011010501,2022-08-18,26.979,246.517,9.13736609955892,8.507,4.068,14.404,NaN,0.07122,5,0
1011010504,2022-08-18,223.117,965.0012,4.32509042341014,50.49,55.771,116.856,3.88603339299064,0.0851533333333334,5,0
1011010801,2022-08-18,84.219,529.5474,6.28774267089374,20.041,9.211,54.967,3.65322586719898,0.0813097222222222,5,0
1011010101,2022-08-19,401.426,1816.6704,4.52554244119713,360.426,29.524,11.476,NaN,0.102803,6,0
1011010201,2022-08-19,186.155,1516.4584,8.14621363917166,96.083,36.676,53.396,NaN,0.14142,6,0
1011010402,2022-08-19,144.451,1110.2574,7.68604855625783,101.665,30.514,12.272,8.72496245118654,0.119747368421053,6,0
1011010501,2022-08-19,89.616,855.428,9.54548294947331,23.857,26.548,39.211,NaN,0.07122,6,0
1011010504,2022-08-19,334.781,1613.3063,4.81899002631571,158.853,62.551,113.377,6.13153465346535,0.0851533333333334,6,0
1011010801,2022-08-19,91.655,635.5918,6.93461131416726,57.013,18.078,16.564,NaN,0.0813097222222222,6,0
1011010101,2022-08-20,429.043,1818.3066,4.23805212997299,266.737,51.688,110.618,2.9962962962963,0.102803,7,1
1011010201,2022-08-20,123.124,1020.8008,8.29083525551477,58.191,27.515,37.418,NaN,0.14142,7,1
1011010402,2022-08-20,95.698,766.0682,8.00505966686869,68.623,14.042,13.033,12.6,0.119747368421053,7,1
1011010501,2022-08-20,18.641,152.442,8.17778016200848,11.263,2.386,4.992,NaN,0.07122,7,1
1011010504,2022-08-20,209.291,971.5183,4.64194972550181,102.637,23.525,83.129,3.11617038594587,0.0851533333333334,7,1
1011010801,2022-08-20,70.643,482.7913,6.83424118454765,32.855,10.725,27.063,6.69766486486486,0.0813097222222222,7,1
1011010101,2022-08-21,432.675,1744.45,4.03177904893974,230.341,58.787,143.547,2.58875,0.102803,1,1
1011010201,2022-08-21,82.198,684.244,8.32433879169809,45.799,12.058,24.341,NaN,0.14142,1,1
1011010402,2022-08-21,87.971,682.2852,7.75579679667163,52.21,17.284,18.477,12.6,0.119747368421053,1,1
1011010501,2022-08-21,19.233,194.573,10.1166224717933,8.543,4.806,5.884,8.4,0.07122,1,1
1011010504,2022-08-21,219.055,969.841,4.42738581634749,86.723,32.525,99.807,3.9676741130092,0.0851533333333334,1,1
1011010801,2022-08-21,72.191,510.8391,7.07621587178457,28.613,12.454,31.124,5.07165409824512,0.0813097222222222,1,1
1011010101,2022-08-22,303.2,1078.5568,3.55724538258575,102.114,39.932,161.154,2.38205128205128,0.102803,2,0
1011010201,2022-08-22,45.204,407.6388,9.01775949031059,13.918,10.235,21.051,NaN,0.14142,2,0
1011010402,2022-08-22,66.488,371.6752,5.59010949344242,16.46,7.154,42.874,10.8,0.119747368421053,2,0
1011010501,2022-08-22,14.33,102.351,7.14242847173761,6.235,0.929,7.166,NaN,0.07122,2,0
1011010504,2022-08-22,104.653,492.7943,4.70884064479757,34.371,18.455,51.827,2.71508254371398,0.0851533333333334,2,0
1011010801,2022-08-22,47.201,281.9125,5.97259591957798,15.574,4.426,27.201,5.34930567866217,0.0813097222222222,2,0
1011010101,2022-08-23,259.56,985.436,3.79656341501002,97.093,41.685,120.782,2.31242177861676,0.102803,3,0
1011010201,2022-08-23,43.039,390.2456,9.0672552800948,18.837,10.309,13.893,NaN,0.14142,3,0
1011010402,2022-08-23,86.205,503.4854,5.84055913230091,40.894,29.98,15.331,12.6,0.119747368421053,3,0
1011010501,2022-08-23,13.572,124.998,9.20999115826702,4.132,3.072,6.368,NaN,0.07122,3,0
1011010504,2022-08-23,111.097,511.0152,4.5997209645625,34.776,24.135,52.186,4.11379011274935,0.0851533333333334,3,0
1011010801,2022-08-23,48.094,297.6045,6.18797563105585,11.54,7.197,29.357,5.77610091445619,0.0813097222222222,3,0
1011010101,2022-08-24,233.767,897.6639,3.83999409668602,81.793,29.772,122.202,2.56819899427375,0.102803,4,0
1011010201,2022-08-24,46.96,406.6472,8.65943781942078,19.154,6.509,21.297,5.3,0.14142,4,0
1011010402,2022-08-24,57.232,369.3782,6.45405018171652,29.198,14.697,13.337,12.6,0.119747368421053,4,0
1011010501,2022-08-24,14.23,127.388,8.95207308503162,5.544,2.935,5.751,NaN,0.07122,4,0
1011010504,2022-08-24,73.184,331.9602,4.53596687800612,19.628,17.826,35.73,3.29252648658967,0.0851533333333334,4,0
1011010801,2022-08-24,59.056,370.0086,6.26538539691141,21.742,7.171,30.143,4.76212487682523,0.0813097222222222,4,0
1011010101,2022-08-25,243.786,1143.5782,4.69091006046286,107.11,34.361,102.315,1.7,0.102803,5,0
1011010201,2022-08-25,63.776,574.5004,9.00809708981435,30.985,8.06,24.731,NaN,0.14142,5,0
1011010402,2022-08-25,51.219,399.3472,7.79685663523302,30.871,4.152,16.196,12.6,0.119747368421053,5,0
1011010501,2022-08-25,12.514,120.976,9.66725267700176,5.431,1.811,5.272,NaN,0.07122,5,0
1011010504,2022-08-25,110.13,558.85,5.0744574593662,43.861,23.068,43.201,2.95462715910687,0.0851533333333334,5,0
1011010801,2022-08-25,42.528,362.6777,8.52797451091046,17.571,8.609,16.348,14.4523052464229,0.0813097222222222,5,0
1011010101,2022-08-26,250.941,1113.9402,4.43905220749101,90.954,40.32,119.667,2.48843919662858,0.102803,6,0
1011010201,2022-08-26,48.086,426.874,8.87730316516242,15.398,7.784,24.904,5.3,0.14142,6,0
1011010402,2022-08-26,48.72,314.4676,6.4545894909688,20.482,10.249,17.989,12.6,0.119747368421053,6,0
1011010501,2022-08-26,11.488,100.8416,8.77799442896936,3.46,2.131,5.897,NaN,0.07122,6,0
1011010504,2022-08-26,129.03,591.9562,4.58774083546462,29.243,24.819,74.968,3.22745386248571,0.0851533333333334,6,0
1011010801,2022-08-26,73.827,426.7822,5.78084169748195,13.595,15.122,45.11,4.37975901759248,0.0813097222222222,6,0
1011010101,2022-08-27,357.705,1535.8485,4.29361764582547,168.433,78.379,110.893,2.55655710764174,0.102803,7,1
1011010201,2022-08-27,57.998,565.31,9.74706024345667,28.969,13.032,15.997,NaN,0.14142,7,1
1011010402,2022-08-27,104.458,653.9874,6.2607689214804,51.735,28.578,24.145,12.6,0.119747368421053,7,1
1011010501,2022-08-27,19.554,168.6676,8.62573386519382,5.225,2.611,11.718,5.38444239631336,0.07122,7,1
1011010504,2022-08-27,154.266,804.4029,5.21438878301116,49.34,39.448,65.478,3.44549886973095,0.0851533333333334,7,1
1011010801,2022-08-27,68.656,586.775,8.54659461663948,30.687,16.016,21.953,4.73730423620026,0.0813097222222222,7,1
1011010101,2022-08-28,252.244,1390.1164,5.51099887410602,161.774,57.264,33.206,2.7293095961789,0.102803,1,1
1011010201,2022-08-28,88.504,850.6,9.61086504564765,41.808,24.46,22.236,NaN,0.14142,1,1
1011010402,2022-08-28,102.839,735.9844,7.15666624529604,66.826,22.402,13.611,10.8,0.119747368421053,1,1
1011010501,2022-08-28,25.88,218.8246,8.45535548686244,7.73,5.24,12.91,4.84591029023747,0.07122,1,1
1011010504,2022-08-28,251.609,1140.4652,4.53268841734596,86.116,59.104,106.389,2.61767626181248,0.0851533333333334,1,1
1011010801,2022-08-28,71.953,503.7946,7.0017177880005,37.931,18.928,15.094,2.15,0.0813097222222222,1,1
1011010101,2022-08-29,297.05,1270.8444,4.27821713516243,138.777,60.638,97.635,2.80900092793071,0.102803,2,0
1011010201,2022-08-29,45.738,416.0827,9.09708994708995,21.85,11.188,12.7,5.3,0.14142,2,0
1011010402,2022-08-29,59.775,388.78,6.50405687996654,21.911,23.779,14.085,7.6,0.119747368421053,2,0
1011010501,2022-08-29,13.378,115.3274,8.62067573628345,3.712,1.158,8.508,6.6,0.07122,2,0
1011010504,2022-08-29,116.076,529.9348,4.56541231606878,39.026,18.013,59.037,3.20030436252959,0.0851533333333334,2,0
1011010801,2022-08-29,74.182,421.5512,5.68266156210401,22.47,16.196,35.516,3.0955723226297,0.0813097222222222,2,0
1011010101,2022-08-30,236.727,982.1636,4.1489293574455,116.791,62.603,57.333,2.44166666666667,0.102803,3,0
1011010201,2022-08-30,66.738,800.856,12,26.625,13.636,26.477,NaN,0.14142,3,0
1011010402,2022-08-30,93.293,526.4792,5.64328727771644,48.531,33.99,10.772,NaN,0.119747368421053,3,0
1011010501,2022-08-30,7.934,58.9694,7.43249306780943,2.128,1.384,4.422,6.6,0.07122,3,0
1011010504,2022-08-30,114.188,583.0832,5.10634392405507,38.684,19.658,55.846,3.71430446194226,0.0851533333333334,3,0
1011010801,2022-08-30,33.987,458.5962,13.4932827257481,15.468,5.873,12.646,6.33907447134539,0.0813097222222222,3,0
1011010101,2022-08-31,242.409,975.2332,4.02308990177757,149.721,21.284,71.404,2.62820512820513,0.102803,4,0
1011010201,2022-08-31,35.261,462.716,13.1226000397039,21.856,3.986,9.419,NaN,0.14142,4,0
1011010402,2022-08-31,28.994,226.7568,7.82081810029661,26.876,1.118,1,NaN,0.119747368421053,4,0
1011010501,2022-08-31,3.304,24.323,7.36168280871671,0.856,0,2.448,NaN,0.07122,4,0
1011010504,2022-08-31,61.621,325.3444,5.2797650151734,34.57,5.219,21.832,3.59298366057943,0.0851533333333334,4,0
1011010801,2022-08-31,30.29,277.3802,9.15748431825685,13.508,1.907,14.875,5.32327419638152,0.0813097222222222,4,0
1011010101,2022-09-01,311.034,1325.502,4.26159841046317,127.006,80.379,103.649,3.0325,0.102803,5,0
1011010201,2022-09-01,47.503,608.526,12.8102646148664,16.071,12.955,18.477,NaN,0.14142,5,0
1011010402,2022-09-01,56.77,574.6737,10.1228412894134,35.949,10.716,10.105,11.4315051287419,0.119747368421053,5,0
1011010501,2022-09-01,11.464,123.0206,10.7310362875087,2.931,2.941,5.592,3.6,0.07122,5,0
1011010504,2022-09-01,100.922,581.0047,5.7569677572779,29.484,22.29,49.148,2.76845242826484,0.0851533333333334,5,0
1011010801,2022-09-01,58.419,534.6304,9.15165271572605,24.556,11.716,22.147,8.49589552238806,0.0813097222222222,5,0
1011010101,2022-09-02,328.216,1455.7706,4.43540412411339,108.384,63.787,156.045,2.78010545628853,0.102803,6,0
1011010201,2022-09-02,42.416,547.22,12.9012636740853,18.479,7.95,15.987,NaN,0.14142,6,0
1011010402,2022-09-02,53.186,480.4069,9.03258188245027,25.486,11.256,16.444,12.1918787342332,0.119747368421053,6,0
1011010501,2022-09-02,4.884,43.654,8.93816543816544,2.457,1.006,1.421,NaN,0.07122,6,0
1011010504,2022-09-02,103.825,532.366,5.12753190464724,24.097,24.719,55.009,3.06069665140497,0.0851533333333334,6,0
1011010801,2022-09-02,61.119,474.5692,7.76467546916671,12.114,10.411,38.594,4.79544252517864,0.0813097222222222,6,0
1011010101,2022-09-03,419.813,1894.5552,4.51285500925412,147.616,93.128,179.069,2.90760528699854,0.102803,7,1
1011010201,2022-09-03,53.626,665.5664,12.4112631932272,24.625,14.063,14.938,8.4,0.14142,7,1
1011010402,2022-09-03,88.589,776.556,8.76582871462597,47.93,26.816,13.843,15.4,0.119747368421053,7,1
1011010501,2022-09-03,15.738,143.333,9.10744694370314,8.404,2.587,4.747,NaN,0.07122,7,1
1011010504,2022-09-03,176.628,906.7526,5.13368548587993,67.068,46.815,62.745,3.27311470873115,0.0851533333333334,7,1
1011010801,2022-09-03,77.887,685.8074,8.80515875563316,16.904,15.658,45.325,4.12950441492323,0.0813097222222222,7,1
1011010101,2022-09-04,491.166,2251.2349,4.58345019810003,215.011,91.834,184.321,2.72476221592972,0.102803,1,1
1011010201,2022-09-04,62.544,784.2152,12.5386160143259,23.507,13.019,26.018,7.17529327268374,0.14142,1,1
1011010402,2022-09-04,124.55,982.0662,7.88491529506222,70.628,29.373,24.549,15.4,0.119747368421053,1,1
1011010501,2022-09-04,18.362,171.937,9.36374033329703,4.789,6.519,7.054,NaN,0.07122,1,1
1011010504,2022-09-04,185.402,987.2132,5.32471710121789,75.035,36.704,73.663,2.88950425770678,0.0851533333333334,1,1
1011010801,2022-09-04,87.775,828.5616,9.43960808886357,24.143,25.332,38.3,4.95079954119155,0.0813097222222222,1,1
1011010101,2022-09-05,285.889,1493.1119,5.22269797019123,89.953,48.508,147.428,3.42884829743627,0.102803,2,0
1011010201,2022-09-05,53.158,674.4252,12.6871816095414,17.708,12.025,23.425,7.58068181818182,0.14142,2,0
1011010402,2022-09-05,60.192,459.9286,7.64102538543328,41.89,9.044,9.258,15.4,0.119747368421053,2,0
1011010501,2022-09-05,10.812,109.3418,10.1130040695523,1.912,1.812,7.088,6.6,0.07122,2,0
1011010504,2022-09-05,117.607,585.4142,4.97771561216594,28.058,24.713,64.836,2.74643549429248,0.0851533333333334,2,0
1011010801,2022-09-05,47.452,405.0084,8.53511759251454,13.303,7.531,26.618,4.71695062084897,0.0813097222222222,2,0
1011010101,2022-09-06,250.203,1416.0133,5.65945772033109,81.661,47.125,121.417,3.72668332309754,0.102803,3,0
1011010201,2022-09-06,39.139,469.8184,12.0038427144281,15.263,9.312,14.564,7.89382470119522,0.14142,3,0
1011010402,2022-09-06,54.584,470.1676,8.61365235233768,32.501,7.677,14.406,14.0925224034083,0.119747368421053,3,0
1011010501,2022-09-06,11.684,109.6372,9.38353303663129,4.969,2.296,4.419,7.8,0.07122,3,0
1011010504,2022-09-06,93.769,572.9438,6.11016220712602,21.505,24.182,48.082,3.12742351640251,0.0851533333333334,3,0
1011010801,2022-09-06,40.62,424.4536,10.4493746922698,14.722,5.229,20.669,5.61382618953991,0.0813097222222222,3,0
1011010101,2022-09-07,260.624,1469.3916,5.637975013813,101.229,37.815,121.58,3.53214285714286,0.102803,4,0
1011010201,2022-09-07,40.007,542.206,13.5527782638038,16.02,7.522,16.465,8.4,0.14142,4,0
1011010402,2022-09-07,59.667,465.346,7.79905140194748,31.977,14.41,13.28,11.4351932286446,0.119747368421053,4,0
1011010501,2022-09-07,12.388,147.2144,11.8836293186955,3.873,1.829,6.686,NaN,0.07122,4,0
1011010504,2022-09-07,69.663,416.5858,5.98001521611185,18.847,18.007,32.809,3.80348525469169,0.0851533333333334,4,0
1011010801,2022-09-07,44.356,458.3575,10.3336076291821,15.56,5.042,23.754,8.67518525741029,0.0813097222222222,4,0
1011010101,2022-09-08,222.246,1362.3548,6.12994069634549,81.292,36.292,104.662,3.59110562075355,0.102803,5,0
1011010201,2022-09-08,42.893,594.6052,13.8625230224046,22.153,6.612,14.128,8.4,0.14142,5,0
1011010402,2022-09-08,46.658,413.267,8.85736636803978,22.25,4.857,19.551,12.8080989544986,0.119747368421053,5,0
1011010501,2022-09-08,7.918,92.7148,11.7093710532963,4.325,1.239,2.354,NaN,0.07122,5,0
1011010504,2022-09-08,91.686,489.1405,5.33495299173265,40.891,19.621,31.174,3.49492733499954,0.0851533333333334,5,0
1011010801,2022-09-08,62.072,532.6012,8.58037762598273,16.132,5.788,40.152,5.78415734391916,0.0813097222222222,5,0
1011010101,2022-09-09,311.923,1773.356,5.68523642052686,102.318,64.566,145.039,3.72525252525253,0.102803,6,0
1011010201,2022-09-09,67.57,945.98,14,22.324,19.003,26.243,NaN,0.14142,6,0
1011010402,2022-09-09,111.848,977.4786,8.73934804377369,50.799,23.92,37.129,8.14718408688755,0.119747368421053,6,0
1011010501,2022-09-09,4.65,50.896,10.945376344086,1.957,2.027,0.666,NaN,0.07122,6,0
1011010504,2022-09-09,180.34,1138.0468,6.31056227126539,49.429,52.322,78.589,4.41860271115746,0.0851533333333334,6,0
1011010801,2022-09-09,106.775,919.4522,8.61111870756263,27.055,12.78,66.94,5.63512041631369,0.0813097222222222,6,0
1011010101,2022-09-10,419.263,2724.6512,6.49866837760546,241.33,85.052,92.881,3.585,0.102803,7,1
1011010201,2022-09-10,72.293,1012.102,14,42.615,12.309,17.369,NaN,0.14142,7,1
1011010402,2022-09-10,155.467,1119.5176,7.20099828259373,103.434,25.801,26.232,NaN,0.119747368421053,7,1
1011010501,2022-09-10,0.491,4.5172,9.2,0,0,0.491,NaN,0.07122,7,1
1011010504,2022-09-10,146.777,951.2634,6.48101133011303,70.364,34.881,41.532,2.1,0.0851533333333334,7,1
1011010801,2022-09-10,114.942,1152.213,10.0242992117764,53.123,22.477,39.342,5.13782124175574,0.0813097222222222,7,1
1011010101,2022-09-11,351.176,2174.328,6.19156206574481,167.368,65.047,118.761,3.84005712245627,0.102803,1,1
1011010201,2022-09-11,63.234,851.8496,13.4713856469621,30.102,13.508,19.624,8.4,0.14142,1,1
1011010402,2022-09-11,97.363,816.7698,8.38891365303041,65.51,17.372,14.481,17.8,0.119747368421053,1,1
1011010501,2022-09-11,6.927,96.978,14,3.975,1.412,1.54,NaN,0.07122,1,1
1011010504,2022-09-11,83.984,644.0863,7.66915483901695,37.878,22.787,23.319,11.9,0.0851533333333334,1,1
1011010801,2022-09-11,92.533,1050.8612,11.3566100742438,35.884,19.332,37.317,6.15043547110056,0.0813097222222222,1,1
1011010101,2022-09-12,315.002,1909.7152,6.06254944413051,129.504,54.238,131.26,3.68453133130157,0.102803,2,0
1011010201,2022-09-12,71.588,971.1856,13.5663183773817,24.36,15.543,31.685,8.4,0.14142,2,0
1011010402,2022-09-12,38.383,389.203,10.1399838470156,15.243,6.978,16.162,13.2011057054401,0.119747368421053,2,0
1011010501,2022-09-12,0,0,NaN,0,0,0,NaN,0.07122,2,0
1011010504,2022-09-12,145.6,910.0822,6.25056456043956,67.366,27.472,50.762,2.3,0.0851533333333334,2,0
1011010801,2022-09-12,98.587,1089.4902,11.0510533843204,46.959,19.856,31.772,4.01428571428571,0.0813097222222222,2,0
1011010101,2022-09-13,216.669,1266.6561,5.84604211954641,55.182,44.446,117.041,3.92440353506964,0.102803,3,0
1011010201,2022-09-13,47.126,587.3752,12.4639307388703,11.156,12.411,23.559,7.41979320531758,0.14142,3,0
1011010402,2022-09-13,25.627,252.5166,9.85353728489484,3.086,8.088,14.453,9.83945051074322,0.119747368421053,3,0
1011010501,2022-09-13,0,0,NaN,0,0,0,NaN,0.07122,3,0
1011010504,2022-09-13,104.849,705.4876,6.72860589991321,25.872,30.754,48.223,2.82277909227791,0.0851533333333334,3,0
1011010801,2022-09-13,68.334,632.5686,9.25701115111072,26.814,7.766,33.754,4.46974335680218,0.0813097222222222,3,0
1011010101,2022-09-14,185.157,1011.2104,5.46136738011525,50.277,39.416,95.464,3.66545454545454,0.102803,4,0
1011010201,2022-09-14,41.841,505.2248,12.0748739274874,13.879,7.572,20.39,9.00376215124353,0.14142,4,0
1011010402,2022-09-14,27.935,202.6268,7.25350993377483,16.287,7.622,4.026,9.88683473389356,0.119747368421053,4,0
1011010501,2022-09-14,0,0,NaN,0,0,0,NaN,0.07122,4,0
1011010504,2022-09-14,70.053,469.0022,6.69496238562231,21.598,13.521,34.934,3.7099730458221,0.0851533333333334,4,0
1011010801,2022-09-14,53.107,482.1533,9.07890296947672,15.839,9.624,27.644,5.39519553072626,0.0813097222222222,4,0
1011010101,2022-09-15,201.569,1055.4448,5.23614643124687,49.125,29.679,122.765,3.51686746987952,0.102803,5,0
1011010201,2022-09-15,27.431,319.3748,11.6428420400277,8.521,5.43,13.48,8.4,0.14142,5,0
1011010402,2022-09-15,29.546,273.6982,9.26346036688553,15.373,2.46,11.713,13.4105140489447,0.119747368421053,5,0
1011010501,2022-09-15,0,0,NaN,0,0,0,NaN,0.07122,5,0
1011010504,2022-09-15,66.529,359.5448,5.40433194546739,33.951,16.261,16.317,11.9,0.0851533333333334,5,0
1011010801,2022-09-15,56.663,456.2685,8.05231809117061,12.922,8.71,35.031,3.40169585108061,0.0813097222222222,5,0
1011010101,2022-09-16,193.806,1066.168,5.50121255275895,59.319,30.299,104.188,3.71959857396384,0.102803,6,0
1011010201,2022-09-16,41.283,456.446,11.0565123658649,12.591,10.261,18.431,6.6,0.14142,6,0
1011010402,2022-09-16,26.977,284.8322,10.5583348778589,9.522,6.289,11.166,8.90070809248555,0.119747368421053,6,0
1011010501,2022-09-16,0,0,NaN,0,0,0,NaN,0.07122,6,0
1011010504,2022-09-16,107.825,625.4736,5.80082170183167,36.59,18.065,53.17,3.6072245498811,0.0851533333333334,6,0
1011010801,2022-09-16,74.425,595.2238,7.99763251595566,16.648,8.538,49.239,4.56676511886893,0.0813097222222222,6,0
1011010101,2022-09-17,359.256,1974.8288,5.49699601398446,153.293,65.794,140.169,3.49350987972022,0.102803,7,1
1011010201,2022-09-17,69.613,773.1366,11.106210046974,26.402,18.257,24.954,6.6,0.14142,7,1
1011010402,2022-09-17,50.024,436.579,8.72739085239085,25.644,2.269,22.111,9.28929014472778,0.119747368421053,7,1
1011010501,2022-09-17,0,0,NaN,0,0,0,NaN,0.07122,7,1
1011010504,2022-09-17,168.436,1119.3328,6.64544871642642,83.833,29.412,55.191,2.81746287556118,0.0851533333333334,7,1
1011010801,2022-09-17,90.05,996.3704,11.0646352026652,48.575,17.647,23.828,7.72253769336205,0.0813097222222222,7,1
1011010101,2022-09-18,377.496,1962.9705,5.19997695339818,153.07,92.292,132.134,3.47736535767414,0.102803,1,1
1011010201,2022-09-18,57.716,668.776,11.587358791323,25.711,13.164,18.841,NaN,0.14142,1,1
1011010402,2022-09-18,58.668,358.5917,6.11221960864526,35.23,7.56,15.878,10.8323929720366,0.119747368421053,1,1
1011010501,2022-09-18,0,0,NaN,0,0,0,NaN,0.07122,1,1
1011010504,2022-09-18,177.806,1036.3175,5.82836068524122,66.327,40.753,70.726,2.72915111740231,0.0851533333333334,1,1
1011010801,2022-09-18,80.373,920.1772,11.4488348077091,36.166,18.931,25.276,8.21280632411067,0.0813097222222222,1,1
1011010101,2022-09-19,212.507,1053.7772,4.95878818109521,79.044,46.826,86.637,3.33631750931871,0.102803,2,0
1011010201,2022-09-19,38.815,442.169,11.3917042380523,17.957,11.779,9.079,6.6,0.14142,2,0
1011010402,2022-09-19,9.274,83.83,9.03924951477248,0.728,4.124,4.422,4.5,0.119747368421053,2,0
1011010501,2022-09-19,0,0,NaN,0,0,0,NaN,0.07122,2,0
1011010504,2022-09-19,45.683,210.7014,4.61224963334282,10,11.48,24.203,2.575,0.0851533333333334,2,0
1011010801,2022-09-19,30.316,302.9322,9.99248581607072,6.738,8.856,14.722,3.07782666921752,0.0813097222222222,2,0
1011010101,2022-09-20,262.543,1196.8922,4.55884255150585,69.002,44.867,148.674,2.97551784139394,0.102803,3,0
1011010201,2022-09-20,42.297,440.849,10.4227013736199,19.027,5.369,17.901,5,0.14142,3,0
1011010402,2022-09-20,14.946,138.0888,9.23918105178643,6.003,4.654,4.289,NaN,0.119747368421053,3,0
1011010501,2022-09-20,0,0,NaN,0,0,0,NaN,0.07122,3,0
1011010504,2022-09-20,67.862,341.1082,5.02649789278241,27.25,14,26.612,2.4,0.0851533333333334,3,0
1011010801,2022-09-20,47.235,510.5666,10.809073780036,11.446,7.956,27.833,4.37086252718048,0.0813097222222222,3,0
1011010101,2022-09-21,213.475,1014.2253,4.7510261154702,65.372,45.513,102.59,3.77527544827857,0.102803,4,0
1011010201,2022-09-21,32.068,344.4064,10.7398777597605,12.951,6.768,12.349,NaN,0.14142,4,0
1011010402,2022-09-21,18.429,250.3084,13.5823104889034,9.882,2.7,5.847,13.4286266924565,0.119747368421053,4,0
1011010501,2022-09-21,0,0,NaN,0,0,0,NaN,0.07122,4,0
1011010504,2022-09-21,86.458,518.1682,5.99329385366305,20.959,22.32,43.179,3.04,0.0851533333333334,4,0
1011010801,2022-09-21,46.791,445.888,9.5293539355859,13.728,6.53,26.533,5.23383934218849,0.0813097222222222,4,0
1011010101,2022-09-22,226.528,1002.3548,4.42486050289589,75.931,31.204,119.393,2.74773323902664,0.102803,5,0
1011010201,2022-09-22,50.388,517.8931,10.2781039136302,20.576,11.199,18.613,5.85904887714663,0.14142,5,0
1011010402,2022-09-22,20.182,215.6068,10.6831235754633,5.78,4,10.402,13.2581993569132,0.119747368421053,5,0
1011010501,2022-09-22,0,0,NaN,0,0,0,NaN,0.07122,5,0
1011010504,2022-09-22,73.801,453.346,6.14281649300145,25.94,17.32,30.541,3.075,0.0851533333333334,5,0
1011010801,2022-09-22,50.943,521.3978,10.2349253086783,16.928,11.127,22.888,7.37661239162613,0.0813097222222222,5,0
1011010101,2022-09-23,243.19,1090.289,4.48328056252313,70.237,38.955,133.998,3.27331177477649,0.102803,6,0
1011010201,2022-09-23,65.003,607.6909,9.34865929264803,16.881,8.293,39.829,5.70257794247966,0.14142,6,0
1011010402,2022-09-23,30.662,292.5312,9.5405126867132,9.688,6.646,14.328,6.5,0.119747368421053,6,0
1011010501,2022-09-23,0,0,NaN,0,0,0,NaN,0.07122,6,0
1011010504,2022-09-23,87.3,564.2708,6.46358304696449,27.158,11.369,48.773,2.90941730429665,0.0851533333333334,6,0
1011010801,2022-09-23,87.179,689.4262,7.90816825152847,20.63,14.368,52.181,4.77757051659347,0.0813097222222222,6,0
1011010101,2022-09-24,345.852,1700.3086,4.91628962677677,142.742,82.033,121.077,2.95681261725333,0.102803,7,1
1011010201,2022-09-24,75.743,750.887,9.91361577967601,27.029,22.161,26.553,5.65603435934145,0.14142,7,1
1011010402,2022-09-24,49.291,495.4082,10.0506826804082,28.898,7.463,12.93,5.60680686220255,0.119747368421053,7,1
1011010501,2022-09-24,0,0,NaN,0,0,0,NaN,0.07122,7,1
1011010504,2022-09-24,193.743,1260.3078,6.50504947275514,78.757,51.991,62.995,3.15510204081633,0.0851533333333334,7,1
1011010801,2022-09-24,101.607,791.0069,7.78496461857943,37.008,24.696,39.903,8.64643533752119,0.0813097222222222,7,1
1011010101,2022-09-25,320.644,1379.648,4.30274073427228,132.608,71.771,116.265,2.71114765521566,0.102803,1,1
1011010201,2022-09-25,55.324,572.498,10.3480948593739,29.324,9.898,16.102,4.6,0.14142,1,1
1011010402,2022-09-25,14.038,213.4321,15.2038823194187,9.35,1.731,2.957,11.2796296296296,0.119747368421053,1,1
1011010501,2022-09-25,0,0,NaN,0,0,0,NaN,0.07122,1,1
1011010504,2022-09-25,132.468,821.0926,6.19842226047045,72.321,25.714,34.433,3.70759985860728,0.0851533333333334,1,1
1011010801,2022-09-25,118.404,1031.2088,8.70923955271781,39.801,30.359,48.244,4.86507304116866,0.0813097222222222,1,1
1011010101,2022-09-26,196.445,893.2804,4.54722899539311,61.34,40.561,94.544,2.94632643797419,0.102803,2,0
1011010201,2022-09-26,30.76,317.4007,10.3186183355006,11.595,5.992,13.173,5.5,0.14142,2,0
1011010402,2022-09-26,34.863,351.9594,10.0954995267189,15.794,5.746,13.323,17.8,0.119747368421053,2,0
1011010501,2022-09-26,0,0,NaN,0,0,0,NaN,0.07122,2,0
1011010504,2022-09-26,59.178,399.3745,6.74869884078543,20.999,15.17,23.009,3.29851356373096,0.0851533333333334,2,0
1011010801,2022-09-26,58.142,508.3852,8.7438547005607,18.521,9.79,29.831,9.15486470926886,0.0813097222222222,2,0
1011010101,2022-09-27,158.187,689.4802,4.35864009052577,55.566,33.721,68.9,3.34648773597021,0.102803,3,0
1011010201,2022-09-27,29.389,261.1885,8.8872877607268,13.802,6.017,9.57,5.5,0.14142,3,0
1011010402,2022-09-27,35.665,292.5142,8.20171596803589,14.698,8.872,12.095,17.8,0.119747368421053,3,0
1011010501,2022-09-27,0,0,NaN,0,0,0,NaN,0.07122,3,0
1011010504,2022-09-27,63.594,408.798,6.42824794791961,21.536,14.761,27.297,3.38643334644121,0.0851533333333334,3,0
1011010801,2022-09-27,37.499,323.7912,8.6346622576602,11.37,9.402,16.727,5.9803842264914,0.0813097222222222,3,0
1011010101,2022-09-28,142.124,588.2332,4.13887309673243,47.853,29.537,64.734,2.25897435897436,0.102803,4,0
1011010201,2022-09-28,32.625,329.3771,10.0958498084291,12.425,8.851,11.349,4.99485915492958,0.14142,4,0
1011010402,2022-09-28,62.641,442.7338,7.06779585255663,30.969,20.895,10.777,4.5,0.119747368421053,4,0
1011010501,2022-09-28,0,0,NaN,0,0,0,NaN,0.07122,4,0
1011010504,2022-09-28,77.96,515.8229,6.61650718317086,31.662,21.958,24.34,3.16867308395272,0.0851533333333334,4,0
1011010801,2022-09-28,53.384,457.2556,8.56540536490334,8.374,11.852,33.158,5.46950111088669,0.0813097222222222,4,0
1011010101,2022-09-29,175.757,688.9396,3.9198415994811,57.197,31.669,86.891,2.21724137931034,0.102803,5,0
1011010201,2022-09-29,31.877,284.048,8.91075069799542,13.188,7.173,11.516,5.11473472128946,0.14142,5,0
1011010402,2022-09-29,43.663,391.8551,8.97453450289719,19.467,8.45,15.746,14.4692771084337,0.119747368421053,5,0
1011010501,2022-09-29,0,0,NaN,0,0,0,NaN,0.07122,5,0
1011010504,2022-09-29,84.368,471.7934,5.59208941778873,33.092,16.196,35.08,2.61111111111111,0.0851533333333334,5,0
1011010801,2022-09-29,44.333,333.297,7.51803397018023,10.547,9.879,23.907,3.51560500029906,0.0813097222222222,5,0
1011010101,2022-09-30,200.098,863.7442,4.31660586312707,84.901,41.981,73.216,2.16666666666667,0.102803,6,0
1011010201,2022-09-30,53.33,477.5613,8.95483405212826,16.161,11.872,25.297,5.15269684645643,0.14142,6,0
1011010402,2022-09-30,70.235,553.0966,7.87494269238984,39.99,12.413,17.832,9.10629420718059,0.119747368421053,6,0
1011010501,2022-09-30,0,0,NaN,0,0,0,NaN,0.07122,6,0
1011010504,2022-09-30,107.477,631.245,5.87330312531984,40.376,28.812,38.289,2.96605767778952,0.0851533333333334,6,0
1011010801,2022-09-30,53.895,435.2726,8.07630763521662,18.396,9.96,25.539,3.42875187969925,0.0813097222222222,6,0
1011010101,2022-10-01,318.485,1372.6009,4.30978193635493,145.89,71.927,100.668,2.4001899810019,0.102803,7,1
1011010201,2022-10-01,76.799,763.2776,9.9386398260394,29.135,21.239,26.425,5.5,0.14142,7,1
1011010402,2022-10-01,102.731,766.3892,7.4601551625118,65.783,19.137,17.811,9.33333333333333,0.119747368421053,7,1
1011010501,2022-10-01,0,0,NaN,0,0,0,NaN,0.07122,7,1
1011010504,2022-10-01,169.374,1052.366,6.21326767980918,80.779,47.712,40.883,2.45555555555556,0.0851533333333334,7,1
1011010801,2022-10-01,122.01,865.7402,7.0956495369232,44.468,23.755,53.787,3.85920659105017,0.0813097222222222,7,1
1011010101,2022-10-02,253.861,1199.859,4.72644084755043,156.451,44.482,52.928,2.32893949850472,0.102803,1,1
1011010201,2022-10-02,61.869,603.1703,9.74915224102539,22.236,15.814,23.819,6.03762235104058,0.14142,1,1
1011010402,2022-10-02,81.611,700.1124,8.5786523875458,48.466,14.255,18.89,11.1333333333333,0.119747368421053,1,1
1011010501,2022-10-02,0,0,NaN,0,0,0,NaN,0.07122,1,1
1011010504,2022-10-02,178.918,1069.9759,5.98025855419801,85.245,30.695,62.978,3.00962870105062,0.0851533333333334,1,1
1011010801,2022-10-02,91.23,767.817,8.4162775402828,27.832,12.87,50.528,2.48888888888889,0.0813097222222222,1,1
1011010101,2022-10-03,253.67,1111.7917,4.38282690109197,141.209,63.728,48.733,2.5088145180297,0.102803,2,0
1011010201,2022-10-03,59.161,532.7191,9.00456550768243,18.14,13.178,27.843,5.58039808068242,0.14142,2,0
1011010402,2022-10-03,93.09,730.5584,7.84787195187453,44.585,24.728,23.777,8.9,0.119747368421053,2,0
1011010501,2022-10-03,0,0,NaN,0,0,0,NaN,0.07122,2,0
1011010504,2022-10-03,117.323,786.0075,6.69951757114973,54.648,35.08,27.595,3.63999279192696,0.0851533333333334,2,0
1011010801,2022-10-03,82.006,658.1608,8.02576396849011,18.207,22.723,41.076,1.8,0.0813097222222222,2,0
1011010101,2022-10-04,328.918,1582.7668,4.81204069099289,146.216,121.841,60.861,4.1,0.102803,3,0
1011010201,2022-10-04,49.869,526.8417,10.5645130241232,22.124,13.661,14.084,4.53161703311996,0.14142,3,0
1011010402,2022-10-04,104.984,853.3291,8.12818238969748,50.295,30.708,23.981,8.79802113916618,0.119747368421053,3,0
1011010501,2022-10-04,0,0,NaN,0,0,0,NaN,0.07122,3,0
1011010504,2022-10-04,115.099,851.41,7.39719719545782,55.241,31.538,28.32,2,0.0851533333333334,3,0
1011010801,2022-10-04,117.054,1032.6342,8.82186170485417,49.642,35.255,32.157,3.06645569620253,0.0813097222222222,3,0
1011010101,2022-10-05,373.666,1752.4306,4.68983156080564,245.402,97.027,31.237,NaN,0.102803,4,0
1011010201,2022-10-05,40.769,482.9232,11.8453530869043,17.9,9.926,12.943,4.6,0.14142,4,0
1011010402,2022-10-05,118.421,979.7786,8.27368963275095,73.073,27.488,17.86,8.80648191639268,0.119747368421053,4,0
1011010501,2022-10-05,0,0,NaN,0,0,0,NaN,0.07122,4,0
1011010504,2022-10-05,162.721,994.2322,6.11004234241432,74.468,43.822,44.431,NaN,0.0851533333333334,4,0
1011010801,2022-10-05,87.935,841.1554,9.56564962756582,52.454,23.226,12.255,2.65065176908752,0.0813097222222222,4,0
1011010101,2022-10-06,353.217,1476.3984,4.17986223766127,239.251,74.095,39.871,NaN,0.102803,5,0
1011010201,2022-10-06,71.588,761.2072,10.6331675699838,29.084,22.792,19.712,NaN,0.14142,5,0
1011010402,2022-10-06,132.357,1154.9626,8.72611648798326,66.71,35.077,30.57,8.76666666666667,0.119747368421053,5,0
1011010501,2022-10-06,0,0,NaN,0,0,0,NaN,0.07122,5,0
1011010504,2022-10-06,208.677,1228.9714,5.88934765211307,69.196,45.787,93.694,3.23333333333333,0.0851533333333334,5,0
1011010801,2022-10-06,184.89,1535.1174,8.30286873276002,103.73,57.205,23.955,NaN,0.0813097222222222,5,0
1011010101,2022-10-07,470.332,2050.1075,4.3588518323227,223.443,156.426,90.463,1.79152592374069,0.102803,6,0
1011010201,2022-10-07,87.818,833.5187,9.49143341911681,38.648,23.594,25.576,6.01992140266022,0.14142,6,0
1011010402,2022-10-07,110.302,928.4508,8.41735235988468,54.415,30.919,24.968,10.2587481249148,0.119747368421053,6,0
1011010501,2022-10-07,0,0,NaN,0,0,0,NaN,0.07122,6,0
1011010504,2022-10-07,170.183,1101.6856,6.47353495942603,77.383,43.624,49.176,NaN,0.0851533333333334,6,0
1011010801,2022-10-07,154.165,1191.0013,7.72549735672818,84.643,35.711,33.811,6.03885621875919,0.0813097222222222,6,0
1011010101,2022-10-08,360.779,1455.6582,4.03476421853822,102.732,117.381,140.666,2.27735849056604,0.102803,7,1
1011010201,2022-10-08,37.814,356.9464,9.43953033268102,10.804,14.483,12.527,5.5,0.14142,7,1
1011010402,2022-10-08,81.908,607.3938,7.41556136152757,35.735,29.5,16.673,8.95145051194539,0.119747368421053,7,1
1011010501,2022-10-08,0,0,NaN,0,0,0,NaN,0.07122,7,1
1011010504,2022-10-08,114.629,712.9151,6.219325825053,34.383,34.1,46.146,3.1357016271951,0.0851533333333334,7,1
1011010801,2022-10-08,108.094,763.4728,7.06304512738912,34.362,38.817,34.915,7.75513320889191,0.0813097222222222,7,1
1011010101,2022-10-09,342.075,1389.7198,4.06261726229628,100.495,67.404,174.176,2.45675675675676,0.102803,1,1
1011010201,2022-10-09,53.058,467.202,8.80549587244148,15.531,16.429,21.098,5.5,0.14142,1,1
1011010402,2022-10-09,66.479,564.835,8.49644248559696,31.43,15.547,19.502,12.383355490561,0.119747368421053,1,1
1011010501,2022-10-09,0,0,NaN,0,0,0,NaN,0.07122,1,1
1011010504,2022-10-09,110.966,682.8895,6.15404267973974,30.26,32.152,48.554,3.63493827918688,0.0851533333333334,1,1
1011010801,2022-10-09,121.547,913.9244,7.51910289846726,50.851,28.358,42.338,8.96739853626081,0.0813097222222222,1,1
1011010101,2022-10-10,288.07,1199.6836,4.16455583712292,70.276,89.428,128.366,2.47857889237199,0.102803,2,0
1011010201,2022-10-10,47.046,432.9513,9.20272286698125,14.133,12.054,20.859,5.5,0.14142,2,0
1011010402,2022-10-10,46.834,351.5464,7.5062219754879,27.292,11.914,7.628,9.9,0.119747368421053,2,0
1011010501,2022-10-10,0,0,NaN,0,0,0,NaN,0.07122,2,0
1011010504,2022-10-10,134.737,730.2017,5.41945939125852,36.623,33.649,64.465,3.00020053938179,0.0851533333333334,2,0
1011010801,2022-10-10,103.327,720.1328,6.96945425687381,30.944,19.246,53.137,3.77332726445152,0.0813097222222222,2,0
1011010101,2022-10-11,244.759,918.1318,3.75116665781442,64.206,48.203,132.35,2.19885057471264,0.102803,3,0
1011010201,2022-10-11,29.66,300.4863,10.131028320971,11.369,4.38,13.911,5.27051223934723,0.14142,3,0
1011010402,2022-10-11,51.596,357.0864,6.92081556709822,23.22,10.305,18.071,9.9,0.119747368421053,3,0
1011010501,2022-10-11,0,0,NaN,0,0,0,NaN,0.07122,3,0
1011010504,2022-10-11,119.426,640.2038,5.36067355517224,28.539,32.326,58.561,2.95988177846312,0.0851533333333334,3,0
1011010801,2022-10-11,89.443,557.7182,6.23545945462473,24.315,18.518,46.61,3.69435418359058,0.0813097222222222,3,0
1011010101,2022-10-12,240.312,920.9144,3.83216152335297,60.016,45.429,134.867,2.24920634920635,0.102803,4,0
1011010201,2022-10-12,29.309,297.42,10.1477361902487,9.031,5.665,14.613,5.5,0.14142,4,0
1011010402,2022-10-12,39.206,306.2788,7.81203897362649,22.632,1.721,14.853,9.46946027489105,0.119747368421053,4,0
1011010501,2022-10-12,0,0,NaN,0,0,0,NaN,0.07122,4,0
1011010504,2022-10-12,123.317,646.4619,5.24227722049677,19.565,28.488,75.264,3.18879250862494,0.0851533333333334,4,0
1011010801,2022-10-12,82.773,548.1518,6.62235028330494,27.323,11.8,43.65,2.74412532637076,0.0813097222222222,4,0
1011010101,2022-10-13,152.506,640.5705,4.20029703749361,58.223,45.861,48.422,2.49393532290567,0.102803,5,0
1011010201,2022-10-13,30.605,315.7141,10.3157686652508,14.26,7.457,8.888,4.85216558068225,0.14142,5,0
1011010402,2022-10-13,61.838,492.0706,7.95741453475209,37.263,11.994,12.581,13.7236276849642,0.119747368421053,5,0
1011010501,2022-10-13,0,0,NaN,0,0,0,NaN,0.07122,5,0
1011010504,2022-10-13,84.845,468.0356,5.5163604219459,23.012,26.182,35.651,2.86604407919313,0.0851533333333334,5,0
1011010801,2022-10-13,70.046,501.5954,7.16094280901122,21.816,16.248,31.982,3.9,0.0813097222222222,5,0
1011010101,2022-10-14,135.637,426.5692,3.14493242994168,0.386,0,135.251,2.06962025316456,0.102803,6,0
1011010201,2022-10-14,11.595,115.9248,9.99782664941785,0.41,0,11.185,5.5,0.14142,6,0
1011010402,2022-10-14,13.046,142.604,10.9308600337268,0,0,13.046,12.6966408268734,0.119747368421053,6,0
1011010501,2022-10-14,0,0,NaN,0,0,0,NaN,0.07122,6,0
1011010504,2022-10-14,49.262,292.4712,5.93705493077829,0,0,49.262,2.625,0.0851533333333334,6,0
1011010801,2022-10-14,65.579,407.415,6.21258329648211,1,0,64.579,5.11299601711167,0.0813097222222222,6,0
1011010101,2022-10-15,377.256,1539.7934,4.08156106198444,156.903,64.625,155.728,2.23825024688197,0.102803,7,1
1011010201,2022-10-15,60.965,644.794,10.5764619043714,22.291,15.522,23.152,4.6,0.14142,7,1
1011010402,2022-10-15,101.798,701.7256,6.8933142104953,46.885,21.745,33.168,8.76666666666667,0.119747368421053,7,1
1011010501,2022-10-15,12.033,121.371,10.0865120917477,5.251,1.646,5.136,NaN,0.07122,7,1
1011010504,2022-10-15,204.274,1156.8456,5.66320530268169,76.17,36.1,92.004,3.11769064174171,0.0851533333333334,7,1
1011010801,2022-10-15,223.125,1224.3402,5.48723899159664,73.974,58.493,90.658,3.99623285925473,0.0813097222222222,7,1
1011010101,2022-10-16,367.681,1506.0988,4.09621057383982,134.012,102.026,131.643,2.93076766668515,0.102803,1,1
1011010201,2022-10-16,62.74,621.2737,9.9023541600255,19.228,16.128,27.384,4.0883091080205,0.14142,1,1
1011010402,2022-10-16,86.333,574.4729,6.65415194653261,45.954,25.427,14.952,9.00563204005006,0.119747368421053,1,1
1011010501,2022-10-16,2.55,25.5,10,1.104,0.432,1.014,NaN,0.07122,1,1
1011010504,2022-10-16,178.909,997.467,5.57527569881895,58.262,52.086,68.561,2.62083333333333,0.0851533333333334,1,1
1011010801,2022-10-16,209.72,1247.3768,5.94781995041007,68.529,50.177,91.014,4.43052409901856,0.0813097222222222,1,1
1011010101,2022-10-17,247.302,904.474,3.65736629707807,76.052,49.547,121.703,2.2631093544137,0.102803,2,0
1011010201,2022-10-17,35.261,343.5816,9.74395507784805,10.201,7.976,17.084,4.6,0.14142,2,0
1011010402,2022-10-17,38.615,301.3024,7.80272950925806,27.851,5.686,5.078,10.858362369338,0.119747368421053,2,0
1011010501,2022-10-17,5.762,57.62,10,1.827,2.419,1.516,NaN,0.07122,2,0
1011010504,2022-10-17,111.662,625.6062,5.60267772384518,27.398,28.455,55.809,2.76842105263158,0.0851533333333334,2,0
1011010801,2022-10-17,104.537,652.343,6.24030725963056,31.734,16.207,56.596,4.20089285714286,0.0813097222222222,2,0
1011010101,2022-10-18,273.91,1070.6236,3.90866927092841,52.34,41.098,180.472,2.23538286115253,0.102803,3,0
1011010201,2022-10-18,56.159,537.5874,9.57259566587724,19.65,14.432,22.077,4.78561102326632,0.14142,3,0
1011010402,2022-10-18,41.022,298.442,7.27516942128614,21.757,14.644,4.621,9.57292046144505,0.119747368421053,3,0
1011010501,2022-10-18,7.187,59.1,8.22318074300821,1.458,1.747,3.982,NaN,0.07122,3,0
1011010504,2022-10-18,155.233,788.345,5.0784626980088,43.682,29.899,81.652,2.65261252846051,0.0851533333333334,3,0
1011010801,2022-10-18,156.31,937.657,5.9987012987013,36.591,31.797,87.922,3.61612960028174,0.0813097222222222,3,0
1011010101,2022-10-19,225.807,849.1465,3.76049679593635,64.361,40.168,121.278,2.33541824634992,0.102803,4,0
1011010201,2022-10-19,33.063,347.933,10.523334240692,12.612,7.137,13.314,3.7,0.14142,4,0
1011010402,2022-10-19,38.515,259.084,6.72683370115539,19.253,10.682,8.58,6.5,0.119747368421053,4,0
1011010501,2022-10-19,13.004,104.032,8,5.704,1.294,6.006,NaN,0.07122,4,0
1011010504,2022-10-19,96.132,491.1184,5.10879207756002,30.271,20.213,45.648,2.56538461538462,0.0851533333333334,4,0
1011010801,2022-10-19,105.856,633.408,5.98367593712213,29.84,22.991,53.025,2.57647058823529,0.0813097222222222,4,0
1011010101,2022-10-20,242.853,868.2706,3.57529287264312,72.053,37.601,133.199,2.27171786747486,0.102803,5,0
1011010201,2022-10-20,30.363,335.2528,11.0414912887396,11.865,8.075,10.423,NaN,0.14142,5,0
1011010402,2022-10-20,52.368,391.8608,7.48282920867705,33.525,11,7.843,9.9,0.119747368421053,5,0
1011010501,2022-10-20,4.701,37.608,8,2.099,1.295,1.307,NaN,0.07122,5,0
1011010504,2022-10-20,105.947,512.9576,4.84164346324105,28.853,27.625,49.469,2.63846153846154,0.0851533333333334,5,0
1011010801,2022-10-20,88.041,546.431,6.20655149305437,19.005,17.743,51.293,3.90567063556788,0.0813097222222222,5,0
1011010101,2022-10-21,613.973,2548.446,4.15074604257842,492.745,17.228,104,NaN,0.102803,6,0
1011010201,2022-10-21,95.213,1025.7456,10.7731675296441,94.452,0.761,0,NaN,0.14142,6,0
1011010402,2022-10-21,98.057,903.3832,9.21283743128997,81.218,7.69,9.149,9.9,0.119747368421053,6,0
1011010501,2022-10-21,38.486,384.056,9.97910928649379,19.086,11.999,7.401,NaN,0.07122,6,0
1011010504,2022-10-21,399.685,2565.1578,6.41794863454971,243.341,84.372,71.972,2.7,0.0851533333333334,6,0
1011010801,2022-10-21,289.383,1958.1246,6.76655021200278,181.684,74.155,33.544,2,0.0813097222222222,6,0
1011010101,2022-10-22,299.448,1188.7245,3.96971928348161,166.614,55.678,77.156,2.0710570907195,0.102803,7,1
1011010201,2022-10-22,56.496,586.1904,10.3757858963466,23.719,12.185,20.592,NaN,0.14142,7,1
1011010402,2022-10-22,77.747,525.8072,6.7630545230041,42.423,24.287,11.037,9.9,0.119747368421053,7,1
1011010501,2022-10-22,7.952,79.52,10,3.434,2.982,1.536,NaN,0.07122,7,1
1011010504,2022-10-22,155.908,804.1622,5.15792775226416,51.227,44.473,60.208,NaN,0.0851533333333334,7,1
1011010801,2022-10-22,157.648,1218.338,7.72821729422511,41.754,31.728,84.166,4.78685350788237,0.0813097222222222,7,1
1011010101,2022-10-23,242.892,957.4434,3.94184822884245,94.458,45.442,102.992,2.14047619047619,0.102803,1,1
1011010201,2022-10-23,38.944,414.522,10.6440529991783,15.306,9.634,14.004,5.5,0.14142,1,1
1011010402,2022-10-23,61.265,417.484,6.81439647433282,34.666,17.376,9.223,9.9,0.119747368421053,1,1
1011010501,2022-10-23,14.581,145.81,10,8.625,2.411,3.545,NaN,0.07122,1,1
1011010504,2022-10-23,138.434,812.8202,5.87153589436121,61.583,29.144,47.707,NaN,0.0851533333333334,1,1
1011010801,2022-10-23,152.181,832.673,5.47159632279982,63.429,22.179,66.573,3.67945205479452,0.0813097222222222,1,1
1011010101,2022-10-24,199.326,745.5516,3.74036302338882,55.856,41.705,101.765,1.95277777777778,0.102803,2,0
1011010201,2022-10-24,30.369,294.623,9.70143896736804,10.346,6.45,13.573,5.77865903515944,0.14142,2,0
1011010402,2022-10-24,37.236,262.4278,7.04769040713288,14.585,13.401,9.25,12.3806894186246,0.119747368421053,2,0
1011010501,2022-10-24,3.223,32.23,10,0.653,0.592,1.978,NaN,0.07122,2,0
1011010504,2022-10-24,73.345,375.7242,5.12269684368396,15.355,24.904,33.086,2.91666666666667,0.0851533333333334,2,0
1011010801,2022-10-24,85.05,444.201,5.22282186948854,17.477,26.505,41.068,4.44361304115446,0.0813097222222222,2,0
1011010101,2022-10-25,217.397,812.7172,3.73840117388924,66.819,42.196,108.382,2.12435170401365,0.102803,3,0
1011010201,2022-10-25,36.506,375.1738,10.2770448693365,12.382,8.443,15.681,5.5,0.14142,3,0
1011010402,2022-10-25,36.981,305.911,8.27211270652497,23.469,10.788,2.724,10.97691089679,0.119747368421053,3,0
1011010501,2022-10-25,4.156,41.56,10,1.104,1.265,1.787,NaN,0.07122,3,0
1011010504,2022-10-25,125.16,551.6129,4.4072619047619,42.365,28.612,54.183,2.79893567505508,0.0851533333333334,3,0
1011010801,2022-10-25,89.459,480.687,5.37326596541432,25.131,19.178,45.15,3.73009031198686,0.0813097222222222,3,0
1011010101,2022-10-26,226.633,807.9788,3.56514188136767,62.361,41.977,122.295,2.33541971336648,0.102803,4,0
1011010201,2022-10-26,38.152,348.533,9.13537953449361,9.242,11.995,16.915,5.6982239942008,0.14142,4,0
1011010402,2022-10-26,35.475,270.058,7.61262861169838,14.098,9.937,11.44,9.07324749642346,0.119747368421053,4,0
1011010501,2022-10-26,4.56,36.48,8,0,1.947,2.613,NaN,0.07122,4,0
1011010504,2022-10-26,117.386,571.6953,4.87021706165982,26.742,22.278,68.366,3.23899592394744,0.0851533333333334,4,0
1011010801,2022-10-26,104.795,497.446,4.74684860918937,20.259,27.698,56.838,3.43534700925954,0.0813097222222222,4,0
1011010101,2022-10-27,209,729.427,3.49008133971292,49.63,39.603,119.767,2.25296134069701,0.102803,5,0
1011010201,2022-10-27,31.661,274.6546,8.67485550045797,11.334,5.998,14.329,3.4490252293578,0.14142,5,0
1011010402,2022-10-27,35.991,283.948,7.88941679864411,16.96,12.008,7.023,14.8,0.119747368421053,5,0
1011010501,2022-10-27,2.299,18.392,8,0,0,2.299,NaN,0.07122,5,0
1011010504,2022-10-27,114.668,535.159,4.66703003453448,31.287,28.535,54.846,3.03355780022447,0.0851533333333334,5,0
1011010801,2022-10-27,116.582,666.39,5.71606251393869,25.014,36.163,55.405,3.54107684005148,0.0813097222222222,5,0
1011010101,2022-10-28,229.524,842.3097,3.66981100015685,46.094,49.854,133.576,2.49783079531908,0.102803,6,0
1011010201,2022-10-28,40.855,344.5014,8.43229470077102,10.06,14.211,16.584,2.1,0.14142,6,0
1011010402,2022-10-28,63.12,507.1256,8.034309252218,29.305,15.305,18.51,9.08403449176901,0.119747368421053,6,0
1011010501,2022-10-28,11.885,95.08,8,7.953,0.515,3.417,NaN,0.07122,6,0
1011010504,2022-10-28,136.101,681.5889,5.00796393854564,30.226,36.386,69.489,3.25221776105719,0.0851533333333334,6,0
1011010801,2022-10-28,164.567,814.638,4.95019049991797,31.632,48.152,84.783,3.52330257866099,0.0813097222222222,6,0
1011010101,2022-10-29,368.131,1368.4806,3.7173739782849,123.82,90.678,153.633,2.23037974683544,0.102803,7,1
1011010201,2022-10-29,64.488,572.235,8.87351135094901,28.882,17.389,18.217,NaN,0.14142,7,1
1011010402,2022-10-29,98.462,748.094,7.59779407284029,51.906,24.916,21.64,9.72904701055888,0.119747368421053,7,1
1011010501,2022-10-29,11.396,91.168,8,5.453,1.231,4.712,NaN,0.07122,7,1
1011010504,2022-10-29,167.485,808.4482,4.82698868555393,57.002,42.188,68.295,2.7985198702352,0.0851533333333334,7,1
1011010801,2022-10-29,248.053,1318.111,5.31382809318976,89.324,72.519,86.21,2.99217150860057,0.0813097222222222,7,1
1011010101,2022-10-30,221.196,1061.6493,4.79958633971681,92.216,63.512,65.468,2.13594731952566,0.102803,1,1
1011010201,2022-10-30,76.791,626.6172,8.16003437902879,34.217,20.532,22.042,NaN,0.14142,1,1
1011010402,2022-10-30,67.588,478.598,7.08110907261644,31.456,24.549,11.583,9.85962521294719,0.119747368421053,1,1
1011010501,2022-10-30,10.805,75.635,7,6.38,2.859,1.566,NaN,0.07122,1,1
1011010504,2022-10-30,203.145,965.0404,4.7505003815009,73.05,47.062,83.033,2.63693482090429,0.0851533333333334,1,1
1011010801,2022-10-30,197.429,1053.016,5.33364399353692,69.516,63.597,64.316,3.61111111111111,0.0813097222222222,1,1
1011010101,2022-10-31,85.398,494.393,5.78928077940936,35.978,22.474,26.946,NaN,0.102803,2,0
1011010201,2022-10-31,47.777,349.751,7.32048893819202,14.437,8.666,24.674,NaN,0.14142,2,0
1011010402,2022-10-31,32.213,214.7248,6.66578089591159,11.903,14.115,6.195,6.5,0.119747368421053,2,0
1011010501,2022-10-31,3.319,23.233,7,1.322,1.738,0.259,NaN,0.07122,2,0
1011010504,2022-10-31,83.714,411.5556,4.91620995293499,25.237,23.116,35.361,2.48181818181818,0.0851533333333334,2,0
1011010801,2022-10-31,61.844,362.514,5.86174891662894,22.053,13.825,25.966,4.49731182795699,0.0813097222222222,2,0
1011010101,2022-11-01,96.786,499.346,5.15927923460004,34.423,27.03,35.333,7.58695652173913,0.102803,3,0
1011010201,2022-11-01,39.603,316.9736,8.00377749160417,11.11,13.385,15.108,3.5,0.14142,3,0
1011010402,2022-11-01,29.485,232.3244,7.87940986942513,14.89,4.481,10.114,9.97301541145682,0.119747368421053,3,0
1011010501,2022-11-01,3.305,23.135,7,1.322,0.661,1.322,NaN,0.07122,3,0
1011010504,2022-11-01,101.963,426.6304,4.18416876710179,32.575,11.086,58.302,2.271875,0.0851533333333334,3,0
1011010801,2022-11-01,96.659,457.801,4.73624804725892,17.115,23.513,56.031,2.63210960490135,0.0813097222222222,3,0
1011010101,2022-11-03,83.973,450.6502,5.3666083145773,30.721,22.663,30.589,2.5,0.102803,5,0
1011010201,2022-11-03,63.801,440.0036,6.89650005485808,23.02,13.904,26.877,NaN,0.14142,5,0
1011010402,2022-11-03,13.926,121.1152,8.69705586672411,3.926,6,4,6.5,0.119747368421053,5,0
1011010501,2022-11-03,4.012,24.072,6,0.806,1.646,1.56,NaN,0.07122,5,0
1011010504,2022-11-03,129.249,568.2546,4.39658798133835,39.144,34.144,55.961,2.97504408595128,0.0851533333333334,5,0
1011010801,2022-11-03,120.855,705.783,5.83991560134045,27.251,23.829,69.775,4.4927038142994,0.0813097222222222,5,0
1011010101,2022-11-05,190.421,923.401,4.84926032317864,80.424,49.68,60.317,3.4,0.102803,7,1
1011010201,2022-11-05,73.537,515.7019,7.01282211675755,29.624,20.829,23.084,3.5,0.14142,7,1
1011010402,2022-11-05,74.216,578.5548,7.79555351945672,42.28,19.882,12.054,14.8,0.119747368421053,7,1
1011010501,2022-11-05,9.816,58.896,6,4.294,1.897,3.625,NaN,0.07122,7,1
1011010504,2022-11-05,158.362,702.2452,4.4344299768884,62.626,36.647,59.089,2.12964853074327,0.0851533333333334,7,1
1011010801,2022-11-05,176.843,989.375,5.59465175325006,77.042,41.409,58.392,4.74676384205374,0.0813097222222222,7,1
1011010101,2022-11-06,162.064,726.2628,4.48133330042452,76.11,42.604,43.35,NaN,0.102803,1,1
1011010201,2022-11-06,75.888,519.408,6.84440227703985,36.404,25.27,14.214,NaN,0.14142,1,1
1011010402,2022-11-06,60.306,400.9944,6.64932842503233,33.531,13.959,12.816,9.26666666666667,0.119747368421053,1,1
1011010501,2022-11-06,4.647,27.882,6,2.953,0.889,0.805,NaN,0.07122,1,1
1011010504,2022-11-06,135.245,584.8703,4.3245243816777,54.14,39.35,41.755,2.3652825519043,0.0851533333333334,1,1
1011010801,2022-11-06,165.482,951.641,5.7507221329208,70.452,30.125,64.905,3.64125847295051,0.0813097222222222,1,1
1011010101,2022-11-07,102.677,441.9412,4.30418886410783,43.266,26.387,33.024,NaN,0.102803,2,0
1011010201,2022-11-07,47.225,298.7728,6.32658125992589,16.978,7.493,22.754,NaN,0.14142,2,0
1011010402,2022-11-07,22.799,174.5904,7.65780955305057,8.772,9.502,4.525,NaN,0.119747368421053,2,0
1011010501,2022-11-07,3.256,19.536,6,0.638,0.688,1.93,NaN,0.07122,2,0
1011010504,2022-11-07,108.169,444.1212,4.10580850336048,34.236,25.912,48.021,2.3,0.0851533333333334,2,0
1011010801,2022-11-07,86,523.076,6.08227906976744,25.044,20.251,40.705,4.11021595613741,0.0813097222222222,2,0
1011010101,2022-11-08,96.371,400.1634,4.15232175654502,37.701,26.791,31.879,NaN,0.102803,3,0
1011010201,2022-11-08,41.117,259.1152,6.30189945764526,9.567,8.127,23.423,NaN,0.14142,3,0
1011010402,2022-11-08,31.054,264.9056,8.53048238552199,14.835,10.993,5.226,14.8,0.119747368421053,3,0
1011010501,2022-11-08,3.86,23.16,6,1.544,1.712,0.604,NaN,0.07122,3,0
1011010504,2022-11-08,77.122,357.4596,4.63498871917222,23.313,18.293,35.516,2.275,0.0851533333333334,3,0
1011010801,2022-11-08,82.087,470.8135,5.73554277778455,22.746,25.779,33.562,4.13450916856911,0.0813097222222222,3,0
1011010101,2022-11-09,128.56,408.733,3.17931705040448,32.401,29.146,67.013,2.02058823529412,0.102803,4,0
1011010201,2022-11-09,35.22,212.3214,6.02843270868825,11.341,5.721,18.158,2.9,0.14142,4,0
1011010402,2022-11-09,21.313,166.516,7.81288415521044,7.976,7.588,5.749,6.5,0.119747368421053,4,0
1011010501,2022-11-09,2.871,17.226,6,0.487,1.83,0.554,NaN,0.07122,4,0
1011010504,2022-11-09,75.307,313.0386,4.15683269815555,20.288,20.371,34.648,2.19230769230769,0.0851533333333334,4,0
1011010801,2022-11-09,68.901,400.7908,5.81690831773124,26.169,14.377,28.355,4.10199803471995,0.0813097222222222,4,0
1011010101,2022-11-10,122.883,367.5026,2.99067080068032,45.891,29.125,47.867,1.72465424510181,0.102803,5,0
1011010201,2022-11-10,39.756,242.7966,6.10716872924842,10.545,11.013,18.198,2.9,0.14142,5,0
1011010402,2022-11-10,17.046,145.102,8.51237827056201,9.272,5.183,2.591,9.59970972423802,0.119747368421053,5,0
1011010501,2022-11-10,6.897,41.382,6,2.618,2.014,2.265,NaN,0.07122,5,0
1011010504,2022-11-10,88.303,355.1883,4.02238089306139,20.383,23.76,44.16,2.87913600554065,0.0851533333333334,5,0
1011010801,2022-11-10,74.627,312.931,4.19326785211787,27.465,16.494,30.668,5.05876536233931,0.0813097222222222,5,0
1011010101,2022-11-11,173.21,519.0468,2.99663298885746,45.882,45.67,81.658,1.65384615384615,0.102803,6,0
1011010201,2022-11-11,45.043,286.9112,6.36971782518926,13.848,9.547,21.648,2.4,0.14142,6,0
1011010402,2022-11-11,40.363,351.4908,8.70824269752001,13.459,14.696,12.208,9.06738794435858,0.119747368421053,6,0
1011010501,2022-11-11,7.801,46.806,6,3.087,1.845,2.869,NaN,0.07122,6,0
1011010504,2022-11-11,130.229,530.9987,4.07742284744565,46.74,36.939,46.55,2.74866717973833,0.0851533333333334,6,0
1011010801,2022-11-11,163.552,725.108,4.43350127176678,43.769,32.675,87.108,4.84765816850471,0.0813097222222222,6,0
1011010101,2022-11-12,293.677,883.9066,3.00979170993983,108.553,83.167,101.957,1.61578947368421,0.102803,7,1
1011010201,2022-11-12,56.455,363.3371,6.43587104773714,21.62,14.423,20.412,2.0139896373057,0.14142,7,1
1011010402,2022-11-12,73.358,550.7916,7.50826903677854,36.437,26.807,10.114,6.5,0.119747368421053,7,1
1011010501,2022-11-12,10.572,63.432,6,3.994,2.852,3.726,NaN,0.07122,7,1
1011010504,2022-11-12,204.119,788.468,3.86278592389733,61.166,55.369,87.584,3.03604488078541,0.0851533333333334,7,1
1011010801,2022-11-12,257.066,1379.687,5.3670535971307,76.488,77.167,103.411,4.08784954219253,0.0813097222222222,7,1
1011010101,2022-11-13,312.032,844.2566,2.70567313608861,133.459,88.648,89.925,1.37,0.102803,1,1
1011010201,2022-11-13,50.639,326.95,6.45648610754557,19.04,17.79,13.809,1.9,0.14142,1,1
1011010402,2022-11-13,54.616,393.779,7.20995678921928,27.367,17.442,9.807,13.174539500614,0.119747368421053,1,1
1011010501,2022-11-13,7.366,44.196,6,5.084,0.94,1.342,NaN,0.07122,1,1
1011010504,2022-11-13,188.274,776.341,4.12346367528177,69.062,56.049,63.163,3.38494288681204,0.0851533333333334,1,1
1011010801,2022-11-13,206.762,1152.246,5.57281318617541,84.42,65.812,56.53,3.61243966043389,0.0813097222222222,1,1
1011010101,2022-11-14,180.626,410.3548,2.27184790672439,36.098,39.525,105.003,1.41412826060334,0.102803,2,0
1011010201,2022-11-14,38.303,233.554,6.09753805184972,8.689,11.499,18.115,2.66470588235294,0.14142,2,0
1011010402,2022-11-14,27.893,202.149,7.24730219051375,13.547,5.509,8.837,9.89237228831351,0.119747368421053,2,0
1011010501,2022-11-14,5.605,33.63,6,2.585,1.309,1.711,NaN,0.07122,2,0
1011010504,2022-11-14,104.647,415.4957,3.97045018012939,33.249,24.023,47.375,3.23455164156532,0.0851533333333334,2,0
1011010801,2022-11-14,99.074,537.862,5.42889153561984,27.026,29.138,42.91,3.73414083350441,0.0813097222222222,2,0
1011010101,2022-11-15,165.843,414.2936,2.49810724600978,37.715,29.626,98.502,1.53684210526316,0.102803,3,0
1011010201,2022-11-15,38.944,235.963,6.05903348397699,11.622,12.462,14.86,2.5304347826087,0.14142,3,0
1011010402,2022-11-15,31.82,260.6024,8.18989314896292,5.915,12.642,13.263,NaN,0.119747368421053,3,0
1011010501,2022-11-15,7.266,43.596,6,1.242,3.306,2.718,NaN,0.07122,3,0
1011010504,2022-11-15,93.884,400.7171,4.26821503131524,24.844,30.669,38.371,2.83662910456804,0.0851533333333334,3,0
1011010801,2022-11-15,102.92,574.95,5.58637776914108,17.173,21.351,64.396,5.12570839773313,0.0813097222222222,3,0
1011010101,2022-11-16,205.406,521.6956,2.53982648997595,55.317,54.822,95.267,1.52678571428571,0.102803,4,0
1011010201,2022-11-16,18.714,117.6756,6.28810516191087,8.057,7.241,3.416,2.4,0.14142,4,0
1011010402,2022-11-16,17.224,136.7052,7.93690199721319,6.798,7.565,2.861,NaN,0.119747368421053,4,0
1011010501,2022-11-16,2.568,15.408,6,0.823,0.302,1.443,NaN,0.07122,4,0
1011010504,2022-11-16,105.807,431.7127,4.08019034657442,39.423,26.567,39.817,3.93295110056676,0.0851533333333334,4,0
1011010801,2022-11-16,92.695,546.785,5.89875397810022,22.522,20.998,49.175,4.334825271131,0.0813097222222222,4,0
1011010101,2022-11-17,232.975,585.1296,2.51155531709411,73.768,42.078,117.129,1.53724865129966,0.102803,5,0
1011010201,2022-11-17,38.752,212.821,5.49187138728324,12.792,9.051,16.909,NaN,0.14142,5,0
1011010402,2022-11-17,40.679,397.0158,9.75972369035621,12.683,18.718,9.278,NaN,0.119747368421053,5,0
1011010501,2022-11-17,8.038,48.228,6,3.608,0.806,3.624,NaN,0.07122,5,0
1011010504,2022-11-17,104.356,412.8383,3.95605715052321,31.987,28.533,43.836,3.15921557062813,0.0851533333333334,5,0
1011010801,2022-11-17,90.18,518.164,5.74588600576625,20.639,17.608,51.933,2.98159661775678,0.0813097222222222,5,0
1011010101,2022-11-18,376.605,989.8714,2.62840748264096,97.049,84.003,195.553,1.76610180836466,0.102803,6,0
1011010201,2022-11-18,68.424,404.817,5.91630129779025,23.023,21.965,23.436,NaN,0.14142,6,0
1011010402,2022-11-18,59.901,495.7534,8.27621241715497,25.769,9.66,24.472,15.8487394957983,0.119747368421053,6,0
1011010501,2022-11-18,17.923,107.538,6,6.98,4.447,6.496,NaN,0.07122,6,0
1011010504,2022-11-18,212.654,824.9563,3.87933591655929,57.329,50.821,104.504,4.02241329058584,0.0851533333333334,6,0
1011010801,2022-11-18,153.087,861.418,5.62698334933731,46.051,35.832,71.204,4.51537711601525,0.0813097222222222,6,0
1011010101,2022-11-19,1265.473,3715.4856,2.93604494129863,139.657,639.039,486.777,2.85769230769231,0.102803,7,1
1011010201,2022-11-19,122.879,793.6712,6.45896532361103,17.856,56.87,48.153,NaN,0.14142,7,1
1011010402,2022-11-19,183.307,1229.2278,6.70584211186698,23.461,94.546,65.3,14.8,0.119747368421053,7,1
1011010501,2022-11-19,35.948,216.492,6.02236563925671,4.262,15.558,16.128,NaN,0.07122,7,1
1011010504,2022-11-19,436.061,1691.8145,3.87976567498584,52.214,230.095,153.752,3.19114129992679,0.0851533333333334,7,1
1011010801,2022-11-19,440.93,2479.598,5.62356383099358,57.631,178.976,204.323,5.06356968215159,0.0813097222222222,7,1
1011010101,2022-11-20,146.034,495.7012,3.39442321651122,65.771,24.564,55.699,1.95,0.102803,1,1
1011010201,2022-11-20,97.969,581.4634,5.93517745409262,41.443,24.888,31.638,NaN,0.14142,1,1
1011010402,2022-11-20,67.057,574.9826,8.57453509700703,39.409,15.066,12.582,NaN,0.119747368421053,1,1
1011010501,2022-11-20,0.252,1.512,6,0.252,0,0,NaN,0.07122,1,1
1011010504,2022-11-20,198.915,773.8634,3.89042254229193,97.044,37.662,64.209,9.9,0.0851533333333334,1,1
1011010801,2022-11-20,156.828,807.455,5.14866605453108,57.824,33.973,65.031,3.79090909090909,0.0813097222222222,1,1
1011010101,2022-11-21,821.168,2810.9292,3.42308662782768,358.23,156.008,306.93,3.26285714285715,0.102803,2,0
1011010201,2022-11-21,132.212,851.587,6.4410719148035,54.943,25.836,51.433,1.4,0.14142,2,0
1011010402,2022-11-21,264.657,2026.83,7.65832757115814,93.691,69.1,101.866,NaN,0.119747368421053,2,0
1011010501,2022-11-21,55.692,339.94,6.10392875098757,14.692,21.113,19.887,7,0.07122,2,0
1011010504,2022-11-21,352.422,1511.3628,4.28850298789519,125.014,91.903,135.505,2.3,0.0851533333333334,2,0
1011010801,2022-11-21,343.02,1871.1912,5.45504985132063,83.077,100.465,159.478,4.7,0.0813097222222222,2,0
1011010101,2022-11-22,173.192,518.9032,2.99611529400896,71.302,50.897,50.993,3.3,0.102803,3,0
1011010201,2022-11-22,36.972,202.5324,5.47799415774099,19.275,6.748,10.949,NaN,0.14142,3,0
1011010402,2022-11-22,30.541,206.6936,6.76774172423955,16.559,8.608,5.374,NaN,0.119747368421053,3,0
1011010501,2022-11-22,4.816,28.896,6,3.389,0.94,0.487,NaN,0.07122,3,0
1011010504,2022-11-22,82.219,332.4532,4.04350819153724,35.233,18.097,28.889,NaN,0.0851533333333334,3,0
1011010801,2022-11-22,36.489,219.577,6.01762174902025,7.363,11.628,17.498,2.45,0.0813097222222222,3,0
1011010101,2022-11-23,247.572,707.5224,2.8578449905482,67.113,120.958,59.501,3.3,0.102803,4,0
1011010201,2022-11-23,31.84,191.0482,6.00025753768844,8.798,12.816,10.226,NaN,0.14142,4,0
1011010402,2022-11-23,50.24,405.128,8.06385350318472,16.147,21.175,12.918,NaN,0.119747368421053,4,0
1011010501,2022-11-23,8.243,52.248,6.3384690040034,4.618,1.208,2.417,NaN,0.07122,4,0
1011010504,2022-11-23,98.441,409.3136,4.15795857417133,29.445,42.43,26.566,NaN,0.0851533333333334,4,0
1011010801,2022-11-23,68.562,377.075,5.49976663457892,19.521,17.066,31.975,2.18888888888889,0.0813097222222222,4,0
1011010101,2022-11-24,260.618,831.5844,3.19081721139752,115.84,90.14,54.638,NaN,0.102803,5,0
1011010201,2022-11-24,31.131,187.5174,6.02349426616556,11.113,13.474,6.544,NaN,0.14142,5,0
1011010402,2022-11-24,29.738,196.0608,6.5929383280651,21.205,6.285,2.248,NaN,0.119747368421053,5,0
1011010501,2022-11-24,8.455,52.238,6.17835600236546,4.344,2.064,2.047,NaN,0.07122,5,0
1011010504,2022-11-24,105.612,429.1026,4.06300988524031,44.027,36.923,24.662,NaN,0.0851533333333334,5,0
1011010801,2022-11-24,43.262,341.701,7.89840968979705,15.924,15.927,11.411,NaN,0.0813097222222222,5,0
1011010101,2022-11-25,228.796,701.4182,3.06569258203815,93.405,82.764,52.627,NaN,0.102803,6,0
1011010201,2022-11-25,46.435,277.921,5.98516205448476,22.652,15.215,8.568,NaN,0.14142,6,0
1011010402,2022-11-25,62.003,486.3288,7.84363337257875,35.931,14.21,11.862,NaN,0.119747368421053,6,0
1011010501,2022-11-25,16.927,105.782,6.24930584273646,2.869,2.87,11.188,NaN,0.07122,6,0
1011010504,2022-11-25,103.304,434.2372,4.2034887322853,40.743,30.642,31.919,NaN,0.0851533333333334,6,0
1011010801,2022-11-25,32.969,252.108,7.64681973975553,15.868,9.497,7.604,NaN,0.0813097222222222,6,0
1011010101,2022-11-26,352.511,1096.8766,3.11160956679366,182.605,104.026,65.88,NaN,0.102803,7,1
1011010201,2022-11-26,47.408,265.7438,5.60546321295984,13.266,16.986,17.156,NaN,0.14142,7,1
1011010402,2022-11-26,37.043,331.8968,8.95977107685663,14.994,7.63,14.419,NaN,0.119747368421053,7,1
1011010501,2022-11-26,9.864,60.014,6.08414436334144,3.037,4.309,2.518,NaN,0.07122,7,1
1011010504,2022-11-26,89.276,388.2042,4.3483601415834,41.996,22.304,24.976,NaN,0.0851533333333334,7,1
1011010801,2022-11-26,57.284,294.802,5.14632358075553,20.518,9,27.766,NaN,0.0813097222222222,7,1
1011010101,2022-11-27,40.471,123.9824,3.0634874354476,19.081,4.08,17.31,NaN,0.102803,1,1
1011010201,2022-11-27,3.192,15.3216,4.8,1.428,0,1.764,NaN,0.14142,1,1
1011010402,2022-11-27,3.165,17.724,5.6,0,2.032,1.133,NaN,0.119747368421053,1,1
1011010501,2022-11-27,4.146,24.876,6,1.812,0,2.334,NaN,0.07122,1,1
1011010504,2022-11-27,17.031,62.924,3.69467441723915,5.682,7,4.349,NaN,0.0851533333333334,1,1
1011010801,2022-11-27,8.596,54.779,6.37261516984644,0,6.17,2.426,NaN,0.0813097222222222,1,1
1011010101,2022-11-28,40.862,104.1144,2.54795164211248,12.602,11.189,17.071,NaN,0.102803,2,0
1011010201,2022-11-28,10.708,56.014,5.2310422114307,3.799,2.709,4.2,NaN,0.14142,2,0
1011010402,2022-11-28,1.809,15.3304,8.47451630735213,0,0.809,1,NaN,0.119747368421053,2,0
1011010501,2022-11-28,1.04,3.12,3,0,1.04,0,NaN,0.07122,2,0
1011010504,2022-11-28,13.451,52.404,3.89591851906921,0.758,7.905,4.788,NaN,0.0851533333333334,2,0
1011010801,2022-11-28,3.012,21.751,7.22144754316069,0.241,1.771,1,NaN,0.0813097222222222,2,0
1011010101,2022-11-29,31.298,92.7414,2.96317336571027,16.668,7.99,6.64,NaN,0.102803,3,0
1011010201,2022-11-29,7.624,40.2934,5.28507345225603,2.752,3.36,1.512,NaN,0.14142,3,0
1011010402,2022-11-29,9.194,61.8864,6.73117250380683,0.827,6.047,2.32,NaN,0.119747368421053,3,0
1011010501,2022-11-29,1.778,5.334,3,1.275,0.503,0,NaN,0.07122,3,0
1011010504,2022-11-29,6.066,24.064,3.96702934388394,3.122,1.035,1.909,NaN,0.0851533333333334,3,0
1011010801,2022-11-29,8.283,47.893,5.78208378606785,1.124,2.159,5,NaN,0.0813097222222222,3,0
1011010101,2022-12-04,99.399,315.7424,3.17651485427419,17.3,48.014,34.085,1.59230769230769,0.102803,1,1
1011010201,2022-12-04,24.722,125.0522,5.05833670415015,8.606,10.698,5.418,NaN,0.14142,1,1
1011010402,2022-12-04,18.158,132.8848,7.31825090869038,1,14.125,3.033,NaN,0.119747368421053,1,1
1011010501,2022-12-04,1.168,9.344,8,1.168,0,0,NaN,0.07122,1,1
1011010504,2022-12-04,53.404,199.4992,3.73566025016853,5,25.404,23,1.7,0.0851533333333334,1,1
1011010801,2022-12-04,30,127.6,4.25333333333333,3,14,13,3.35,0.0813097222222222,1,1
1011010101,2022-12-05,170.093,558.7842,3.28516870182782,80.689,46.554,42.85,NaN,0.102803,2,0
1011010201,2022-12-05,30.282,145.3536,4.8,12.348,11.004,6.93,NaN,0.14142,2,0
1011010402,2022-12-05,41.811,421.3416,10.077290665136,16.263,16.63,8.918,NaN,0.119747368421053,2,0
1011010501,2022-12-05,0,0,NaN,0,0,0,NaN,0.07122,2,0
1011010504,2022-12-05,118.657,458.3499,3.86281382472168,57.708,28.602,32.347,2.48224626153357,0.0851533333333334,2,0
1011010801,2022-12-05,114,408.4,3.58245614035088,53,49,12,NaN,0.0813097222222222,2,0
1011010101,2022-12-06,226.171,845.0966,3.73653828298058,84.056,65.755,76.36,2.1,0.102803,3,0
1011010201,2022-12-06,38.551,237.2986,6.15544603252834,14.158,12.531,11.862,2.4,0.14142,3,0
1011010402,2022-12-06,67.863,497.3328,7.32848238362583,35.461,18.402,14,6.5,0.119747368421053,3,0
1011010501,2022-12-06,7.977,63.816,8,2.864,1.558,3.555,NaN,0.07122,3,0
1011010504,2022-12-06,97.963,382.7088,3.90666680277247,34.193,28.251,35.519,2.47591623036649,0.0851533333333334,3,0
1011010801,2022-12-06,98.62,654.32,6.63475968363415,32.648,40.469,25.503,NaN,0.0813097222222222,3,0
1011010101,2022-12-07,272.787,851.332,3.12086719675058,69.055,106.174,97.558,2.07837837837838,0.102803,4,0
1011010201,2022-12-07,25.636,172.1104,6.71362146980808,7.126,12.09,6.42,2.4,0.14142,4,0
1011010402,2022-12-07,64.331,469.6536,7.30057981377563,26.911,25.891,11.529,6.5,0.119747368421053,4,0
1011010501,2022-12-07,11.597,92.776,8,4.472,5.881,1.244,NaN,0.07122,4,0
1011010504,2022-12-07,82.55,269.2322,3.26144397334949,29.731,34.078,18.741,NaN,0.0851533333333334,4,0
1011010801,2022-12-07,124.352,801.232,6.44325784868759,35.021,44.553,44.778,NaN,0.0813097222222222,4,0
1011010101,2022-12-08,173.924,506.353,2.91134633518088,55.831,44.177,73.916,2.04782608695652,0.102803,5,0
1011010201,2022-12-08,46.357,270.5418,5.83605065038721,13.765,14.222,18.37,2.9,0.14142,5,0
1011010402,2022-12-08,47.48,290,6.1078348778433,19.718,12.779,14.983,6.5,0.119747368421053,5,0
1011010501,2022-12-08,4.524,36.192,8,0.804,1.998,1.722,NaN,0.07122,5,0
1011010504,2022-12-08,131.273,454.1736,3.45976400326038,45.35,42.592,43.331,NaN,0.0851533333333334,5,0
1011010801,2022-12-08,82.678,554.07,6.7015409177774,19.229,25.965,37.484,NaN,0.0813097222222222,5,0
1011010101,2022-12-09,140.88,497.4118,3.53074815445769,34.394,36.746,69.74,2.22352941176471,0.102803,6,0
1011010201,2022-12-09,41.33,215.5593,5.21556496491653,13.121,11.267,16.942,2.87683397683398,0.14142,6,0
1011010402,2022-12-09,30.039,227.5038,7.57361430140817,12.011,12.282,5.746,6.5,0.119747368421053,6,0
1011010501,2022-12-09,4.422,35.376,8,1.96,0.917,1.545,NaN,0.07122,6,0
1011010504,2022-12-09,99.447,353.8304,3.55797962733919,28.444,26.513,44.49,NaN,0.0851533333333334,6,0
1011010801,2022-12-09,71.484,503.66,7.04577248055509,19.053,13.886,38.545,5.04285714285714,0.0813097222222222,6,0
1011010101,2022-12-10,231.009,796.966,3.44993485102312,86.04,79.614,65.355,2.27,0.102803,7,1
1011010201,2022-12-10,55.053,304.7148,5.53493542586235,24.864,15.103,15.086,NaN,0.14142,7,1
1011010402,2022-12-10,73.28,522.7422,7.13349072052402,39.235,24.026,10.019,6.5,0.119747368421053,7,1
1011010501,2022-12-10,6.572,52.576,8,1.746,3.305,1.521,NaN,0.07122,7,1
1011010504,2022-12-10,161.982,600.1038,3.70475608400933,60.911,57.911,43.16,1.76666666666667,0.0851533333333334,7,1
1011010801,2022-12-10,149.336,1013.54,6.78697701826753,52.285,45.115,51.936,4.7,0.0813097222222222,7,1
1011010101,2022-12-11,204.481,679.5326,3.32320655708843,65.463,55.844,83.174,2.13569601753745,0.102803,1,1
1011010201,2022-12-11,62.536,326.8383,5.22640239222208,25.599,17.307,19.63,2.9,0.14142,1,1
1011010402,2022-12-11,63.385,498.6174,7.86648891693619,28.656,25.425,9.304,6.5,0.119747368421053,1,1
1011010501,2022-12-11,3.629,29.9488,8.25263157894737,1.609,1.354,0.666,NaN,0.07122,1,1
1011010504,2022-12-11,171.695,595.3558,3.46751972975334,49.917,54.098,67.68,2.6,0.0851533333333334,1,1
1011010801,2022-12-11,144.333,999.473,6.92477118884801,47.291,40.477,56.565,3.72290523926612,0.0813097222222222,1,1
1011010101,2022-12-12,173.035,549.5146,3.17574247984512,41.524,45.582,85.929,1.97894736842105,0.102803,2,0
1011010201,2022-12-12,27.823,128.5437,4.62005175574165,6.601,11.022,10.2,2.9,0.14142,2,0
1011010402,2022-12-12,30.168,202.0678,6.69808406258287,16.416,6.347,7.405,NaN,0.119747368421053,2,0
1011010501,2022-12-12,3.379,27.032,8,2.298,1.081,0,NaN,0.07122,2,0
1011010504,2022-12-12,96.205,334.243,3.47427888363391,28.19,24.821,43.194,1.975,0.0851533333333334,2,0
1011010801,2022-12-12,85.722,541.43,6.31611488299386,20.416,21.418,43.888,2.95294117647059,0.0813097222222222,2,0
1011010101,2022-12-13,185.802,558.141,3.00395582394162,47.203,50.197,88.402,2.23333333333333,0.102803,3,0
1011010201,2022-12-13,37.876,208.146,5.49545886577252,12.624,10.932,14.32,2.9,0.14142,3,0
1011010402,2022-12-13,50.434,337.144,6.68485545465361,22.076,19.365,8.993,NaN,0.119747368421053,3,0
1011010501,2022-12-13,5.316,42.528,8,1.533,0.616,3.167,NaN,0.07122,3,0
1011010504,2022-12-13,103.872,367.741,3.54032848120764,30.503,27.274,46.095,2.16,0.0851533333333334,3,0
1011010801,2022-12-13,91.195,559.413,6.13425078129283,25.078,26.694,39.423,3.17123389127537,0.0813097222222222,3,0
1011010101,2022-12-14,226.115,685.8872,3.03335559339274,49.366,71.338,105.411,1.98571428571429,0.102803,4,0
1011010201,2022-12-14,40.701,250.3956,6.1520748875949,12.865,10.84,16.996,NaN,0.14142,4,0
1011010402,2022-12-14,29.923,182.5888,6.10195501787922,14.208,11.617,4.098,NaN,0.119747368421053,4,0
1011010501,2022-12-14,6.973,55.784,8,2.915,1.671,2.387,NaN,0.07122,4,0
1011010504,2022-12-14,96.198,355.3038,3.69346348156926,19.215,32.609,44.374,3.03333333333333,0.0851533333333334,4,0
1011010801,2022-12-14,102.181,679.315,6.64815376635578,26.422,37.758,38.001,3.06,0.0813097222222222,4,0
1011010101,2022-12-15,291.759,879.483,3.01441600773241,104.673,70.168,116.918,NaN,0.102803,5,0
1011010201,2022-12-15,44.891,271.4558,6.04699828473413,13.884,11.375,19.632,NaN,0.14142,5,0
1011010402,2022-12-15,60.996,374.2204,6.13516296150567,21.447,25.746,13.803,NaN,0.119747368421053,5,0
1011010501,2022-12-15,8.607,68.856,8,2.651,1.495,4.461,NaN,0.07122,5,0
1011010504,2022-12-15,151.972,524.3136,3.45006711762693,43.031,39.533,69.408,1.92857142857143,0.0851533333333334,5,0
1011010801,2022-12-15,94.034,669.01,7.11455431014314,36.658,24.698,32.678,NaN,0.0813097222222222,5,0
1011010101,2022-12-16,306.951,868.2426,2.82860326240996,112.392,109.195,85.364,NaN,0.102803,6,0
1011010201,2022-12-16,28.131,190.6338,6.77664498240375,11.044,11.887,5.2,NaN,0.14142,6,0
1011010402,2022-12-16,59.198,337.3272,5.69828710429406,33.538,9.903,15.757,NaN,0.119747368421053,6,0
1011010501,2022-12-16,6.839,55.2748,8.08229273285568,5.641,0.729,0.469,NaN,0.07122,6,0
1011010504,2022-12-16,147.869,532.4316,3.60069791504643,50.295,37.709,59.865,NaN,0.0851533333333334,6,0
1011010801,2022-12-16,146.341,1002.7412,6.85208656494079,51.457,46.397,48.487,NaN,0.0813097222222222,6,0
1011010101,2022-12-17,265.09,951.5306,3.58946244671621,143.101,91.883,30.106,NaN,0.102803,7,1
1011010201,2022-12-17,43.945,306.2752,6.96951188986233,21.358,11.019,11.568,NaN,0.14142,7,1
1011010402,2022-12-17,97.791,735.708,7.52326901248581,44.546,27.771,25.474,NaN,0.119747368421053,7,1
1011010501,2022-12-17,16.786,139.1096,8.28723936613845,6.754,7.265,2.767,NaN,0.07122,7,1
1011010504,2022-12-17,153.757,596.0876,3.87681601488062,51.428,52.217,50.112,NaN,0.0851533333333334,7,1
1011010801,2022-12-17,142.647,972.4026,6.81684578014259,51.082,57.183,34.382,NaN,0.0813097222222222,7,1
1011010101,2022-12-18,295.364,926.2246,3.13587505586327,178.256,98.523,18.585,NaN,0.102803,1,1
1011010201,2022-12-18,68.962,404.7022,5.86848119254082,28.477,27.41,13.075,NaN,0.14142,1,1
1011010402,2022-12-18,65.117,444.076,6.81966306801604,30.586,27.318,7.213,NaN,0.119747368421053,1,1
1011010501,2022-12-18,12.025,96.2,8,7.363,2.627,2.035,NaN,0.07122,1,1
1011010504,2022-12-18,123.469,431.1906,3.49229847168115,42.373,52.677,28.419,NaN,0.0851533333333334,1,1
1011010801,2022-12-18,131.36,894.511,6.80961479902558,64.629,47.253,19.478,NaN,0.0813097222222222,1,1
1011010101,2022-12-19,201.178,791.6082,3.93486464722783,89.28,66.106,45.792,2.1,0.102803,2,0
1011010201,2022-12-19,47.456,265.2482,5.58935013486177,19.67,14.938,12.848,NaN,0.14142,2,0
1011010402,2022-12-19,67.122,496.088,7.39084055898215,29.839,19.815,17.468,NaN,0.119747368421053,2,0
1011010501,2022-12-19,11.56,92.48,8,3.167,2.89,5.503,NaN,0.07122,2,0
1011010504,2022-12-19,98.288,327.9576,3.33670030929513,23.968,32.452,41.868,1.86,0.0851533333333334,2,0
1011010801,2022-12-19,86.269,654.5388,7.58718427245013,28.36,27.571,30.338,9,0.0813097222222222,2,0
1011010101,2022-12-20,252.224,785.5078,3.11432615452931,83.395,88.814,80.015,2.3,0.102803,3,0
1011010201,2022-12-20,45.501,294.8592,6.48027955429551,14.595,13.254,17.652,NaN,0.14142,3,0
1011010402,2022-12-20,53.792,348.704,6.4824509220702,25.291,14.455,14.046,NaN,0.119747368421053,3,0
1011010501,2022-12-20,6.731,53.848,8,3.001,1.871,1.859,NaN,0.07122,3,0
1011010504,2022-12-20,88.82,323.0694,3.63734969601441,27.581,19.791,41.448,1.7,0.0851533333333334,3,0
1011010801,2022-12-20,103.847,734.128,7.0693231388485,30.604,27.779,45.464,2.94525438857483,0.0813097222222222,3,0
1011010101,2022-12-21,285.265,1019.3614,3.57338404641298,125.877,83.511,75.877,NaN,0.102803,4,0
1011010201,2022-12-21,76.358,451.5748,5.91391602713534,23.463,22.786,30.109,3.03695652173913,0.14142,4,0
1011010402,2022-12-21,61.727,407.0017,6.59357655483014,22.088,14.654,24.985,7.5,0.119747368421053,4,0
1011010501,2022-12-21,17.74,141.92,8,6.106,4.849,6.785,NaN,0.07122,4,0
1011010504,2022-12-21,137.998,492.6908,3.57027493152074,43.199,37.825,56.974,1.7,0.0851533333333334,4,0
1011010801,2022-12-21,128.851,856.6968,6.64874001753964,25.504,48.966,54.381,3.80870827285922,0.0813097222222222,4,0
1011010101,2022-12-22,223.75,865.995,3.8703687150838,85.879,65.207,72.664,2.26666666666667,0.102803,5,0
1011010201,2022-12-22,33.671,213.7264,6.34749190698227,11.624,13.532,8.515,NaN,0.14142,5,0
1011010402,2022-12-22,45.018,270.321,6.00473144075703,22.038,17.244,5.736,NaN,0.119747368421053,5,0
1011010501,2022-12-22,8.883,71.064,8,4.913,1.809,2.161,NaN,0.07122,5,0
1011010504,2022-12-22,93.949,323.8186,3.44674876794857,31.611,34.223,28.115,NaN,0.0851533333333334,5,0
1011010801,2022-12-22,99.983,700.9346,7.01053779142454,23.2,38.503,38.28,3.16789034189381,0.0813097222222222,5,0
1011010101,2022-12-23,210.784,783.8848,3.71890086534082,63.1,77.745,69.939,2.31290811951718,0.102803,6,0
1011010201,2022-12-23,29.486,185.7568,6.29983042799973,11.28,8.657,9.549,NaN,0.14142,6,0
1011010402,2022-12-23,54.487,373.116,6.84779855745407,25.881,15.966,12.64,NaN,0.119747368421053,6,0
1011010501,2022-12-23,8.921,71.368,8,2.186,3.769,2.966,NaN,0.07122,6,0
1011010504,2022-12-23,91.649,284.3768,3.10289037523595,19.243,32.314,40.092,1.7,0.0851533333333334,6,0
1011010801,2022-12-23,92.544,639.2466,6.90748832987552,25.708,27.865,38.971,4.14131518171873,0.0813097222222222,6,0
1011010101,2022-12-24,285.085,967.0581,3.39217461458863,108.935,95.955,80.195,2.63819348469891,0.102803,7,1
1011010201,2022-12-24,47.279,325.6576,6.88799678504199,15.396,18.368,13.515,NaN,0.14142,7,1
1011010402,2022-12-24,61.874,442.4368,7.15060930277661,26.248,23.781,11.845,NaN,0.119747368421053,7,1
1011010501,2022-12-24,11.582,92.656,8,3.467,4.737,3.378,NaN,0.07122,7,1
1011010504,2022-12-24,117.564,369.88,3.14620121805995,30.011,44.238,43.315,1.7,0.0851533333333334,7,1
1011010801,2022-12-24,139.067,891.8538,6.41312317084571,34.721,51.225,53.121,4.21098730240995,0.0813097222222222,7,1
1011010101,2022-12-25,362.94,1262.469,3.47845098363366,142.191,117.04,103.709,2.15,0.102803,1,1
1011010201,2022-12-25,51.941,349.9588,6.73762153212299,16.86,22.467,12.614,2.9,0.14142,1,1
1011010402,2022-12-25,105.129,714.1749,6.79331963587593,55.678,32.155,17.296,4.5,0.119747368421053,1,1
1011010501,2022-12-25,5.742,45.936,8,2.148,0.766,2.828,NaN,0.07122,1,1
1011010504,2022-12-25,166.418,551.3066,3.31278227114855,47.163,57.591,61.664,1.7,0.0851533333333334,1,1
1011010801,2022-12-25,160.777,1093.109,6.79891402377206,50.476,72.276,38.025,5.1780487804878,0.0813097222222222,1,1
1011010101,2022-12-26,253.075,933.2618,3.68768862985281,67.673,88.867,96.535,2.41428571428571,0.102803,2,0
1011010201,2022-12-26,27.857,187.4023,6.72729655023872,6.464,8.165,13.228,2.9,0.14142,2,0
1011010402,2022-12-26,56.004,411.8712,7.35431754874652,17.861,19.743,18.4,NaN,0.119747368421053,2,0
1011010501,2022-12-26,12.022,99.688,8.29213109299617,4.304,3.505,4.213,NaN,0.07122,2,0
1011010504,2022-12-26,114.691,372.8574,3.25097348527783,33.986,35.3,45.405,1.88333333333333,0.0851533333333334,2,0
1011010801,2022-12-26,115.933,725.348,6.25661373379452,29.818,32.556,53.559,4.21879833432481,0.0813097222222222,2,0
1011010101,2022-12-27,253.518,860.5306,3.39435700818088,77.807,46.323,129.388,2.27085773890717,0.102803,3,0
1011010201,2022-12-27,39.591,273.0699,6.89727210729711,13.154,10.558,15.879,2.9,0.14142,3,0
1011010402,2022-12-27,72.514,560.8802,7.73478500703313,28.668,23.197,20.649,6.5,0.119747368421053,3,0
1011010501,2022-12-27,6.541,53.364,8.15838556795597,2.2,1.427,2.914,NaN,0.07122,3,0
1011010504,2022-12-27,121.716,404.8548,3.32622498274672,30.91,36.905,53.901,1.7,0.0851533333333334,3,0
1011010801,2022-12-27,102.06,648.2294,6.35145404663923,30.69,21.563,49.807,3.61226295828066,0.0813097222222222,3,0
1011010101,2022-12-28,257.429,957.806,3.72066084240703,83.565,77.644,96.22,2.21428571428571,0.102803,4,0
1011010201,2022-12-28,36.052,261.5405,7.25453511594364,10.733,12.854,12.465,2.9,0.14142,4,0
1011010402,2022-12-28,60.286,428.6739,7.11067080250804,29.038,17.531,13.717,7.5,0.119747368421053,4,0
1011010501,2022-12-28,8.167,65.336,8,2.274,2.286,3.607,NaN,0.07122,4,0
1011010504,2022-12-28,99.953,352.306,3.5247166168099,35.795,25.178,38.98,1.9,0.0851533333333334,4,0
1011010801,2022-12-28,119.913,706.8052,5.89431671295022,29.903,35.644,54.366,3.20147724565166,0.0813097222222222,4,0
1011010101,2022-12-29,237.735,882.3608,3.71153090626117,73.354,75.079,89.302,2.53907284768212,0.102803,5,0
1011010201,2022-12-29,25.895,187.4054,7.23712685846688,7.798,8.073,10.024,3.1,0.14142,5,0
1011010402,2022-12-29,66.287,499.3456,7.53308491861149,25.952,19.886,20.449,4.5,0.119747368421053,5,0
1011010501,2022-12-29,3.656,29.248,8,0.942,1.52,1.194,NaN,0.07122,5,0
1011010504,2022-12-29,129.853,449.756,3.46357804594426,31.128,39.025,59.7,1.8,0.0851533333333334,5,0
1011010801,2022-12-29,123.439,794.3336,6.43502944774342,33.679,41.177,48.583,3.84644733204313,0.0813097222222222,5,0
1011010101,2022-12-30,244.088,876.406,3.59053292255252,63.515,66.993,113.58,2.84046257466006,0.102803,6,0
1011010201,2022-12-30,29.769,193.976,6.51604017602204,7.822,12.805,9.142,3.1,0.14142,6,0
1011010402,2022-12-30,62.525,434.072,6.94237504998001,23.116,20.797,18.612,5.5752688172043,0.119747368421053,6,0
1011010501,2022-12-30,6.173,50.856,8.2384578000972,3.233,2.651,0.289,NaN,0.07122,6,0
1011010504,2022-12-30,118.877,434.766,3.65727600797463,34.918,33.815,50.144,1.93333333333333,0.0851533333333334,6,0
1011010801,2022-12-30,131.883,781.099,5.9226663027077,35.957,51.193,44.733,4.7,0.0813097222222222,6,0
1011010101,2022-12-31,329.509,1187.588,3.60411399992109,108.869,117.106,103.534,2.39545454545455,0.102803,7,1
1011010201,2022-12-31,39.573,318.0243,8.03639602759457,15.291,9.954,14.328,3.1,0.14142,7,1
1011010402,2022-12-31,103.271,739.763,7.16331787239399,42.275,33.124,27.872,4.5,0.119747368421053,7,1
1011010501,2022-12-31,5.574,46.232,8.29422317904557,1.344,0.88,3.35,NaN,0.07122,7,1
1011010504,2022-12-31,198.248,679.8118,3.42909789758283,56.199,72.297,69.752,2.18254905088531,0.0851533333333334,7,1
1011010801,2022-12-31,178.021,1074.7548,6.03723605642031,45.998,59.85,72.173,5.96587591240876,0.0813097222222222,7,1
1011010101,2023-01-01,329.635,1295.5808,3.93034962913526,109.187,118.27,102.178,2.412,0.102803,1,1
1011010201,2023-01-01,39.38,297.2144,7.547343829355,14.602,11.231,13.547,NaN,0.14142,1,1
1011010402,2023-01-01,92.503,662.9435,7.16672432245441,46.456,26.832,19.215,4.5,0.119747368421053,1,1
1011010501,2023-01-01,7.926,66.416,8.37951047186475,1.832,2.412,3.682,NaN,0.07122,1,1
1011010504,2023-01-01,174.426,632.9768,3.62891312075035,58.26,65.574,50.592,1.85555555555556,0.0851533333333334,1,1
1011010801,2023-01-01,159.047,1013.9092,6.37490301608958,42.157,56.626,60.264,5.50729843332059,0.0813097222222222,1,1
1011010101,2023-01-02,287.812,1110.4542,3.85826233791503,111.525,84.478,91.809,2.78491430510776,0.102803,2,0
1011010201,2023-01-02,36.172,260.1511,7.19205739245826,13.903,11.415,10.854,3.1,0.14142,2,0
1011010402,2023-01-02,54.334,457.3587,8.41754150255825,23.789,19.94,10.605,5.69402985074627,0.119747368421053,2,0
1011010501,2023-01-02,17.834,147.42,8.26623303801727,9.637,5.495,2.702,NaN,0.07122,2,0
1011010504,2023-01-02,154.451,583.331,3.77680299900939,59.188,49.217,46.046,1.65,0.0851533333333334,2,0
1011010801,2023-01-02,132.934,856.8914,6.44599124377511,45.187,48.353,39.394,4.27764176867349,0.0813097222222222,2,0
1011010101,2023-01-03,215.984,837.3276,3.87680383732128,45.938,74.144,95.902,2.47058823529412,0.102803,3,0
1011010201,2023-01-03,30.654,324.9664,10.6011091537809,10.318,10.288,10.048,5.5,0.14142,3,0
1011010402,2023-01-03,50.818,397.9422,7.83073320476996,18.727,14.554,17.537,4.5,0.119747368421053,3,0
1011010501,2023-01-03,3.617,30.64,8.47110865358032,1.52,0.426,1.671,NaN,0.07122,3,0
1011010504,2023-01-03,128.134,506.584,3.95354862877925,32.994,40.679,54.461,1.86842105263158,0.0851533333333334,3,0
1011010801,2023-01-03,86.599,532.1046,6.14446587143038,20.64,27.441,38.518,4.01034077555817,0.0813097222222222,3,0
1011010101,2023-01-04,171.91,722.2416,4.20127741259962,43.166,36.479,92.265,2.7,0.102803,4,0
1011010201,2023-01-04,27.843,288.6664,10.3676471644579,7.789,8.019,12.035,5.5,0.14142,4,0
1011010402,2023-01-04,48.908,421.3932,8.61603827594668,13.346,5.859,29.703,5.94092219020173,0.119747368421053,4,0
1011010501,2023-01-04,3.929,36.1468,9.2,1.353,1.31,1.266,NaN,0.07122,4,0
1011010504,2023-01-04,123.447,473.742,3.83761452283166,24.033,29.393,70.021,2.19032258064516,0.0851533333333334,4,0
1011010801,2023-01-04,88.495,494.9686,5.59318153567998,24.613,19.535,44.347,3.56179812557021,0.0813097222222222,4,0
1011010101,2023-01-05,186.069,819.328,4.4033557443744,45.169,41.391,99.509,2.47142857142857,0.102803,5,0
1011010201,2023-01-05,25.709,266.5671,10.368629662764,5.091,11.221,9.397,5.5,0.14142,5,0
1011010402,2023-01-05,32.701,271.0648,8.28918993302957,10.54,8.63,13.531,5.35261352169526,0.119747368421053,5,0
1011010501,2023-01-05,5.835,54.9476,9.41689802913453,2.93,1.234,1.671,NaN,0.07122,5,0
1011010504,2023-01-05,108.643,511.5558,4.70859420303195,26.072,40.815,41.756,2.33636363636364,0.0851533333333334,5,0
1011010801,2023-01-05,101.317,553.6942,5.46496836661172,31.576,17.871,51.87,3.33514416228695,0.0813097222222222,5,0
1011010101,2023-01-06,202.912,838.3876,4.13177929348683,53.07,53.519,96.323,3.18048780487805,0.102803,6,0
1011010201,2023-01-06,27.047,291.3,10.7701408659001,8.168,8.582,10.297,NaN,0.14142,6,0
1011010402,2023-01-06,60.705,437.3566,7.20462235400708,25.409,16.277,19.019,6.81544973544973,0.119747368421053,6,0
1011010501,2023-01-06,6.648,62.2844,9.36889290012034,1.121,2.098,3.429,NaN,0.07122,6,0
1011010504,2023-01-06,106.774,531.5872,4.97862026335999,24.343,34.603,47.828,2.4380886105312,0.0851533333333334,6,0
1011010801,2023-01-06,115.083,676.0552,5.87450101231285,22.645,30.565,61.873,4.31060754658545,0.0813097222222222,6,0
1011010101,2023-01-07,187.324,897.7194,4.79233520531272,67.118,53.664,66.542,3.82857142857143,0.102803,7,1
1011010201,2023-01-07,24.606,262.2632,10.6585060554336,11.52,5.234,7.852,5.5,0.14142,7,1
1011010402,2023-01-07,53.524,383.1018,7.1575704356924,13.234,21.757,18.533,3.8,0.119747368421053,7,1
1011010501,2023-01-07,11.499,106.98,9.30341768849465,4.125,3.991,3.383,7.2,0.07122,7,1
1011010504,2023-01-07,112.31,554.8998,4.94078710711424,29.177,33.862,49.271,2.3986679617039,0.0851533333333334,7,1
1011010801,2023-01-07,108.037,681.4932,6.30796116145395,23.963,36.267,47.807,3.10360531309298,0.0813097222222222,7,1
1011010101,2023-01-08,219.372,940.967,4.28936692011743,73.107,54.089,92.176,2.77256345837304,0.102803,1,1
1011010201,2023-01-08,34.433,378.6618,10.9970609589638,14.717,12.836,6.88,5.5,0.14142,1,1
1011010402,2023-01-08,56.788,412.061,7.25612805522293,37.223,10.607,8.958,NaN,0.119747368421053,1,1
1011010501,2023-01-08,15.154,139.4168,9.2,2.807,6.802,5.545,NaN,0.07122,1,1
1011010504,2023-01-08,124.983,720.5418,5.76511845611003,43.414,40.483,41.086,2.1,0.0851533333333334,1,1
1011010801,2023-01-08,115.9,739.2962,6.37874201898188,49.628,30.324,35.948,4.11467044649185,0.0813097222222222,1,1
1011010101,2023-01-09,185.585,815.8495,4.39609612845866,74.188,49.456,61.941,2.47161513763123,0.102803,2,0
1011010201,2023-01-09,31.341,339.9208,10.8458823904789,11.365,9.264,10.712,5.5,0.14142,2,0
1011010402,2023-01-09,39.959,256.1364,6.40998022973548,22.851,9.493,7.615,6.8448275862069,0.119747368421053,2,0
1011010501,2023-01-09,11.607,106.7844,9.2,3.822,3.8,3.985,NaN,0.07122,2,0
1011010504,2023-01-09,90.474,531.856,5.87855074386012,23.086,35.605,31.783,NaN,0.0851533333333334,2,0
1011010801,2023-01-09,100.363,620.1946,6.17951436286281,36.151,23.734,40.478,3.52427024804714,0.0813097222222222,2,0
1011010101,2023-01-10,200.196,880.1237,4.39631011608624,68.925,41.841,89.43,2.63037451266097,0.102803,3,0
1011010201,2023-01-10,15.292,166.1978,10.868284070102,4.398,5.228,5.666,5.5,0.14142,3,0
1011010402,2023-01-10,45.848,361.4746,7.88419560286163,18.284,19.152,8.412,6.5,0.119747368421053,3,0
1011010501,2023-01-10,9.913,98.5976,9.94629274689801,5.19,0.241,4.482,7.2,0.07122,3,0
1011010504,2023-01-10,119.602,608.3964,5.08684135716794,31.208,34.383,54.011,2.76945948606872,0.0851533333333334,3,0
1011010801,2023-01-10,101.017,589.8936,5.83954779888534,21.592,23.115,56.31,3.0628187828903,0.0813097222222222,3,0
1011010101,2023-01-11,185.254,841.5398,4.54262687985145,66.188,35.98,83.086,3.09862435351652,0.102803,4,0
1011010201,2023-01-11,31.199,327.5489,10.4986986762396,7.381,11.359,12.459,5.23997965412004,0.14142,4,0
1011010402,2023-01-11,44.885,247.2916,5.50944859084327,18.966,9.113,16.806,6.56513270026784,0.119747368421053,4,0
1011010501,2023-01-11,9.782,97.82,10,3.976,1.989,3.817,NaN,0.07122,4,0
1011010504,2023-01-11,126.451,658.3926,5.20670141003235,42.707,25.085,58.659,2.9729267818994,0.0851533333333334,4,0
1011010801,2023-01-11,88.976,621.5388,6.9854657435713,24.183,20.892,43.901,3.08843249773482,0.0813097222222222,4,0
1011010101,2023-01-12,202.709,887.0167,4.37581311140601,44.677,62.016,96.016,3.52966619519095,0.102803,5,0
1011010201,2023-01-12,27.908,309.1988,11.0792174286943,8.825,9.637,9.446,4.6,0.14142,5,0
1011010402,2023-01-12,43.65,254.916,5.84,20.219,12.212,11.219,6.5,0.119747368421053,5,0
1011010501,2023-01-12,9.159,91.59,10,2.159,3.153,3.847,NaN,0.07122,5,0
1011010504,2023-01-12,113.15,669.705,5.91873619089704,29.367,32.407,51.376,2.96299971376777,0.0851533333333334,5,0
1011010801,2023-01-12,87.742,620.8452,7.07580406190878,15.652,25.968,46.122,3.14136182542557,0.0813097222222222,5,0
1011010101,2023-01-13,215.635,986.3282,4.57406357966007,68.696,61.828,85.111,3.22347075537447,0.102803,6,0
1011010201,2023-01-13,29.708,300.9008,10.1286118217315,8.504,9.649,11.555,4.6,0.14142,6,0
1011010402,2023-01-13,31.759,188.7671,5.94373563399351,9.913,13.409,8.437,6.74566255971838,0.119747368421053,6,0
1011010501,2023-01-13,15.213,154.622,10.1638072700979,5.949,3.425,5.839,NaN,0.07122,6,0
1011010504,2023-01-13,137.769,815.3246,5.91805558579942,34.527,40.122,63.12,3.66082175042004,0.0851533333333334,6,0
1011010801,2023-01-13,123.264,764.909,6.20545333592939,27.523,36.173,59.568,3.48522703924389,0.0813097222222222,6,0
1011010101,2023-01-14,447.993,2151.747,4.80308174458083,158.166,147.658,142.169,2.905,0.102803,7,1
1011010201,2023-01-14,55.134,573.5493,10.40282402873,20.804,16.424,17.906,5.3724838012959,0.14142,7,1
1011010402,2023-01-14,112.724,933.1014,8.27775274120862,47.607,37.478,27.639,9,0.119747368421053,7,1
1011010501,2023-01-14,31.542,378.504,12,12.503,12.418,6.621,NaN,0.07122,7,1
1011010504,2023-01-14,197.217,1420.3638,7.20203532149866,68.302,75.873,53.042,7.08702928870293,0.0851533333333334,7,1
1011010801,2023-01-14,204.679,1579.7132,7.71800331250397,66.514,84.355,53.81,4.43470945020544,0.0813097222222222,7,1
1011010101,2023-01-15,278.968,1373.092,4.92204123770468,107.091,79.233,92.644,3.54022988505747,0.102803,1,1
1011010201,2023-01-15,61.584,626.2273,10.1686688100805,17.165,26.92,17.499,5.98645640074211,0.14142,1,1
1011010402,2023-01-15,92.61,866.947,9.36126768167584,39.94,18.659,34.011,NaN,0.119747368421053,1,1
1011010501,2023-01-15,21.246,264.668,12.4573096112209,8.069,6.641,6.536,NaN,0.07122,1,1
1011010504,2023-01-15,154.044,1050.345,6.81847394250993,52.107,52.552,49.385,2.1,0.0851533333333334,1,1
1011010801,2023-01-15,179.046,1177.5844,6.57699362175084,49.378,65.829,63.839,3.02,0.0813097222222222,1,1
1011010101,2023-01-16,216.173,1016.6856,4.70311093429799,60.46,74.312,81.401,3.14444444444444,0.102803,2,0
1011010201,2023-01-16,46.516,447.3712,9.61757674778571,12.73,14.495,19.291,5.23721374045801,0.14142,2,0
1011010402,2023-01-16,61.379,504.9636,8.22697665325274,25.187,24.193,11.999,6.5,0.119747368421053,2,0
1011010501,2023-01-16,21.066,261.404,12.4088104053926,5.633,6.272,9.161,NaN,0.07122,2,0
1011010504,2023-01-16,121.081,1134.9328,9.3733352053584,32.124,43.43,45.527,2.63333333333333,0.0851533333333334,2,0
1011010801,2023-01-16,144.546,1052.4412,7.28101227290966,43.074,37.868,63.604,2.82777777777778,0.0813097222222222,2,0
1011010101,2023-01-17,180.232,990.5854,5.49616827200497,62.976,55.631,61.625,3.69097778795512,0.102803,3,0
1011010201,2023-01-17,39.869,407.7638,10.2275903584238,10.456,13.057,16.356,5.23206106870229,0.14142,3,0
1011010402,2023-01-17,86.319,721.0308,8.35309491537205,25.262,40.602,20.455,NaN,0.119747368421053,3,0
1011010501,2023-01-17,22.71,286.23,12.6036988110964,5.916,5.01,11.784,NaN,0.07122,3,0
1011010504,2023-01-17,117.137,1234.2638,10.5369251389399,33.819,33.585,49.733,2.9,0.0851533333333334,3,0
1011010801,2023-01-17,166.406,1114.4494,6.69717077509224,37.741,46.491,82.174,3.51570338432057,0.0813097222222222,3,0
1011010101,2023-01-18,281.893,1466.7079,5.20306605697907,76.217,67.901,137.775,2.73819352302325,0.102803,4,0
1011010201,2023-01-18,58.399,641.0414,10.9769242624018,19.523,17.712,21.164,5.5,0.14142,4,0
1011010402,2023-01-18,84.28,727.4232,8.63102990033223,25.457,29.507,29.316,6.5,0.119747368421053,4,0
1011010501,2023-01-18,41.459,509.272,12.2837502110519,17.471,12.448,11.54,NaN,0.07122,4,0
1011010504,2023-01-18,218.267,2625.645,12.02950972891,63.008,70.656,84.603,NaN,0.0851533333333334,4,0
1011010801,2023-01-18,212.899,1765.2814,8.29163781887186,62.76,60.873,89.266,3.29138804457953,0.0813097222222222,4,0
1011010101,2023-01-19,371.074,2154.6867,5.80662266825485,119.363,125.935,125.776,2.96239372138653,0.102803,5,0
1011010201,2023-01-19,104.101,1145.8716,11.0073063659331,38.696,24.825,40.58,NaN,0.14142,5,0
1011010402,2023-01-19,157.124,1355.2014,8.62504391436063,74.617,39.401,43.106,6.5,0.119747368421053,5,0
1011010501,2023-01-19,61.759,877.47,14.2079696886284,26.131,16.772,18.856,NaN,0.07122,5,0
1011010504,2023-01-19,350.275,4398.7012,12.5578508314895,102.935,123.885,123.455,NaN,0.0851533333333334,5,0
1011010801,2023-01-19,385.359,3179.0694,8.24963060418986,119.596,129.456,136.307,3.27272727272727,0.0813097222222222,5,0
1011010101,2023-01-20,594.071,3911.2804,6.58386017832885,236.743,136.861,220.467,2.87499189101524,0.102803,6,0
1011010201,2023-01-20,138.786,1563.1508,11.2630294121886,54.051,35.786,48.949,NaN,0.14142,6,0
1011010402,2023-01-20,252.074,2054.9944,8.15234573974309,109.761,76.372,65.941,NaN,0.119747368421053,6,0
1011010501,2023-01-20,75.97,1078.53,14.1967882058707,34.489,31.387,10.094,NaN,0.07122,6,0
1011010504,2023-01-20,604.231,6036.3912,9.99020440857884,233.464,212.507,158.26,NaN,0.0851533333333334,6,0
1011010801,2023-01-20,455.941,3738.4468,8.19940913407656,199.558,144.149,112.234,3.05619834710744,0.0813097222222222,6,0
1011010101,2023-01-22,219.378,1536.4592,7.00370684389501,68.46,95.977,54.941,3.825,0.102803,1,1
1011010201,2023-01-22,34.134,373.1716,10.9325481924181,11.149,16.128,6.857,NaN,0.14142,1,1
1011010402,2023-01-22,39.08,291.06,7.44779938587513,13.932,16.299,8.849,6.5,0.119747368421053,1,1
1011010501,2023-01-22,17.629,246.806,14,5.201,7.55,4.878,NaN,0.07122,1,1
1011010504,2023-01-22,91.232,753.4644,8.25877323746054,21.492,48.418,21.322,NaN,0.0851533333333334,1,1
1011010801,2023-01-22,91.901,804.4158,8.75306906344871,33.465,35.924,22.512,1.7,0.0813097222222222,1,1
1011010101,2023-01-23,291.352,2027.2952,6.95823333974025,104.312,119.808,67.232,5.29989142236699,0.102803,2,0
1011010201,2023-01-23,66.018,725.884,10.9952437214093,16.986,27.485,21.547,NaN,0.14142,2,0
1011010402,2023-01-23,46.756,383.292,8.19770724612884,22.855,16.028,7.873,6.5,0.119747368421053,2,0
1011010501,2023-01-23,31.043,434.602,14,9.135,12.452,9.456,NaN,0.07122,2,0
1011010504,2023-01-23,124.14,998.1356,8.04040277106493,42.596,32.475,49.069,NaN,0.0851533333333334,2,0
1011010801,2023-01-23,146.538,1196.0968,8.16236607569368,40.979,50.574,54.985,3.66666666666667,0.0813097222222222,2,0
1011010101,2023-01-24,205.447,1126.55,5.48340934644945,110.338,54.999,40.11,3.3,0.102803,3,0
1011010201,2023-01-24,89.421,1008.12,11.2738618445332,31.757,32.541,25.123,NaN,0.14142,3,0
1011010402,2023-01-24,84.834,690.6168,8.14080203691916,37.022,36.591,11.221,NaN,0.119747368421053,3,0
1011010501,2023-01-24,31.05,452.4212,14.570731078905,15.496,10.921,4.633,7.2,0.07122,3,0
1011010504,2023-01-24,181.951,1615.442,8.87844529571148,87.751,64.677,29.523,NaN,0.0851533333333334,3,0
1011010801,2023-01-24,48.517,774.4204,15.9618360574644,31.56,12.682,4.275,3.5,0.0813097222222222,3,0
1011010101,2023-01-25,245.072,1957.5438,7.98762730952536,156.575,63.239,25.258,NaN,0.102803,4,0
1011010201,2023-01-25,114.337,1308.594,11.445061528639,22.46,58.377,33.5,NaN,0.14142,4,0
1011010402,2023-01-25,97.229,765.29,7.87100556418353,28.629,43.041,25.559,6.5,0.119747368421053,4,0
1011010501,2023-01-25,38.246,557.666,14.581028081368,15.763,16.526,5.957,NaN,0.07122,4,0
1011010504,2023-01-25,140.698,1486.757,10.5670087705582,58.909,44.201,37.588,NaN,0.0851533333333334,4,0
1011010801,2023-01-25,165.671,2140.7524,12.9217086877003,60.359,65.522,39.79,NaN,0.0813097222222222,4,0
1011010101,2023-01-26,272.125,2322.2886,8.53390390445567,146.21,83.922,41.993,NaN,0.102803,5,0
1011010201,2023-01-26,60.15,665.7484,11.068136325852,20.047,23.58,16.523,NaN,0.14142,5,0
1011010402,2023-01-26,72.927,550.8716,7.55374004141127,35.264,23.252,14.411,6.5,0.119747368421053,5,0
1011010501,2023-01-26,32.835,467.186,14.2282929800518,11.951,17.413,3.471,NaN,0.07122,5,0
1011010504,2023-01-26,226.705,2139.901,9.43914338016365,93.873,79.329,53.503,2.7,0.0851533333333334,5,0
1011010801,2023-01-26,204.906,1922.9354,9.38447580841947,85.399,62.924,56.583,3.5,0.0813097222222222,5,0
1011010101,2023-01-27,283.135,2021.0304,7.13804510215975,128.94,102.201,51.994,NaN,0.102803,6,0
1011010201,2023-01-27,69.283,738.0592,10.6528181516389,19.702,31.338,18.243,NaN,0.14142,6,0
1011010402,2023-01-27,88.434,662.7912,7.49475541081485,35.73,24.565,28.139,6.5,0.119747368421053,6,0
1011010501,2023-01-27,31.75,444.5,14,14.795,10.387,6.568,NaN,0.07122,6,0
1011010504,2023-01-27,284.492,2056.3072,7.22799656932357,113.945,102.634,67.913,2.7,0.0851533333333334,6,0
1011010801,2023-01-27,215.811,1751.7204,8.11691897076609,71.539,78.228,66.044,3.5,0.0813097222222222,6,0
1011010101,2023-01-28,235.443,1705.154,7.24232192080461,87.503,74.416,73.524,NaN,0.102803,7,1
1011010201,2023-01-28,43.626,484.664,11.1095218447715,10.336,18.169,15.121,NaN,0.14142,7,1
1011010402,2023-01-28,63.873,456.6448,7.14926181641696,25.405,24.635,13.833,6.5,0.119747368421053,7,1
1011010501,2023-01-28,30.24,423.36,14,9.121,10.601,10.518,NaN,0.07122,7,1
1011010504,2023-01-28,246.343,1553.0586,6.30445598210625,78.278,88.1,79.965,NaN,0.0851533333333334,7,1
1011010801,2023-01-28,163.237,1295.633,7.93712822460594,46.224,62.534,54.479,3.26,0.0813097222222222,7,1
1011010101,2023-01-29,229.694,1388.4644,6.04484400985659,83.4,82.073,64.221,NaN,0.102803,1,1
1011010201,2023-01-29,40.249,436.3428,10.8410842505404,14.406,10.456,15.387,NaN,0.14142,1,1
1011010402,2023-01-29,48.473,375.852,7.75384234522312,19.083,19.035,10.355,NaN,0.119747368421053,1,1
1011010501,2023-01-29,15.298,214.172,14,4.859,4.062,6.377,NaN,0.07122,1,1
1011010504,2023-01-29,194.121,1256.2296,6.47137403990295,56.243,67.757,70.121,1.8,0.0851533333333334,1,1
1011010801,2023-01-29,122.262,905.3756,7.40520848669251,33.553,41.501,47.208,3.5,0.0813097222222222,1,1
1011010101,2023-01-30,217.18,1192.4548,5.49062897136016,55.66,76.638,84.882,3.43333333333333,0.102803,2,0
1011010201,2023-01-30,42.686,406.0313,9.51204844679754,10.024,13.804,18.858,5.5,0.14142,2,0
1011010402,2023-01-30,52.383,397.5072,7.58847717771033,17.395,20.519,14.469,6.5,0.119747368421053,2,0
1011010501,2023-01-30,15.248,213.472,14,1.125,4.149,9.974,NaN,0.07122,2,0
1011010504,2023-01-30,153.832,1039.4452,6.75701544542098,27.654,60.206,65.972,2.2,0.0851533333333334,2,0
1011010801,2023-01-30,113.826,844.9528,7.42319680916487,31.577,39.577,42.672,2.62530439385918,0.0813097222222222,2,0
1011010101,2023-01-31,202.836,1262.7896,6.22566802737187,44.428,70.72,87.688,3.19230769230769,0.102803,3,0
1011010201,2023-01-31,37.502,358.2106,9.5517732387606,10.599,8.648,18.255,4.6,0.14142,3,0
1011010402,2023-01-31,40.683,295.0536,7.25250350269154,10.533,18.88,11.27,NaN,0.119747368421053,3,0
1011010501,2023-01-31,13.52,189.28,14,0.931,4.957,7.632,NaN,0.07122,3,0
1011010504,2023-01-31,157.934,995.2484,6.30167285068446,37.373,54.907,65.654,2.4,0.0851533333333334,3,0
1011010801,2023-01-31,104.426,710.6556,6.80535115775765,23.549,27.639,53.238,3.30701473983307,0.0813097222222222,3,0
1011010101,2023-02-01,156.42,1026.3592,6.56155990282573,36.103,45.308,75.009,2.23333333333333,0.102803,4,0
1011010201,2023-02-01,33.307,317.3828,9.52901191941634,8.856,10.731,13.72,5.5,0.14142,4,0
1011010402,2023-02-01,33.281,225.5728,6.7778251855413,13.652,14.301,5.328,6.5,0.119747368421053,4,0
1011010501,2023-02-01,12.689,177.646,14,2.478,2.988,7.223,NaN,0.07122,4,0
1011010504,2023-02-01,136.909,802.776,5.86357361459071,32.448,33.047,71.414,2.38461538461538,0.0851533333333334,4,0
1011010801,2023-02-01,92.321,656.5018,7.1110776529717,22.21,28.685,41.426,4.0533692722372,0.0813097222222222,4,0
1011010101,2023-02-02,204.688,1144.1902,5.5899232001876,60.004,67.195,77.489,3.43684210526316,0.102803,5,0
1011010201,2023-02-02,41.747,404.3669,9.68613073993341,12.479,11.805,17.463,5.5,0.14142,5,0
1011010402,2023-02-02,32.252,236.2056,7.32375046508744,11.606,14.176,6.47,NaN,0.119747368421053,5,0
1011010501,2023-02-02,15.701,193.772,12.3413795299662,5.503,4.172,6.026,NaN,0.07122,5,0
1011010504,2023-02-02,142.663,930.3378,6.52122694742155,42.794,39.742,60.127,3.20839474527395,0.0851533333333334,5,0
1011010801,2023-02-02,125.853,855.031,6.79388651839845,34.09,35.774,55.989,4.53371974087964,0.0813097222222222,5,0
1011010101,2023-02-03,189.282,1177.8684,6.22282308935874,58.127,49.524,81.631,3.3,0.102803,6,0
1011010201,2023-02-03,53.285,514.7936,9.66113540395984,11.441,18.95,22.894,4.6,0.14142,6,0
1011010402,2023-02-03,54.97,338.7464,6.16238675641259,21.238,19.151,14.581,6.5,0.119747368421053,6,0
1011010501,2023-02-03,14.786,177.432,12,3.438,4.022,7.326,NaN,0.07122,6,0
1011010504,2023-02-03,187.654,1212.2277,6.45990866168587,47.744,64.492,75.418,2.9200319009195,0.0851533333333334,6,0
1011010801,2023-02-03,125.441,729.289,5.81380091038815,29.413,41.46,54.568,4.17769637769638,0.0813097222222222,6,0
1011010101,2023-02-04,252.725,1719.3176,6.80311643090316,72.879,99.129,80.717,3.5,0.102803,7,1
1011010201,2023-02-04,39.93,402.7608,10.086671675432,15.159,12.64,12.131,6.5,0.14142,7,1
1011010402,2023-02-04,85.605,543.6184,6.3503113135915,29.645,32.949,23.011,6.5,0.119747368421053,7,1
1011010501,2023-02-04,20.698,248.376,12,7.443,6.682,6.573,NaN,0.07122,7,1
1011010504,2023-02-04,232.871,1562.6496,6.71036582485582,67.991,96.139,68.741,2.87656080837243,0.0851533333333334,7,1
1011010801,2023-02-04,126.55,762.755,6.02730146187278,42.493,40.779,43.278,NaN,0.0813097222222222,7,1
1011010101,2023-02-05,281.351,1788.4028,6.35648282750017,126.791,102.048,52.512,3.7,0.102803,1,1
1011010201,2023-02-05,39.59,391.1804,9.88078807779742,11.387,16.399,11.804,5.4,0.14142,1,1
1011010402,2023-02-05,83.513,483.5876,5.79056673811263,43.814,29.464,10.235,6.5,0.119747368421053,1,1
1011010501,2023-02-05,15.281,183.372,12,4.049,6.615,4.617,NaN,0.07122,1,1
1011010504,2023-02-05,140.199,1154.9584,8.23799313832481,73.873,50.104,16.222,2.12857142857143,0.0851533333333334,1,1
1011010801,2023-02-05,112.777,972.5326,8.6235012458214,44.121,40.049,28.607,NaN,0.0813097222222222,1,1
1011010101,2023-02-06,179.662,912.0412,5.07642795916777,52.443,48.589,78.63,4.50106712564544,0.102803,2,0
1011010201,2023-02-06,34.646,350.6188,10.1200369451019,5.485,11.813,17.348,6.5,0.14142,2,0
1011010402,2023-02-06,11.684,69.692,5.96473810338925,2.5,6.338,2.846,5.86756669881067,0.119747368421053,2,0
1011010501,2023-02-06,12.377,148.524,12,3.371,2.96,6.046,NaN,0.07122,2,0
1011010504,2023-02-06,91.363,550.9554,6.03039961472369,20.877,27.112,43.374,1.92,0.0851533333333334,2,0
1011010801,2023-02-06,79.476,616.9757,7.76304418944084,15.846,25.658,37.972,4.01295536387237,0.0813097222222222,2,0
1011010101,2023-02-07,154.543,784.7646,5.07796923833496,37.851,36.858,79.834,3.66160849772382,0.102803,3,0
1011010201,2023-02-07,33.83,372.6842,11.0163819095477,6.819,6.759,20.252,6.5,0.14142,3,0
1011010402,2023-02-07,25.653,150.2208,5.85587650567185,6.476,8.694,10.483,7.2,0.119747368421053,3,0
1011010501,2023-02-07,12.441,149.292,12,1.949,2.843,7.649,NaN,0.07122,3,0
1011010504,2023-02-07,99.937,643.4482,6.43853827911584,21.419,31.46,47.058,2.73967119370979,0.0851533333333334,3,0
1011010801,2023-02-07,63.807,471.551,7.39027065995894,19.954,17.222,26.631,3.60753138075314,0.0813097222222222,3,0
1011010101,2023-02-08,161.297,903.4744,5.60130938579143,37.221,47.172,76.904,3.05499721109477,0.102803,4,0
1011010201,2023-02-08,35.924,389.9992,10.8562298185057,7.839,11.879,16.206,6.5,0.14142,4,0
1011010402,2023-02-08,40.347,251.2956,6.2283589857982,15.994,13.441,10.912,7.2,0.119747368421053,4,0
1011010501,2023-02-08,8.429,101.148,12,0.853,2.793,4.783,NaN,0.07122,4,0
1011010504,2023-02-08,93.975,579.297,6.16437350359138,18.182,34.93,40.863,2.9,0.0851533333333334,4,0
1011010801,2023-02-08,75.372,481.1622,6.38383219232606,12.814,25.827,36.731,3.55114518089184,0.0813097222222222,4,0
1011010101,2023-02-09,203.645,1068.3908,5.24633946328169,62.396,54.57,86.679,2.908,0.102803,5,0
1011010201,2023-02-09,30.833,319.5675,10.3644633996043,9.302,8.423,13.108,6.5,0.14142,5,0
1011010402,2023-02-09,42.757,286.5624,6.70211661248451,13.364,15.465,13.928,6.86390041493776,0.119747368421053,5,0
1011010501,2023-02-09,13.362,160.344,12,4.331,3.578,5.453,NaN,0.07122,5,0
1011010504,2023-02-09,138.13,864.0664,6.2554579019764,28.765,48.004,61.361,2.85945273631841,0.0851533333333334,5,0
1011010801,2023-02-09,88.67,606.5442,6.84046689974061,27.689,23.686,37.295,3.53931388736012,0.0813097222222222,5,0
1011010101,2023-02-10,175.847,960.4128,5.46163881101185,52.873,38.717,84.257,2.98888888888889,0.102803,6,0
1011010201,2023-02-10,31.996,358.9261,11.2178428553569,9.477,9.907,12.612,6.5,0.14142,6,0
1011010402,2023-02-10,49.257,335.394,6.80906267129545,6.457,15.674,27.126,6.63994432846207,0.119747368421053,6,0
1011010501,2023-02-10,12.794,153.528,12,4.305,2.944,5.545,NaN,0.07122,6,0
1011010504,2023-02-10,125.468,785.3334,6.25923263302197,31.238,34.363,59.867,3.36050132928219,0.0851533333333334,6,0
1011010801,2023-02-10,103.7,770.8558,7.43351783992286,22.653,17.626,63.421,4.46426108571887,0.0813097222222222,6,0
1011010101,2023-02-11,243.908,1427.4924,5.85258540105286,102.527,81.086,60.295,3.43333333333333,0.102803,7,1
1011010201,2023-02-11,53.417,534.17,10,23.395,15.595,14.427,NaN,0.14142,7,1
1011010402,2023-02-11,77.149,482.5978,6.25539929227858,31.065,24.95,21.134,7.04891740176423,0.119747368421053,7,1
1011010501,2023-02-11,16.919,176.416,10.42709379987,7.261,5.26,4.398,NaN,0.07122,7,1
1011010504,2023-02-11,164.9,1042.9868,6.32496543359612,49.496,65.283,50.121,NaN,0.0851533333333334,7,1
1011010801,2023-02-11,143.531,1021.111,7.11421922790199,55.71,38.087,49.734,3.99074814391776,0.0813097222222222,7,1
1011010101,2023-02-12,309.307,1602.2994,5.18028819263709,127.456,110.944,70.907,3.4,0.102803,1,1
1011010201,2023-02-12,48.809,482.39,9.88321825892766,14.706,20.962,13.141,6,0.14142,1,1
1011010402,2023-02-12,74.087,422.05,5.69668092917786,32.607,33.737,7.743,7.02017879948915,0.119747368421053,1,1
1011010501,2023-02-12,28.032,286.478,10.2196775114155,10.09,10.994,6.948,NaN,0.07122,1,1
1011010504,2023-02-12,158.806,1143.26,7.19909827084619,62.436,52.945,43.425,2.3,0.0851533333333334,1,1
1011010801,2023-02-12,109.179,793.257,7.26565548319732,41.478,32.102,35.599,3.5,0.0813097222222222,1,1
1011010101,2023-02-13,226.189,1089.286,4.81582216641835,72.467,69,84.722,3.56153846153846,0.102803,2,0
1011010201,2023-02-13,33.601,322.3692,9.59403589178893,11.502,8.149,13.95,NaN,0.14142,2,0
1011010402,2023-02-13,30.456,260.6152,8.55710533228264,15.36,5.732,9.364,6.04633431085044,0.119747368421053,2,0
1011010501,2023-02-13,14.143,143.554,10.1501803012091,3.424,2.941,7.778,NaN,0.07122,2,0
1011010504,2023-02-13,107.056,650.209,6.07354095053056,31.148,36.682,39.226,3.5,0.0851533333333334,2,0
1011010801,2023-02-13,103.147,714.7214,6.92915353815429,23.914,27.556,51.677,3.61712062256809,0.0813097222222222,2,0
1011010101,2023-02-14,160.285,806.7142,5.03299872102817,60.278,31.445,68.562,3.71093642256241,0.102803,3,0
1011010201,2023-02-14,37.56,351.0848,9.34730564430245,9.721,11.155,16.684,6,0.14142,3,0
1011010402,2023-02-14,39.561,237.6,6.00591491620535,8.952,16.191,14.418,6.5,0.119747368421053,3,0
1011010501,2023-02-14,14.301,149.062,10.423187189707,2.83,4.659,6.812,NaN,0.07122,3,0
1011010504,2023-02-14,108.672,632.6418,5.82157133392226,29.675,34.388,44.609,NaN,0.0851533333333334,3,0
1011010801,2023-02-14,75.069,530.242,7.0633950099242,24.638,16.5,33.931,3.45294117647059,0.0813097222222222,3,0
1011010101,2023-02-15,184.475,902.4196,4.89182599268193,44.005,45.354,95.116,3.19496246064422,0.102803,4,0
1011010201,2023-02-15,31.355,286.9492,9.15162494020093,7.906,8.037,15.412,6,0.14142,4,0
1011010402,2023-02-15,41.209,221.06,5.36436215389842,8.814,17.95,14.445,5.51729957805907,0.119747368421053,4,0
1011010501,2023-02-15,6.735,75.498,11.2097995545657,1.409,2.074,3.252,NaN,0.07122,4,0
1011010504,2023-02-15,105.647,627.5458,5.94002479956837,19.183,27.864,58.6,NaN,0.0851533333333334,4,0
1011010801,2023-02-15,72.525,549.644,7.57868321268528,17.295,16.931,38.299,2.78,0.0813097222222222,4,0
1011010101,2023-02-16,155.351,772.8698,4.97499082722351,56.328,34.809,64.214,4.31688018085908,0.102803,5,0
1011010201,2023-02-16,34.159,315.6092,9.23941567376094,7.594,10.647,15.918,6,0.14142,5,0
1011010402,2023-02-16,32.783,226.0328,6.89481743586615,8.16,15.124,9.499,6.5,0.119747368421053,5,0
1011010501,2023-02-16,7.394,87.924,11.8912631863673,2.936,2.1,2.358,NaN,0.07122,5,0
1011010504,2023-02-16,105.95,619.7962,5.84989334591789,26.864,25.277,53.809,2.39679376083189,0.0851533333333334,5,0
1011010801,2023-02-16,74.701,527.0584,7.05557355323222,14.028,16.098,44.575,3.30376111237748,0.0813097222222222,5,0
1011010101,2023-02-17,160.609,858.3024,5.34404921268422,44.849,42.895,72.865,3.132,0.102803,6,0
1011010201,2023-02-17,38.594,359.7896,9.32242317458672,8.786,8.705,21.103,6,0.14142,6,0
1011010402,2023-02-17,28.471,190.9744,6.70768150047417,9.092,5.457,13.922,5.55714285714286,0.119747368421053,6,0
1011010501,2023-02-17,8.283,100.256,12.1038271157793,4.085,1.087,3.111,NaN,0.07122,6,0
1011010504,2023-02-17,136.319,746.06,5.47289812865411,30.811,32.801,72.707,3.13349528039978,0.0851533333333334,6,0
1011010801,2023-02-17,104.876,608.1616,5.7988634196575,19.749,20.232,64.895,3.27734193086154,0.0813097222222222,6,0
1011010101,2023-02-18,285.815,1782.7636,6.23747389045361,108.743,94.696,82.376,2.1,0.102803,7,1
1011010201,2023-02-18,48.488,445.8096,9.19422537535061,20.58,12.342,15.566,6,0.14142,7,1
1011010402,2023-02-18,65.745,425.9464,6.47876492508936,26.834,21.387,17.524,5.4,0.119747368421053,7,1
1011010501,2023-02-18,21.074,252.888,12,6.129,4.758,10.187,NaN,0.07122,7,1
1011010504,2023-02-18,181.095,1069.3938,5.90515364863746,56.443,54.876,69.776,2.66,0.0851533333333334,7,1
1011010801,2023-02-18,134.317,1023.206,7.61784435328365,37.39,38.832,58.095,3.24666666666667,0.0813097222222222,7,1
1011010101,2023-02-19,230.404,1225.1448,5.3173764344369,78.362,60.311,91.731,3.44897959183673,0.102803,1,1
1011010201,2023-02-19,45.805,385.0444,8.40616526580068,14.07,10.922,20.813,5.22426949562628,0.14142,1,1
1011010402,2023-02-19,48.268,332.6368,6.89145603712605,25.079,14.881,8.308,5.4,0.119747368421053,1,1
1011010501,2023-02-19,17.567,212.152,12.0767347868162,4.784,2.325,10.458,NaN,0.07122,1,1
1011010504,2023-02-19,162.066,956.3342,5.90089346315699,51.276,43.623,67.167,3.09014743739761,0.0851533333333334,1,1
1011010801,2023-02-19,105.097,776.8798,7.39202641369402,26.349,28.324,50.424,3.68694852941176,0.0813097222222222,1,1
1011010101,2023-02-20,139.164,662.304,4.75916185220316,33.789,33.202,72.173,3.23548387096774,0.102803,2,0
1011010201,2023-02-20,29.447,250.5572,8.50875131592352,7.23,3.807,18.41,5.15650406504065,0.14142,2,0
1011010402,2023-02-20,24.15,156.9848,6.50040579710145,8.247,8.895,7.008,5.4,0.119747368421053,2,0
1011010501,2023-02-20,7.391,91.786,12.4186172371804,2.929,0.535,3.927,NaN,0.07122,2,0
1011010504,2023-02-20,61.627,450.39,7.30832265078618,19.257,15.173,27.197,5.72908366533864,0.0851533333333334,2,0
1011010801,2023-02-20,65.776,410.5334,6.24138591583556,13.876,12.607,39.293,3.68610358983317,0.0813097222222222,2,0
1011010101,2023-02-21,150.154,763.9846,5.08800697950105,37.984,40.215,71.955,3.23880951468955,0.102803,3,0
1011010201,2023-02-21,29.466,253.495,8.60296613045544,9.432,7.659,12.375,4.35256064690027,0.14142,3,0
1011010402,2023-02-21,24.144,161.428,6.68605036447979,14.432,7.759,1.953,5.4,0.119747368421053,3,0
1011010501,2023-02-21,12.593,151.116,12,7.35,2.199,3.044,NaN,0.07122,3,0
1011010504,2023-02-21,101.221,655.904,6.47992017466731,33.147,24.251,43.823,4.59090909090909,0.0851533333333334,3,0
1011010801,2023-02-21,55.615,394.94,7.10132158590308,16.536,14.875,24.204,3.33846153846154,0.0813097222222222,3,0
1011010101,2023-02-22,138.874,722.1778,5.20023762547345,33.635,43.905,61.334,3.26666666666667,0.102803,4,0
1011010201,2023-02-22,29.54,239.2572,8.09943127962085,7.586,6.533,15.421,4.76920556920557,0.14142,4,0
1011010402,2023-02-22,31.124,202.9924,6.52205372060147,10.643,13.197,7.284,5.4,0.119747368421053,4,0
1011010501,2023-02-22,9.991,119.892,12,3.085,1.589,5.317,NaN,0.07122,4,0
1011010504,2023-02-22,82.293,618.312,7.51354307170719,26.135,23.983,32.175,5.09062661833247,0.0851533333333334,4,0
1011010801,2023-02-22,74.474,457.1504,6.13838923651207,18.411,17.502,38.561,3.86367226061204,0.0813097222222222,4,0
1011010101,2023-02-23,154.467,781.4976,5.05931752413137,41.861,36.766,75.84,3.37857142857143,0.102803,5,0
1011010201,2023-02-23,33.284,250.2246,7.51786443937027,5.749,8.91,18.625,4.03611487401788,0.14142,5,0
1011010402,2023-02-23,22.517,127.3514,5.65578895945286,6.042,10.389,6.086,5.4214248297538,0.119747368421053,5,0
1011010501,2023-02-23,11.31,139.09,12.2979664014147,2.638,2.539,6.133,NaN,0.07122,5,0
1011010504,2023-02-23,104.048,658.6238,6.32999961556205,20.389,32.284,51.375,3.45096531282544,0.0851533333333334,5,0
1011010801,2023-02-23,77.906,494.1822,6.34331373706775,16.228,23.667,38.011,3.42684750478178,0.0813097222222222,5,0
1011010101,2023-02-24,134.956,704.118,5.21738937135066,47.469,25.902,61.585,2.96,0.102803,6,0
1011010201,2023-02-24,31.17,267.2292,8.57328200192493,8.212,5.826,17.132,4.8,0.14142,6,0
1011010402,2023-02-24,35.391,209.1016,5.9083269757848,8.587,16.015,10.789,5.4,0.119747368421053,6,0
1011010501,2023-02-24,11.328,151.482,13.3723516949153,1.611,1.658,8.059,NaN,0.07122,6,0
1011010504,2023-02-24,134.183,864.0634,6.4394401675324,36.309,31.314,66.56,3.23390084190833,0.0851533333333334,6,0
1011010801,2023-02-24,83.785,615.6348,7.34779256430149,21.597,23.529,38.659,4.42044456832276,0.0813097222222222,6,0
1011010101,2023-02-25,219.47,1136.8502,5.17997995170183,77.318,53.997,88.155,2.81282051282051,0.102803,7,1
1011010201,2023-02-25,44.994,381.9428,8.48874961105925,17.814,9.185,17.995,4.47802816901408,0.14142,7,1
1011010402,2023-02-25,41.824,263.336,6.29628921193573,16.523,15.494,9.807,5.4,0.119747368421053,7,1
1011010501,2023-02-25,10.979,146.848,13.3753529465343,5.318,0.594,5.067,NaN,0.07122,7,1
1011010504,2023-02-25,170.605,1135.4308,6.65531959790159,65.552,38.702,66.351,3.06053576360121,0.0851533333333334,7,1
1011010801,2023-02-25,115.867,828.0384,7.14645585024209,36.699,33.354,45.814,3.93053284465746,0.0813097222222222,7,1
1011010101,2023-02-26,243.01,1119.8628,4.60829924694457,76.009,74.149,92.852,2.82765957446809,0.102803,1,1
1011010201,2023-02-26,47.396,399.6972,8.43314203730272,15.711,16.398,15.287,4.8,0.14142,1,1
1011010402,2023-02-26,34.64,208.272,6.01247113163972,16.753,9.191,8.696,NaN,0.119747368421053,1,1
1011010501,2023-02-26,14.041,187.376,13.3449184531016,5.165,5.512,3.364,NaN,0.07122,1,1
1011010504,2023-02-26,149.738,1029.0994,6.87266692489548,54.734,38.824,56.18,2.87678400823106,0.0851533333333334,1,1
1011010801,2023-02-26,92.628,565.7202,6.10744267392149,27.303,22.434,42.891,3.47469567469567,0.0813097222222222,1,1
1011010101,2023-02-27,136.926,716.2076,5.23061799804274,35.394,34.711,66.821,2.625,0.102803,2,0
1011010201,2023-02-27,13.221,121.6332,9.2,3.539,4.138,5.544,NaN,0.14142,2,0
1011010402,2023-02-27,13.331,102.8589,7.71576775935789,7.928,3.785,1.618,5.42277992277992,0.119747368421053,2,0
1011010501,2023-02-27,8.846,122.39,13.8356319240335,2.214,3.18,3.452,NaN,0.07122,2,0
1011010504,2023-02-27,88.884,630.237,7.09055623059268,18.83,35.636,34.418,2.77499558537877,0.0851533333333334,2,0
1011010801,2023-02-27,65.006,484.6718,7.45580100298434,13.095,20.07,31.841,4.1825424721734,0.0813097222222222,2,0
1011010101,2023-02-28,115.968,595.5288,5.13528559602649,28.511,30.852,56.605,2.7,0.102803,3,0
1011010201,2023-02-28,27.118,232.0552,8.55723873441994,12.036,5.899,9.183,4.8,0.14142,3,0
1011010402,2023-02-28,21.011,147.9436,7.04124506211032,7.198,9.679,4.134,NaN,0.119747368421053,3,0
1011010501,2023-02-28,7.007,95.172,13.5824175824176,2.737,0.827,3.443,NaN,0.07122,3,0
1011010504,2023-02-28,96.706,640.2149,6.6202190143321,25.803,29.175,41.728,3.92161629434954,0.0851533333333334,3,0
1011010801,2023-02-28,61.482,467.255,7.59986662763085,16.07,13.278,32.134,3.4423794438578,0.0813097222222222,3,0
1011010101,2023-03-01,139.125,646.8802,4.64963306379155,36.172,38.404,64.549,2.70909090909091,0.102803,4,0
1011010201,2023-03-01,23.98,201.8208,8.41621351125938,5.734,8.466,9.78,4.8,0.14142,4,0
1011010402,2023-03-01,15.748,103.2176,6.55433070866142,7.656,6.468,1.624,5.4,0.119747368421053,4,0
1011010501,2023-03-01,9.504,127.974,13.4652777777778,2.564,3.007,3.933,NaN,0.07122,4,0
1011010504,2023-03-01,105.906,692.6093,6.53984948916964,24.306,42.365,39.235,3.75487924159206,0.0851533333333334,4,0
1011010801,2023-03-01,73.717,451.175,6.12036572296757,13.61,20.285,39.822,3.58646329837941,0.0813097222222222,4,0
1011010101,2023-03-02,131.001,596.3764,4.55245685147442,40.398,27.219,63.384,2.73888888888889,0.102803,5,0
1011010201,2023-03-02,28.182,229.3188,8.13706621247605,9.621,4.195,14.366,4.8,0.14142,5,0
1011010402,2023-03-02,21.735,125.4508,5.77183344835519,11.169,3.675,6.891,5.4,0.119747368421053,5,0
1011010501,2023-03-02,7.568,101.838,13.4563953488372,3.435,1.39,2.743,NaN,0.07122,5,0
1011010504,2023-03-02,114.103,691.0814,6.05664531169207,30.776,31.292,52.035,2.78078564072385,0.0851533333333334,5,0
1011010801,2023-03-02,62.87,420.9732,6.69593128678225,15.284,11.372,36.214,3.45616726997677,0.0813097222222222,5,0
1011010101,2023-03-03,152.142,653.421,4.29481011160626,36.996,34.789,80.357,2.77058823529412,0.102803,6,0
1011010201,2023-03-03,34.915,296.809,8.50090219103537,9.267,8.235,17.413,5.3,0.14142,6,0
1011010402,2023-03-03,29.054,202.7784,6.97936256625594,7.099,11.372,10.583,NaN,0.119747368421053,6,0
1011010501,2023-03-03,13.904,191.194,13.7510069044879,2.561,4.012,7.331,NaN,0.07122,6,0
1011010504,2023-03-03,128.818,806.4022,6.26001179959322,23.774,30.325,74.719,2.86161018468711,0.0851533333333334,6,0
1011010801,2023-03-03,90.386,571.3522,6.32124665324276,21.108,16.259,53.019,3.53039402001774,0.0813097222222222,6,0
1011010101,2023-03-04,163.918,806.0904,4.91764418794763,51.514,43.943,68.461,2.75714285714286,0.102803,7,1
1011010201,2023-03-04,33.769,300.7808,8.90700938730789,12.459,5.767,15.543,5.3,0.14142,7,1
1011010402,2023-03-04,34.038,215.8544,6.34157118514601,22.47,7.607,3.961,NaN,0.119747368421053,7,1
1011010501,2023-03-04,12.627,174.536,13.8224439692722,3.736,4.217,4.674,NaN,0.07122,7,1
1011010504,2023-03-04,142.301,1150.7004,8.08638308936691,58.181,36.6,47.52,4.04890073284477,0.0851533333333334,7,1
1011010801,2023-03-04,105.25,766.8696,7.28617197149644,26.321,23.595,55.334,3.79810254862219,0.0813097222222222,7,1
1011010101,2023-03-05,178.491,905.5032,5.07310284552162,64.953,55.592,57.946,2.85384615384615,0.102803,1,1
1011010201,2023-03-05,47.699,418.282,8.76919851569215,12.725,15.67,19.304,5.3,0.14142,1,1
1011010402,2023-03-05,31.386,224.152,7.14178296055566,10.734,16.938,3.714,NaN,0.119747368421053,1,1
1011010501,2023-03-05,16.193,195.19,12.0539739393565,5.638,5.102,5.453,NaN,0.07122,1,1
1011010504,2023-03-05,132.344,909.4034,6.87151211992988,55.15,42.282,34.912,3.27564530822958,0.0851533333333334,1,1
1011010801,2023-03-05,85.307,626.9672,7.34953989707762,34.36,22.03,28.917,4.62283763277693,0.0813097222222222,1,1
1011010101,2023-03-06,107.018,564.683,5.27652357547329,26.762,30.539,49.717,2.83529411764706,0.102803,2,0
1011010201,2023-03-06,23.166,193.0535,8.33348441681775,4.36,7.302,11.504,5.3,0.14142,2,0
1011010402,2023-03-06,18.411,171.5792,9.31938515018196,9.245,5.454,3.712,5.42435703479576,0.119747368421053,2,0
1011010501,2023-03-06,10.569,126.828,12,3.487,1.33,5.752,NaN,0.07122,2,0
1011010504,2023-03-06,96.609,623.4412,6.45324141643118,26.412,21.398,48.799,2.83411878186578,0.0851533333333334,2,0
1011010801,2023-03-06,54.979,385.4932,7.01164444606122,12.172,13.075,29.732,4.37818332642057,0.0813097222222222,2,0
1011010101,2023-03-07,125.449,656.1414,5.23034380505225,32.195,25.958,67.296,3.52095783227433,0.102803,3,0
1011010201,2023-03-07,31.21,262.6922,8.41692406280039,9.526,4.917,16.767,5.17474390674673,0.14142,3,0
1011010402,2023-03-07,19.542,117.2768,6.00126906150855,6.959,8.457,4.126,NaN,0.119747368421053,3,0
1011010501,2023-03-07,8.469,102.358,12.0861967174401,3.292,2.877,2.3,NaN,0.07122,3,0
1011010504,2023-03-07,100.437,612.61,6.09944542349931,29.855,22.605,47.977,4.02089197897236,0.0851533333333334,3,0
1011010801,2023-03-07,71.957,435.3456,6.05007990883444,15.57,18.419,37.968,3.71479309221245,0.0813097222222222,3,0
1011010101,2023-03-08,119.807,643.408,5.37037067950954,38.1,30.002,51.705,2.92666666666667,0.102803,4,0
1011010201,2023-03-08,22.18,182.4823,8.22733543733093,6.678,6.015,9.487,5.20736486486487,0.14142,4,0
1011010402,2023-03-08,17.906,165.754,9.25689712945382,10.537,4.928,2.441,5.4,0.119747368421053,4,0
1011010501,2023-03-08,11.717,143.67,12.2616710762141,3.233,3.317,5.167,NaN,0.07122,4,0
1011010504,2023-03-08,105.092,650.0384,6.18542229665436,28.766,29.648,46.678,3.68655028276371,0.0851533333333334,4,0
1011010801,2023-03-08,65.41,514.4908,7.86562910869898,14.657,18.07,32.683,3.7533357637623,0.0813097222222222,4,0
1011010101,2023-03-09,121.336,654.349,5.39286773917057,31.586,35.36,54.39,3.12727272727273,0.102803,5,0
1011010201,2023-03-09,22.245,192.2475,8.64227916385705,5.765,2.758,13.722,5.3,0.14142,5,0
1011010402,2023-03-09,22.284,193.6196,8.68872733800036,9.05,2.903,10.331,NaN,0.119747368421053,5,0
1011010501,2023-03-09,7.751,94.816,12.2327441620436,2.324,2.099,3.328,NaN,0.07122,5,0
1011010504,2023-03-09,105.856,572.2188,5.40563406892382,26.738,30.686,48.432,3.22814951545916,0.0851533333333334,5,0
1011010801,2023-03-09,44.888,306.0208,6.81743004811976,16.34,7.921,20.627,3.35907271203799,0.0813097222222222,5,0
1011010101,2023-03-10,131.927,648.4096,4.91491203468585,27.717,28.316,75.894,3.08336016391044,0.102803,6,0
1011010201,2023-03-10,12.423,89.0407,7.16740722852773,2.29,2.798,7.335,5.17820710973725,0.14142,6,0
1011010402,2023-03-10,21.612,199.6761,9.23913103831205,9.195,7.224,5.193,8.24977635782748,0.119747368421053,6,0
1011010501,2023-03-10,14.024,168.288,12,5.561,2.902,5.561,NaN,0.07122,6,0
1011010504,2023-03-10,150.26,873.9848,5.81648342872355,38.135,32.14,79.985,3.80890812890813,0.0851533333333334,6,0
1011010801,2023-03-10,71.433,392.6698,5.49703638374421,12.147,16.386,42.9,5.56222222222222,0.0813097222222222,6,0
1011010101,2023-03-11,222.762,1083.1219,4.86223817347663,83.091,47.317,92.354,3.11394633806539,0.102803,7,1
1011010201,2023-03-11,15.802,134.5872,8.51709910137957,9.053,3.563,3.186,4.4,0.14142,7,1
1011010402,2023-03-11,38.49,282.375,7.33632112236945,18.14,14.39,5.96,17.8,0.119747368421053,7,1
1011010501,2023-03-11,20.211,243.464,12.0461135025481,7.733,3.278,9.2,NaN,0.07122,7,1
1011010504,2023-03-11,179.657,979.7096,5.45322252959807,53.773,53.8,72.084,3.70249030158929,0.0851533333333334,7,1
1011010801,2023-03-11,116.774,800.9232,6.85874595372258,33.789,26.057,56.928,4.0537454164484,0.0813097222222222,7,1
1011010101,2023-03-12,195.971,1100.2228,5.61421230692296,93.4,58.777,43.794,2.36666666666667,0.102803,1,1
1011010201,2023-03-12,19.536,148.2052,7.58626126126126,5.983,5.857,7.696,4.4,0.14142,1,1
1011010402,2023-03-12,33.314,245.4164,7.36676472353965,16.473,11.764,5.077,NaN,0.119747368421053,1,1
1011010501,2023-03-12,18.27,222.062,12.1544608648057,6.364,3.663,8.243,NaN,0.07122,1,1
1011010504,2023-03-12,157.361,1132.8704,7.19918149986337,57.15,48.876,51.335,4.872,0.0851533333333334,1,1
1011010801,2023-03-12,109.272,754.2054,6.90209202723479,49.089,38.219,21.964,3.44359985657942,0.0813097222222222,1,1
1011010101,2023-03-13,135.094,808.0492,5.98138481353724,36.418,41.259,57.417,8.01496725912067,0.102803,2,0
1011010201,2023-03-13,10.596,82.5348,7.78924122310306,2.021,4.076,4.499,5.3,0.14142,2,0
1011010402,2023-03-13,18.418,168.4948,9.14837658812032,8.227,4.671,5.52,6.5,0.119747368421053,2,0
1011010501,2023-03-13,12.188,147.89,12.1340662947161,3.041,2.742,6.405,NaN,0.07122,2,0
1011010504,2023-03-13,93.967,645.86,6.87326401821916,27.575,26.482,39.91,9.8,0.0851533333333334,2,0
1011010801,2023-03-13,55.527,368.9812,6.64507716966521,16.414,13.415,25.698,4.62539682539683,0.0813097222222222,2,0
1011010101,2023-03-14,140.076,775.7157,5.53782018332905,48.173,32.979,58.924,4.43395294801046,0.102803,3,0
1011010201,2023-03-14,9.076,75.3118,8.2979065667695,3.059,1.05,4.967,5.3,0.14142,3,0
1011010402,2023-03-14,9.612,73.216,7.61714523512276,2.932,2.764,3.916,NaN,0.119747368421053,3,0
1011010501,2023-03-14,11.759,141.882,12.065821923633,2.81,6.482,2.467,NaN,0.07122,3,0
1011010504,2023-03-14,104.067,674.1788,6.47831493172668,23.695,26.586,53.786,3.01538461538462,0.0851533333333334,3,0
1011010801,2023-03-14,46.835,318.1024,6.79198035657094,10.143,11.752,24.94,6.0864476386037,0.0813097222222222,3,0
1011010101,2023-03-15,171.809,783.2144,4.55863429738838,56.72,38.711,76.378,3.27074146432226,0.102803,4,0
1011010201,2023-03-15,9.683,74.5004,7.69393782918517,2.911,1.736,5.036,5.3,0.14142,4,0
1011010402,2023-03-15,17.683,170.4624,9.63990273143698,8.307,3.562,5.814,9.62344428364689,0.119747368421053,4,0
1011010501,2023-03-15,8.037,97.332,12.1104889884285,2.5,1.58,3.957,NaN,0.07122,4,0
1011010504,2023-03-15,105.561,789.2112,7.47635206184102,27.484,20.296,57.781,3.44666666666667,0.0851533333333334,4,0
1011010801,2023-03-15,81.886,569.4752,6.95448794665755,20.495,14.347,47.044,3.51801566579634,0.0813097222222222,4,0
1011010101,2023-03-16,190.911,941.0738,4.92938489662722,58.49,56.135,76.286,3.22222222222222,0.102803,5,0
1011010201,2023-03-16,31.584,270.4886,8.56410207700101,10.561,8.283,12.74,4.97410969586691,0.14142,5,0
1011010402,2023-03-16,25.921,218.994,8.44851664673431,9.114,10.248,6.559,10.9845597104946,0.119747368421053,5,0
1011010501,2023-03-16,11.892,142.704,12,3.186,2.826,5.88,NaN,0.07122,5,0
1011010504,2023-03-16,102.213,770.1924,7.53517067300637,24.936,30.074,47.203,3.76892449051714,0.0851533333333334,5,0
1011010801,2023-03-16,89.875,550.5578,6.12581696801113,19.411,34.192,36.272,4.45986413614399,0.0813097222222222,5,0
1011010101,2023-03-17,238.58,1216.5276,5.09903428619331,83.749,64.857,89.974,3.27567567567568,0.102803,6,0
1011010201,2023-03-17,48.607,434.4821,8.93867344209682,13.437,12.481,22.689,5.11235473159934,0.14142,6,0
1011010402,2023-03-17,46.065,387.4644,8.41125366330186,21.639,15.175,9.251,5.48752989408951,0.119747368421053,6,0
1011010501,2023-03-17,16.576,199.714,12.0483832046332,3.204,5.134,8.238,NaN,0.07122,6,0
1011010504,2023-03-17,158.456,1162.8716,7.33876659766749,40.234,45.168,73.054,3.22142857142857,0.0851533333333334,6,0
1011010801,2023-03-17,136.726,771.3922,5.64188376753507,21.774,33.781,81.171,2.7847787057997,0.0813097222222222,6,0
1011010101,2023-03-18,292.075,1636.733,5.60381066506891,122.231,84.025,85.819,3.26,0.102803,7,1
1011010201,2023-03-18,59.217,568.8216,9.60571457520645,23.908,20.427,14.882,NaN,0.14142,7,1
1011010402,2023-03-18,53.936,421.13,7.80795757935331,26.046,16.341,11.549,NaN,0.119747368421053,7,1
1011010501,2023-03-18,29.936,362.628,12.1134420096205,9.344,6.497,14.095,NaN,0.07122,7,1
1011010504,2023-03-18,189.58,1365.1498,7.20091676337166,94.509,50.579,44.492,3.75,0.0851533333333334,7,1
1011010801,2023-03-18,147.687,967.3797,6.55020211663857,50.465,38.193,59.029,5.39139072847682,0.0813097222222222,7,1
1011010101,2023-03-19,251.51,1191.7716,4.7384660649676,117.528,75.239,58.743,3.4,0.102803,1,1
1011010201,2023-03-19,49.399,478.3444,9.68328103807769,14.439,16.99,17.97,NaN,0.14142,1,1
1011010402,2023-03-19,41.768,349.794,8.37468875694311,19.214,17.088,5.466,NaN,0.119747368421053,1,1
1011010501,2023-03-19,26.328,317.498,12.0593284715892,9.854,4.783,11.691,NaN,0.07122,1,1
1011010504,2023-03-19,173.558,1226.3552,7.06596757279987,68.149,67.639,37.77,4.89872673849167,0.0851533333333334,1,1
1011010801,2023-03-19,126.374,992.3509,7.85249260132622,50.004,40.817,35.553,3.5719737704918,0.0813097222222222,1,1
1011010101,2023-03-20,197.663,925.2564,4.680979242448,56.775,39.675,101.213,3.93527776201555,0.102803,2,0
1011010201,2023-03-20,37.566,341.8271,9.09937443432891,5.712,10.097,21.757,5.81970453599667,0.14142,2,0
1011010402,2023-03-20,22.99,253.93,11.0452370595911,6.076,7.688,9.226,17.8,0.119747368421053,2,0
1011010501,2023-03-20,10.569,127.73,12.0853439303624,2.366,2.775,5.428,NaN,0.07122,2,0
1011010504,2023-03-20,119.843,874.9172,7.30052819104996,27.237,33.151,59.455,4.10549450549451,0.0851533333333334,2,0
1011010801,2023-03-20,74.725,593.1306,7.93751221144195,15.655,21.629,37.441,3.75991230817413,0.0813097222222222,2,0
1011010101,2023-03-21,194.386,884.3768,4.54959101992942,52.449,42.692,99.245,3.76053601732109,0.102803,3,0
1011010201,2023-03-21,36.716,331.4956,9.02864146421179,11.678,7.646,17.392,5.71331813741452,0.14142,3,0
1011010402,2023-03-21,12.402,159.7684,12.882470569263,2.95,3.933,5.519,NaN,0.119747368421053,3,0
1011010501,2023-03-21,10.702,118.3222,11.0560829751448,1.409,3.528,5.765,NaN,0.07122,3,0
1011010504,2023-03-21,116.7,808.4142,6.9272853470437,27.998,36.167,52.535,4.81418615456094,0.0851533333333334,3,0
1011010801,2023-03-21,80.883,601.1272,7.43205865262169,14.524,18.147,48.212,4.35955299206922,0.0813097222222222,3,0
1011010101,2023-03-22,170.723,744.1032,4.35854102844959,50.268,37.662,82.793,3.39406756032172,0.102803,4,0
1011010201,2023-03-22,27.368,277.3474,10.1340032154341,10.006,5.799,11.563,7.06381856540084,0.14142,4,0
1011010402,2023-03-22,17.709,174.8676,9.87450448924276,12.23,2.097,3.382,10,0.119747368421053,4,0
1011010501,2023-03-22,12.133,129.6864,10.6887332069562,2.766,1.533,7.834,NaN,0.07122,4,0
1011010504,2023-03-22,125.241,830.3291,6.62985044833561,34.298,26.969,63.974,5.89177964483483,0.0851533333333334,4,0
1011010801,2023-03-22,89.191,601.9092,6.74854189324035,24.765,18.493,45.933,4.07775380881758,0.0813097222222222,4,0
1011010101,2023-03-23,179.648,850.4426,4.73393859102245,46.961,53.831,78.856,3.41981424148607,0.102803,5,0
1011010201,2023-03-23,29.488,310.8991,10.5432413185024,7.283,9.576,12.629,8.05536681437716,0.14142,5,0
1011010402,2023-03-23,25.455,229.6212,9.02067177371833,6.381,12.91,6.164,17.9,0.119747368421053,5,0
1011010501,2023-03-23,10.903,118.2402,10.8447399798221,1.706,3.652,5.545,NaN,0.07122,5,0
1011010504,2023-03-23,108.067,674.7666,6.2439653178121,24.539,28.358,55.17,4.134375,0.0851533333333334,5,0
1011010801,2023-03-23,70.785,481.2406,6.79862400226037,18.494,22.8,29.491,3.88529037727851,0.0813097222222222,5,0
1011010101,2023-03-24,202.72,954.9208,4.71054064719811,47.865,37.015,117.84,3.6134913922462,0.102803,6,0
1011010201,2023-03-24,33.301,336.9051,10.1169664574637,9.731,7.209,16.361,7.59055905220289,0.14142,6,0
1011010402,2023-03-24,22.479,246.0747,10.9468704123849,7.742,9.849,4.888,21.5636237897649,0.119747368421053,6,0
1011010501,2023-03-24,18.402,194.046,10.5448320834692,4.892,6.81,6.7,NaN,0.07122,6,0
1011010504,2023-03-24,153.262,1025.1014,6.68855554540591,39.789,33.969,79.504,6.45353317407721,0.0851533333333334,6,0
1011010801,2023-03-24,105.586,680.8918,6.44869395563806,20.647,30.608,54.331,3.8329409280473,0.0813097222222222,6,0
1011010101,2023-03-25,253.903,1374.2118,5.41234959807486,93.572,70.288,90.043,4.61819485414618,0.102803,7,1
1011010201,2023-03-25,28.459,300.9446,10.5746723356407,10.285,6.733,11.441,8.40377073906486,0.14142,7,1
1011010402,2023-03-25,40.776,421.2706,10.3313370610163,16.304,14.979,9.493,NaN,0.119747368421053,7,1
1011010501,2023-03-25,22.364,234.502,10.4856912895725,8.785,5.522,8.057,NaN,0.07122,7,1
1011010504,2023-03-25,187.221,1255.7712,6.70742705145256,39.153,59.319,88.749,4.89825350002341,0.0851533333333334,7,1
1011010801,2023-03-25,113.197,776.2463,6.8574812053323,39.715,25.922,47.56,3.75624052168638,0.0813097222222222,7,1
1011010101,2023-03-26,264.043,1321.4752,5.00477270747568,86.1,61.369,116.574,3.93762888665998,0.102803,1,1
1011010201,2023-03-26,48.675,499.6972,10.2659928094504,16.943,15.706,16.026,6.98020819946023,0.14142,1,1
1011010402,2023-03-26,30.047,239.4442,7.96898858455087,11.883,14.716,3.448,NaN,0.119747368421053,1,1
1011010501,2023-03-26,20.143,210.772,10.4637839447947,6.588,7.553,6.002,NaN,0.07122,1,1
1011010504,2023-03-26,179.458,1182.332,6.58834936308217,59.982,54.511,64.965,4.99,0.0851533333333334,1,1
1011010801,2023-03-26,120.223,778.5114,6.47556124867954,36.041,39.236,44.946,3.92431592959621,0.0813097222222222,1,1
1011010101,2023-03-27,150.898,859.5914,5.69650624925446,48.763,28.651,73.484,3.50131057604389,0.102803,2,0
1011010201,2023-03-27,20.459,219.7737,10.7421525978787,2.286,6.238,11.935,9.32446626814688,0.14142,2,0
1011010402,2023-03-27,15.436,174.6189,11.3124449339207,7.7,1.59,6.146,17.9,0.119747368421053,2,0
1011010501,2023-03-27,12.216,129.188,10.5753110674525,2.832,2.4,6.984,NaN,0.07122,2,0
1011010504,2023-03-27,105.211,694.1376,6.59757629905618,19.442,23.03,62.739,5.31500754981034,0.0851533333333334,2,0
1011010801,2023-03-27,74.574,443.7746,5.95079518330786,22.58,15.925,36.069,3.39729197439685,0.0813097222222222,2,0
1011010101,2023-03-28,145.975,663.203,4.54326425757835,40.157,27.341,78.477,2.97736643347985,0.102803,3,0
1011010201,2023-03-28,18.519,190.7085,10.2979912522274,5.343,5.045,8.131,6.5,0.14142,3,0
1011010402,2023-03-28,14.816,167.2837,11.2907464902808,5.68,2.67,6.466,15.9107702349869,0.119747368421053,3,0
1011010501,2023-03-28,15.485,148.3248,9.57861155957378,2.897,3.397,9.191,NaN,0.07122,3,0
1011010504,2023-03-28,92.394,629.5912,6.81420005628071,23.904,19.084,49.406,5.25603440709208,0.0851533333333334,3,0
1011010801,2023-03-28,79.756,484.9176,6.08001404283063,18.45,15.479,45.827,3.07780251395691,0.0813097222222222,3,0
1011010101,2023-03-29,130.475,669.0892,5.12810270166699,24.852,32.269,73.354,3.02352941176471,0.102803,4,0
1011010201,2023-03-29,26.46,281.6009,10.6425132275132,7.016,9.813,9.631,8.40789915966386,0.14142,4,0
1011010402,2023-03-29,23.049,187.7318,8.14489999566142,5.214,5.747,12.088,11.4616438356164,0.119747368421053,4,0
1011010501,2023-03-29,8.567,76.4642,8.92543480798413,3.253,2.278,3.036,NaN,0.07122,4,0
1011010504,2023-03-29,101.237,718.0232,7.09249780218695,28.19,36.386,36.661,5.45751914917066,0.0851533333333334,4,0
1011010801,2023-03-29,86.112,551.6066,6.40568794128577,23.184,21.122,41.806,3.81272274382066,0.0813097222222222,4,0
1011010101,2023-03-30,179.795,778.7428,4.33128173753441,40.108,34.277,105.41,2.71089428659773,0.102803,5,0
1011010201,2023-03-30,26.709,276.2299,10.3422030027332,5.888,6.559,14.262,6.23604376108811,0.14142,5,0
1011010402,2023-03-30,13.154,136.453,10.3734985555724,4.992,3.436,4.726,8.59801488833747,0.119747368421053,5,0
1011010501,2023-03-30,14.654,137.1094,9.35644875119421,5.981,1.609,7.064,NaN,0.07122,5,0
1011010504,2023-03-30,86.212,551.4024,6.39588920335916,20.698,15.992,49.522,5.12193514825732,0.0851533333333334,5,0
1011010801,2023-03-30,63.7,393.8684,6.18317739403454,7.965,20.722,35.013,4.22794912005576,0.0813097222222222,5,0
1011010101,2023-03-31,208.892,872.301,4.17584684908948,53.45,47.339,108.103,2.8795231483698,0.102803,6,0
1011010201,2023-03-31,34.604,354.3944,10.2414287365623,12.141,5.233,17.23,7.64469194980967,0.14142,6,0
1011010402,2023-03-31,22.161,286.6594,12.9353097784396,6.088,5.044,11.029,17.1638069705094,0.119747368421053,6,0
1011010501,2023-03-31,21.134,189.8748,8.98432857007665,6.625,4.813,9.696,NaN,0.07122,6,0
1011010504,2023-03-31,138.204,850.969,6.15733987438858,47.094,28.86,62.25,4.43185004571777,0.0851533333333334,6,0
1011010801,2023-03-31,104.745,618.2814,5.90272948589431,21.216,20.621,62.908,4.27100064916999,0.0813097222222222,6,0
1011010101,2023-04-01,208.377,964.649,4.6293448893112,72.08,48.287,88.01,2.85276132543621,0.102803,7,1
1011010201,2023-04-01,35.079,376.3456,10.7285156361356,12.09,9.462,13.527,6.5,0.14142,7,1
1011010402,2023-04-01,26.836,237.257,8.84099716798331,13.682,4.764,8.39,NaN,0.119747368421053,7,1
1011010501,2023-04-01,23.388,200.756,8.58371814605781,9.31,5.446,8.632,NaN,0.07122,7,1
1011010504,2023-04-01,154.887,909.672,5.8731333165469,46.383,34.007,74.497,4.64066261047209,0.0851533333333334,7,1
1011010801,2023-04-01,101.324,674.1888,6.65379179661285,31.662,20.43,49.232,5.65612021857923,0.0813097222222222,7,1
1011010101,2023-04-02,185.985,990.3634,5.32496384116999,84.268,54.161,47.556,3.13245874876101,0.102803,1,1
1011010201,2023-04-02,39.362,422.0366,10.7219297799909,18.628,10.134,10.6,6.24537037037037,0.14142,1,1
1011010402,2023-04-02,27.876,231.8548,8.3173626058258,15.902,10.743,1.231,NaN,0.119747368421053,1,1
1011010501,2023-04-02,20.488,182.944,8.92932448262397,8.031,7.003,5.454,NaN,0.07122,1,1
1011010504,2023-04-02,165.351,1014.9422,6.13810741997327,68.345,47.069,49.937,6.11064525298465,0.0851533333333334,1,1
1011010801,2023-04-02,109.447,670.462,6.12590568951182,31.324,30.09,48.033,3.6200754072704,0.0813097222222222,1,1
1011010101,2023-04-03,170.821,904.2344,5.29346157673822,43.063,53.098,74.66,3.40649615210502,0.102803,2,0
1011010201,2023-04-03,16.457,176.8345,10.74524518442,3.023,6.924,6.51,5.94326530612245,0.14142,2,0
1011010402,2023-04-03,29.721,351.3286,11.8208875879008,9.282,10.641,9.798,19.6043541364296,0.119747368421053,2,0
1011010501,2023-04-03,19.201,163.756,8.52851413988855,4.471,7.231,7.499,NaN,0.07122,2,0
1011010504,2023-04-03,114.41,621.8568,5.43533607202168,20.208,37.854,56.348,4.00247687408381,0.0851533333333334,2,0
1011010801,2023-04-03,93.459,554.6454,5.93463871858248,17.306,30.351,45.802,4.16193065941536,0.0813097222222222,2,0
1011010101,2023-04-04,170.641,856.105,5.01699474335007,44.039,48.076,78.526,3.72857142857143,0.102803,3,0
1011010201,2023-04-04,20.022,211.9288,10.584796723604,4.773,7.277,7.972,6.99989344698988,0.14142,3,0
1011010402,2023-04-04,14.977,124.5466,8.3158576483942,4.982,8.025,1.97,NaN,0.119747368421053,3,0
1011010501,2023-04-04,20.162,174.996,8.67949608173792,7.652,4.862,7.648,NaN,0.07122,3,0
1011010504,2023-04-04,121.552,675.9494,5.5609895353429,42.032,34.123,45.397,5.135,0.0851533333333334,3,0
1011010801,2023-04-04,90.507,599.5222,6.62404233926657,24.502,26.734,39.271,3.75192915876028,0.0813097222222222,3,0
1011010101,2023-04-05,217.271,1005.0602,4.62583685811728,80.771,57.059,79.441,3.52857142857143,0.102803,4,0
1011010201,2023-04-05,45.417,468.6689,10.3192394918202,14.112,11.029,20.276,8.12851180781759,0.14142,4,0
1011010402,2023-04-05,24.199,181.184,7.48725153931981,14.331,8.574,1.294,NaN,0.119747368421053,4,0
1011010501,2023-04-05,22.225,191.004,8.5941057367829,7.969,6.086,8.17,NaN,0.07122,4,0
1011010504,2023-04-05,139.304,800.5732,5.74695055418366,60.534,33.502,45.268,3.42222222222222,0.0851533333333334,4,0
1011010801,2023-04-05,115.412,696.686,6.03651266766021,41.404,22.909,51.099,3.3644866750798,0.0813097222222222,4,0
1011010101,2023-04-06,136.403,633.1124,4.64148442482937,34.384,37.599,64.42,3.61428571428571,0.102803,5,0
1011010201,2023-04-06,23.05,284.2376,12.3313492407809,10.776,3.676,8.598,11.6568824065634,0.14142,5,0
1011010402,2023-04-06,9.889,141.0192,14.2602083122662,7.088,2.008,0.793,NaN,0.119747368421053,5,0
1011010501,2023-04-06,12.387,104.602,8.44449826430936,2.902,4.451,5.034,NaN,0.07122,5,0
1011010504,2023-04-06,109.473,653.6626,5.9709937610187,20.777,29.62,59.076,4.40909090909091,0.0851533333333334,5,0
1011010801,2023-04-06,73.004,460.1498,6.30307654375103,20.715,10.616,41.673,3.18647567668124,0.0813097222222222,5,0
1011010101,2023-04-07,131.267,541.1458,4.12248165951839,39.574,15.696,75.997,2.89411764705882,0.102803,6,0
1011010201,2023-04-07,31.899,377.835,11.8447286748801,11.595,2.916,17.388,11.1676553231346,0.14142,6,0
1011010402,2023-04-07,16.629,194.4876,11.6956882554573,8.582,3.798,4.249,NaN,0.119747368421053,6,0
1011010501,2023-04-07,9.746,80.512,8.26103016622204,2.161,3.204,4.381,NaN,0.07122,6,0
1011010504,2023-04-07,97.645,572.8382,5.86653899329203,26.09,22.248,49.307,4.12173913043478,0.0851533333333334,6,0
1011010801,2023-04-07,88.025,543.142,6.17031525134905,17.015,15.221,55.789,3.77723286200107,0.0813097222222222,6,0
1011010101,2023-04-08,183.926,864.6234,4.70093080912976,70.975,47.958,64.993,3.35808013472739,0.102803,7,1
1011010201,2023-04-08,35.691,408.7952,11.4537334341991,13.782,9.431,12.478,10.129483459083,0.14142,7,1
1011010402,2023-04-08,20.73,202.1526,9.75169319826339,8.309,6.057,6.364,5,0.119747368421053,7,1
1011010501,2023-04-08,19.815,166.732,8.4144335099672,10.726,2.888,6.201,NaN,0.07122,7,1
1011010504,2023-04-08,137.92,788.443,5.71666908352668,45.008,27.433,65.479,3.10434782608696,0.0851533333333334,7,1
1011010801,2023-04-08,128.855,803.4252,6.23511078343875,29.879,27.036,71.94,3.4688764235934,0.0813097222222222,7,1
1011010101,2023-04-09,197.616,856.8702,4.33603655574448,80.473,38.968,78.175,2.91923076923077,0.102803,1,1
1011010201,2023-04-09,30.536,321.2385,10.519992795389,13.882,5.339,11.315,6.33200636942675,0.14142,1,1
1011010402,2023-04-09,31.303,355.388,11.3531610388781,19.784,4.471,7.048,NaN,0.119747368421053,1,1
1011010501,2023-04-09,15.846,144.424,9.11422440994573,6.798,4.26,4.788,NaN,0.07122,1,1
1011010504,2023-04-09,136.063,851.2884,6.25657526292967,46.793,28.865,60.405,4.15035345787083,0.0851533333333334,1,1
1011010801,2023-04-09,83.908,526.8012,6.27831911140773,22.33,23.953,37.625,3.94813676527084,0.0813097222222222,1,1
1011010101,2023-04-10,123.411,508.0788,4.11696526241583,32.638,36.716,54.057,2.585,0.102803,2,0
1011010201,2023-04-10,18.365,185.7665,10.1152463925946,4.303,7.129,6.933,5.5,0.14142,2,0
1011010402,2023-04-10,17.868,191.1632,10.6986344302664,5.577,5.57,6.721,NaN,0.119747368421053,2,0
1011010501,2023-04-10,12.818,116.624,9.09845529723826,3.673,3.776,5.369,NaN,0.07122,2,0
1011010504,2023-04-10,73.788,445.889,6.04283894400174,18.099,10.9,44.789,3.5375,0.0851533333333334,2,0
1011010801,2023-04-10,51.773,304.2354,5.87633322388117,12.35,9.259,30.164,2.53043478260869,0.0813097222222222,2,0
1011010101,2023-04-11,158.881,632.6656,3.9820091766794,34.448,48.478,75.955,3.10234435699084,0.102803,3,0
1011010201,2023-04-11,15.788,155.8901,9.87396123638206,4.144,3.014,8.63,7.2424,0.14142,3,0
1011010402,2023-04-11,7.577,67.3862,8.89351986274251,1.582,2.482,3.513,5.4,0.119747368421053,3,0
1011010501,2023-04-11,13.366,111.54,8.34505461619033,3.032,3.405,6.929,NaN,0.07122,3,0
1011010504,2023-04-11,85.563,554.8014,6.48412748501104,23.864,20.095,41.604,4.24736842105263,0.0851533333333334,3,0
1011010801,2023-04-11,62.405,366.0297,5.86539059370243,19.936,11.444,31.025,4.09373712402143,0.0813097222222222,3,0
1011010101,2023-04-12,118.761,533.045,4.48838423388149,40.522,28.822,49.417,3.32090750773994,0.102803,4,0
1011010201,2023-04-12,17.265,172.9556,10.0177005502462,5.548,4.765,6.952,6.6,0.14142,4,0
1011010402,2023-04-12,19.088,196.649,10.3022317686505,6.351,5.195,7.542,NaN,0.119747368421053,4,0
1011010501,2023-04-12,8.998,79.34,8.81751500333407,3.457,2.921,2.62,NaN,0.07122,4,0
1011010504,2023-04-12,84.989,527.99,6.21245102307357,13.035,20.464,51.49,4.01176470588235,0.0851533333333334,4,0
1011010801,2023-04-12,63.48,345.8908,5.44881537492124,15.055,11.962,36.463,3.33437148217636,0.0813097222222222,4,0
1011010101,2023-04-13,92.251,482.1886,5.22692003338717,35.073,22.164,35.014,3.66279359601189,0.102803,5,0
1011010201,2023-04-13,19.775,198.0155,10.0134260429836,6.705,4.139,8.931,8.65257352941176,0.14142,5,0
1011010402,2023-04-13,15.052,141.9922,9.43344406058995,4.174,6.186,4.692,NaN,0.119747368421053,5,0
1011010501,2023-04-13,9.198,83.3806,9.06507936507936,2.384,2.762,4.052,NaN,0.07122,5,0
1011010504,2023-04-13,76.901,521.4986,6.78142806985605,18.061,23.457,35.383,3.75026041666667,0.0851533333333334,5,0
1011010801,2023-04-13,51.532,342.8034,6.65224326631996,12.51,6.25,32.772,3.37456303458535,0.0813097222222222,5,0
1011010101,2023-04-14,131.729,513.8882,3.90110150384501,40.42,22.57,68.739,3.20933699083898,0.102803,6,0
1011010201,2023-04-14,18.183,198.6295,10.923912445691,5.713,4.598,7.872,5.5,0.14142,6,0
1011010402,2023-04-14,26.338,289.3534,10.9861568835902,13.218,5.047,8.073,NaN,0.119747368421053,6,0
1011010501,2023-04-14,19.025,164.1136,8.62620762155059,7.821,2.428,8.776,4,0.07122,6,0
1011010504,2023-04-14,89.822,608.9578,6.77960633252433,19.831,13.248,56.743,4.0654870312028,0.0851533333333334,6,0
1011010801,2023-04-14,83.023,419.8508,5.05704202449924,15.664,16.976,50.383,2.59434964869812,0.0813097222222222,6,0
1011010101,2023-04-15,208.169,878.7444,4.22130288371467,87.645,48.406,72.118,3.27072332908038,0.102803,7,1
1011010201,2023-04-15,20.852,227.964,10.9324765010551,8.39,5.951,6.511,NaN,0.14142,7,1
1011010402,2023-04-15,28.541,287.7264,10.0811604358642,11.194,9.045,8.302,5.4,0.119747368421053,7,1
1011010501,2023-04-15,16.674,153.079,9.18070049178362,4.498,5.287,6.889,NaN,0.07122,7,1
1011010504,2023-04-15,138.985,869.606,6.2568334712379,48.926,42.801,47.258,3.61428571428571,0.0851533333333334,7,1
1011010801,2023-04-15,106.142,615.762,5.80130391362514,28.79,15.709,61.643,3.21135442011354,0.0813097222222222,7,1
1011010101,2023-04-16,204.874,935.1982,4.56474808906938,84.93,47.69,72.254,3.55185272598537,0.102803,1,1
1011010201,2023-04-16,23.472,243.264,10.3640081799591,9.979,6.688,6.805,NaN,0.14142,1,1
1011010402,2023-04-16,16.458,192.3828,11.6893182646737,11.049,1.976,3.433,NaN,0.119747368421053,1,1
1011010501,2023-04-16,20.902,189.941,9.08721653430293,5.095,6.636,9.171,NaN,0.07122,1,1
1011010504,2023-04-16,133.274,888.8754,6.66953344238186,58.647,29.937,44.69,3.1875,0.0851533333333334,1,1
1011010801,2023-04-16,85.949,493.6934,5.74402727198688,34.008,19.033,32.908,2.8310851544838,0.0813097222222222,1,1
1011010101,2023-04-17,106.884,437.6244,4.09438643763332,38.487,29.573,38.824,2.46470588235294,0.102803,2,0
1011010201,2023-04-17,14.475,155.816,10.7644905008636,6.405,2.256,5.814,6.27434554973822,0.14142,2,0
1011010402,2023-04-17,7.066,89.6074,12.6814888197,3.745,1.638,1.683,5,0.119747368421053,2,0
1011010501,2023-04-17,9.19,81.884,8.910119695321,2.881,1.721,4.588,NaN,0.07122,2,0
1011010504,2023-04-17,68.456,490.2658,7.16176522145612,22.302,18.513,27.641,4.26666666666667,0.0851533333333334,2,0
1011010801,2023-04-17,39.145,260.3386,6.65062204623834,18.92,6.548,13.677,3.75,0.0813097222222222,2,0
1011010101,2023-04-18,182.607,722.3488,3.95575635107088,64.179,43.558,74.87,2.66693033358187,0.102803,3,0
1011010201,2023-04-18,16.779,178.784,10.6552237916443,7.548,2.907,6.324,NaN,0.14142,3,0
1011010402,2023-04-18,15.097,139.608,9.24740014572432,9.058,6.039,0,NaN,0.119747368421053,3,0
1011010501,2023-04-18,16.152,135.032,8.36007924715206,5.115,4.297,6.74,NaN,0.07122,3,0
1011010504,2023-04-18,78.486,575.4948,7.33245164742757,16.85,19.665,41.971,3.69906017674288,0.0851533333333334,3,0
1011010801,2023-04-18,66.338,384.9926,5.80350025626338,25.093,16.99,24.255,3.10021215755004,0.0813097222222222,3,0
1011010101,2023-04-19,156.553,641.0214,4.09459671804437,61.488,28.713,66.352,3.15578392265567,0.102803,4,0
1011010201,2023-04-19,19.103,206.372,10.803119928807,7.185,4.717,7.201,NaN,0.14142,4,0
1011010402,2023-04-19,12.216,123.2812,10.091781270465,5.995,1.588,4.633,NaN,0.119747368421053,4,0
1011010501,2023-04-19,13.945,123.932,8.88719971315884,5.734,3.331,4.88,NaN,0.07122,4,0
1011010504,2023-04-19,76.651,514.4062,6.7110174687871,25.988,11.902,38.761,4.01762799740765,0.0851533333333334,4,0
1011010801,2023-04-19,58.407,321.5311,5.50500967349804,17.951,14.219,26.237,2.54087968952135,0.0813097222222222,4,0
1011010101,2023-04-20,122.087,540.9514,4.43086815140023,39.897,22.483,59.707,3.11308833010961,0.102803,5,0
1011010201,2023-04-20,19.807,197.78,9.98535871156662,5.051,3.316,11.44,6.62312312312312,0.14142,5,0
1011010402,2023-04-20,12.171,132.9264,10.9215676608331,7.734,0.542,3.895,NaN,0.119747368421053,5,0
1011010501,2023-04-20,10.307,86.816,8.4230134859804,3.419,2.719,4.169,NaN,0.07122,5,0
1011010504,2023-04-20,70.384,420.6166,5.97602580131848,17.969,15.637,36.778,3.76433502670314,0.0851533333333334,5,0
1011010801,2023-04-20,55.919,342.255,6.12054936604732,18.857,7.93,29.132,3.63316143405256,0.0813097222222222,5,0
1011010101,2023-04-21,215.684,912.5602,4.23100554514938,51.779,59.388,104.517,3.09393507111054,0.102803,6,0
1011010201,2023-04-21,26.17,271.5984,10.3782346197937,9.848,7.193,9.129,4.50272727272727,0.14142,6,0
1011010402,2023-04-21,28.934,254.1484,8.78372848551877,7.513,11.125,10.296,9.85356454720617,0.119747368421053,6,0
1011010501,2023-04-21,30.95,255.632,8.25951534733441,10.841,6.179,13.93,NaN,0.07122,6,0
1011010504,2023-04-21,125.533,737.4068,5.87420678228036,36.82,20.587,68.126,5.02846564613742,0.0851533333333334,6,0
1011010801,2023-04-21,89.492,460.9556,5.15080230635141,22.712,18.414,48.366,2.99675649892678,0.0813097222222222,6,0
1011010101,2023-04-22,330.85,1502.8518,4.54239625207798,152.296,101.412,77.142,3.39679730299199,0.102803,7,1
1011010201,2023-04-22,40.026,409.3104,10.2261130265328,14.158,13.259,12.609,6.12141756548536,0.14142,7,1
1011010402,2023-04-22,27.103,223.0366,8.22922185735897,15.762,4.136,7.205,8.94196951934349,0.119747368421053,7,1
1011010501,2023-04-22,39.651,326.304,8.22940152833472,19.318,10.557,9.776,NaN,0.07122,7,1
1011010504,2023-04-22,185.589,1211.1192,6.5258134911013,73.853,57.714,54.022,4.17272727272727,0.0851533333333334,7,1
1011010801,2023-04-22,158.568,856.4276,5.40101155340296,58.096,46.956,53.516,3.384,0.0813097222222222,7,1
1011010101,2023-04-23,279.352,1107.6842,3.96519158624245,81.159,101.585,96.608,3.15663859923047,0.102803,1,1
1011010201,2023-04-23,22.853,260.3618,11.3928937119853,6.744,7.334,8.775,2.9,0.14142,1,1
1011010402,2023-04-23,10.291,109.7128,10.6610436303566,3.876,3.693,2.722,NaN,0.119747368421053,1,1
1011010501,2023-04-23,21.876,166.114,7.59343572865241,10.041,8.13,3.705,NaN,0.07122,1,1
1011010504,2023-04-23,154.222,997.8494,6.47021436630312,46.524,58.435,49.263,5.21666666666667,0.0851533333333334,1,1
1011010801,2023-04-23,81.715,409.083,5.00621672887475,32.016,31.312,18.387,3.7,0.0813097222222222,1,1
1011010101,2023-04-24,189.222,779.8858,4.12153872171312,56.166,44.042,89.014,3.31695544554455,0.102803,2,0
1011010201,2023-04-24,17.856,180.2669,10.0955925179211,6.633,4.872,6.351,2.9,0.14142,2,0
1011010402,2023-04-24,13.28,111.2124,8.37442771084337,6.241,5.792,1.247,10,0.119747368421053,2,0
1011010501,2023-04-24,25.565,175.724,6.87361627224721,4.576,5.747,15.242,NaN,0.07122,2,0
1011010504,2023-04-24,74.395,519.7543,6.98641440957053,21.571,21.439,31.385,8.26364278150371,0.0851533333333334,2,0
1011010801,2023-04-24,60.294,387.5364,6.42744551696686,20.661,19.037,20.596,3.725,0.0813097222222222,2,0
1011010101,2023-04-25,163.704,665.733,4.06668743585985,47.955,37.226,78.523,3.26147934678194,0.102803,3,0
1011010201,2023-04-25,15.89,158.16,9.95342983008181,5.776,3.621,6.493,NaN,0.14142,3,0
1011010402,2023-04-25,9.993,80.5844,8.06408485940158,1.817,5.455,2.721,5,0.119747368421053,3,0
1011010501,2023-04-25,19.3,117.912,6.10943005181347,7.623,5.434,6.243,NaN,0.07122,3,0
1011010504,2023-04-25,70.192,441.5806,6.2910388648279,21.007,18.693,30.492,4.65581395348837,0.0851533333333334,3,0
1011010801,2023-04-25,68.882,343.6434,4.98887082256613,13.153,12.088,43.641,3.95785200021653,0.0813097222222222,3,0
1011010101,2023-04-26,148.39,617.9542,4.16439247927758,47.592,39.595,61.203,3.13135144993617,0.102803,4,0
1011010201,2023-04-26,21.236,203.6784,9.59118478056131,5.401,4.26,11.575,NaN,0.14142,4,0
1011010402,2023-04-26,4.702,84.0492,17.8752020416844,1.717,1.476,1.509,NaN,0.119747368421053,4,0
1011010501,2023-04-26,18.526,111.156,6,3.254,2.903,12.369,NaN,0.07122,4,0
1011010504,2023-04-26,47.263,276.2925,5.84585193491738,10.232,6.983,30.048,11.4706929193487,0.0851533333333334,4,0
1011010801,2023-04-26,45.674,241.7646,5.2932653150589,16.92,12.361,16.393,4.875,0.0813097222222222,4,0
1011010101,2023-04-27,142.945,567.5628,3.97049774388751,42.548,27.387,73.01,2.68283142571397,0.102803,5,0
1011010201,2023-04-27,14.24,145.2768,10.2020224719101,6.148,3.703,4.389,NaN,0.14142,5,0
1011010402,2023-04-27,11.675,163.7852,14.0287109207709,5.325,2.423,3.927,9.96036036036036,0.119747368421053,5,0
1011010501,2023-04-27,18.48,114.274,6.18365800865801,7.034,3.742,7.704,NaN,0.07122,5,0
1011010504,2023-04-27,66.698,392.4996,5.88472817775645,18.447,13.61,34.641,5.5946855916818,0.0851533333333334,5,0
1011010801,2023-04-27,62.808,333.966,5.31725257928926,14.292,6.791,41.725,2.86903092783505,0.0813097222222222,5,0
1011010101,2023-04-28,164.327,682.6212,4.15404163649309,44.655,44.228,75.444,2.96942777110844,0.102803,6,0
1011010201,2023-04-28,22.806,229.644,10.069455406472,8.619,5.705,8.482,NaN,0.14142,6,0
1011010402,2023-04-28,14.48,145.4296,10.0434806629834,5.957,5.201,3.322,29.6133099824869,0.119747368421053,6,0
1011010501,2023-04-28,22.141,163.365,7.3783930265119,4.829,6.218,11.094,NaN,0.07122,6,0
1011010504,2023-04-28,84.338,491.0937,5.82292323744931,13,16.474,54.864,4.83579313389999,0.0851533333333334,6,0
1011010801,2023-04-28,81.778,449.7696,5.49988505466018,19.67,10.389,51.719,3.15381378985165,0.0813097222222222,6,0
1011010101,2023-04-29,169.132,812.491,4.80388690490268,55.041,65.756,48.335,3.37338641573169,0.102803,7,1
1011010201,2023-04-29,27.577,266.744,9.67269826304529,11.068,7.396,9.113,NaN,0.14142,7,1
1011010402,2023-04-29,24.693,198.0476,8.02039444376949,6.433,9.845,8.415,7.04801422643746,0.119747368421053,7,1
1011010501,2023-04-29,37.234,270.513,7.26521458881667,13.24,11.46,12.534,NaN,0.07122,7,1
1011010504,2023-04-29,161.482,925.179,5.72930109857446,55.08,39.866,66.536,4.42903682073276,0.0851533333333334,7,1
1011010801,2023-04-29,127.524,601.6332,4.7178037075374,33.082,24.168,70.274,3.23112718126081,0.0813097222222222,7,1
1011010101,2023-04-30,132.248,648.9182,4.90682808057589,54.895,22.731,54.622,3.19770950486902,0.102803,1,1
1011010201,2023-04-30,25.487,257.3088,10.0956879978028,10.507,8.525,6.455,5.4,0.14142,1,1
1011010402,2023-04-30,16.983,224.7064,13.231254784196,9.234,3.991,3.758,39.6,0.119747368421053,1,1
1011010501,2023-04-30,43.783,315.075,7.19628622981523,11.972,11.399,20.412,NaN,0.07122,1,1
1011010504,2023-04-30,117.501,764.0254,6.50228849116178,43.501,24.389,49.611,4.46549962233972,0.0851533333333334,1,1
1011010801,2023-04-30,97.254,440.4814,4.52918543196167,21.854,21.717,53.683,3.06074093935738,0.0813097222222222,1,1
1011010101,2023-05-01,179.89,864.4678,4.805535605092,74.104,37.399,68.387,2.301024428684,0.102803,2,0
1011010201,2023-05-01,29.389,293.397,9.98322501616251,14.405,7.572,7.412,NaN,0.14142,2,0
1011010402,2023-05-01,22.754,265.0604,11.6489584248923,5.785,7.002,9.967,19.8,0.119747368421053,2,0
1011010501,2023-05-01,31.862,254.896,8,12.262,10.002,9.598,NaN,0.07122,2,0
1011010504,2023-05-01,138.857,906.1024,6.52543551999539,55.124,25.298,58.435,5.41309279135267,0.0851533333333334,2,0
1011010801,2023-05-01,83.717,404.846,4.83588757361109,30.627,20.85,32.24,3.72504461629982,0.0813097222222222,2,0
1011010101,2023-05-02,199.057,982.9722,4.93814435061314,71.226,53.142,74.689,2.70737384336545,0.102803,3,0
1011010201,2023-05-02,22.365,231.516,10.3517102615694,7.768,7.536,7.061,5.4,0.14142,3,0
1011010402,2023-05-02,20.191,203.09,10.0584418800456,9.225,8.06,2.906,NaN,0.119747368421053,3,0
1011010501,2023-05-02,35.967,287.736,8,12.212,9.283,14.472,NaN,0.07122,3,0
1011010504,2023-05-02,103.643,722.945,6.97533842131162,40.48,27.184,35.979,4.12883237460894,0.0851533333333334,3,0
1011010801,2023-05-02,66.312,376.2025,5.67321902521414,33.98,16.122,16.21,3.51709080872205,0.0813097222222222,3,0
1011010101,2023-05-03,252.366,1246.6628,4.9398999865275,91.394,60.122,100.85,2.93846153846154,0.102803,4,0
1011010201,2023-05-03,32.371,336.015,10.3801241852275,12.916,8.825,10.63,NaN,0.14142,4,0
1011010402,2023-05-03,11.586,108.9844,9.40655964094597,4.66,3.657,3.269,NaN,0.119747368421053,4,0
1011010501,2023-05-03,22.717,181.736,8,14.927,4.384,3.406,NaN,0.07122,4,0
1011010504,2023-05-03,95.795,712.0877,7.43345372931781,42.294,20.318,33.183,4.18327116212339,0.0851533333333334,4,0
1011010801,2023-05-03,72.027,401.5384,5.57483166034959,31.953,13.964,26.11,2.525,0.0813097222222222,4,0
1011010101,2023-05-04,121.428,645.0344,5.31207299799058,39.511,33.646,48.271,3.34615384615385,0.102803,5,0
1011010201,2023-05-04,32.652,332.925,10.1961595001838,9.609,6.763,16.28,4.5,0.14142,5,0
1011010402,2023-05-04,9.037,92.9884,10.2897421710745,4.618,3.519,0.9,NaN,0.119747368421053,5,0
1011010501,2023-05-04,25.655,205.24,8,9.775,5.679,10.201,NaN,0.07122,5,0
1011010504,2023-05-04,76.542,558.0575,7.29086645240521,30.832,14.745,30.965,6.0964989059081,0.0851533333333334,5,0
1011010801,2023-05-04,55.952,242.3238,4.33092293394338,14.252,11.328,30.372,2.86923509561305,0.0813097222222222,5,0
1011010101,2023-05-05,115.371,677.5214,5.87254509365438,44.339,32.57,38.462,2.44285714285714,0.102803,6,0
1011010201,2023-05-05,28.675,296.607,10.3437489102005,10.87,5.509,12.296,NaN,0.14142,6,0
1011010402,2023-05-05,13.454,107.6232,7.99934591942917,9.624,2.544,1.286,NaN,0.119747368421053,6,0
1011010501,2023-05-05,22.324,178.592,8,8.843,2.94,10.541,NaN,0.07122,6,0
1011010504,2023-05-05,66.977,533.9982,7.97285933977335,25.484,15.738,25.755,3.5,0.0851533333333334,6,0
1011010801,2023-05-05,63.126,292.5426,4.63426480372588,11.896,21.599,29.631,2.65103626943005,0.0813097222222222,6,0
1011010101,2023-05-06,163.827,908.4752,5.54533257643734,54.606,48.11,61.111,4.18417639429313,0.102803,7,1
1011010201,2023-05-06,34.087,334.0515,9.799967729633,10.454,7.365,16.268,8.0390496996177,0.14142,7,1
1011010402,2023-05-06,17.781,146.7472,8.25303413756257,7.893,4.931,4.957,NaN,0.119747368421053,7,1
1011010501,2023-05-06,23.097,184.776,8,6.297,7.789,9.011,NaN,0.07122,7,1
1011010504,2023-05-06,94.505,689.4476,7.29535580128035,32.121,30.639,31.745,6.2,0.0851533333333334,7,1
1011010801,2023-05-06,99.697,456.2262,4.5761276668305,24.238,26.515,48.944,2.435,0.0813097222222222,7,1
1011010101,2023-05-07,238.132,1246.103,5.23282465187375,85.649,64.499,87.984,2.95,0.102803,1,1
1011010201,2023-05-07,54.158,570.003,10.5248162782968,23.617,15.827,14.714,NaN,0.14142,1,1
1011010402,2023-05-07,18.818,161.2712,8.57004995217345,10.149,5.138,3.531,NaN,0.119747368421053,1,1
1011010501,2023-05-07,39.966,319.728,8,14.836,9.714,15.416,NaN,0.07122,1,1
1011010504,2023-05-07,134.833,946.574,7.0203436844096,52.655,36.145,46.033,5.8,0.0851533333333334,1,1
1011010801,2023-05-07,115.423,553.0402,4.79142112057389,32.659,22.438,60.326,2.86493637394482,0.0813097222222222,1,1
1011010101,2023-05-08,142.341,824.9606,5.79566393379279,60.36,31.914,50.067,7.2,0.102803,2,0
1011010201,2023-05-08,17.863,202.356,11.3282203437273,7.459,3.01,7.394,NaN,0.14142,2,0
1011010402,2023-05-08,9.628,137.184,14.2484420440382,5.206,2.24,2.182,24.5878542510121,0.119747368421053,2,0
1011010501,2023-05-08,21.757,174.056,8,4.898,5.691,11.168,NaN,0.07122,2,0
1011010504,2023-05-08,85.984,645.836,7.51111834759955,32.665,17.524,35.795,5.025,0.0851533333333334,2,0
1011010801,2023-05-08,58.128,327.7938,5.63917217175888,17.503,12.718,27.907,1.96531604538088,0.0813097222222222,2,0
1011010101,2023-05-09,145.033,707.6812,4.87944950459551,46.585,44.812,53.636,4.03504151159462,0.102803,3,0
1011010201,2023-05-09,25.81,257.9568,9.9944517628826,8.424,8.699,8.687,NaN,0.14142,3,0
1011010402,2023-05-09,7.406,106.79,14.41938968404,3.929,2.65,0.827,NaN,0.119747368421053,3,0
1011010501,2023-05-09,17.224,137.792,8,4.924,3.141,9.159,NaN,0.07122,3,0
1011010504,2023-05-09,81.721,630.7936,7.71886785526364,21.085,24.98,35.656,NaN,0.0851533333333334,3,0
1011010801,2023-05-09,49.033,293.8002,5.99188709644525,14.184,6.928,27.921,3.98320610687023,0.0813097222222222,3,0
1011010101,2023-05-10,159.328,820.7446,5.15128916449086,50.964,40.499,67.865,3.69162798143109,0.102803,4,0
1011010201,2023-05-10,26.422,264.2208,10.0000302777988,5.073,6.958,14.391,NaN,0.14142,4,0
1011010402,2023-05-10,10.336,81.3416,7.86973684210526,3.709,2.823,3.804,NaN,0.119747368421053,4,0
1011010501,2023-05-10,28.106,224.848,8,8.38,8.306,11.42,NaN,0.07122,4,0
1011010504,2023-05-10,99.29,681.2656,6.86137173934938,25.402,18.949,54.939,4.43333333333333,0.0851533333333334,4,0
1011010801,2023-05-10,78.595,348.3464,4.43216998536803,24.567,12.829,41.199,2.68461538461538,0.0813097222222222,4,0
1011010101,2023-05-11,158.484,802.3572,5.06270159763762,50.987,35.941,71.556,4.12436839456467,0.102803,5,0
1011010201,2023-05-11,23.274,227.2545,9.76430781129157,6.174,4.501,12.599,5.33642045454545,0.14142,5,0
1011010402,2023-05-11,9.518,145.5552,15.2926245009456,3.068,4.447,2.003,NaN,0.119747368421053,5,0
1011010501,2023-05-11,13.908,111.264,8,4.234,3.705,5.969,NaN,0.07122,5,0
1011010504,2023-05-11,76.077,538.174,7.07406969254834,20.295,14.782,41,13.6209666439755,0.0851533333333334,5,0
1011010801,2023-05-11,42.217,279.7074,6.62546841319848,6.614,9.509,26.094,3.675,0.0813097222222222,5,0
1011010101,2023-05-12,142.706,756.074,5.29812341457262,46.803,37.445,58.458,2.77777777777778,0.102803,6,0
1011010201,2023-05-12,21.507,200.636,9.32886967033989,7.542,5.348,8.617,7.2,0.14142,6,0
1011010402,2023-05-12,16.347,284.1632,17.3832018107298,6.852,5.417,4.078,NaN,0.119747368421053,6,0
1011010501,2023-05-12,24.496,171.472,7,6.22,4.999,13.277,NaN,0.07122,6,0
1011010504,2023-05-12,88.881,673.0775,7.57279396046399,23.305,22.108,43.468,7.20767674212723,0.0851533333333334,6,0
1011010801,2023-05-12,67.921,382.12,5.6259477922881,14.368,14.27,39.283,3.76556634304207,0.0813097222222222,6,0
1011010101,2023-05-13,179.071,963.18,5.37876037996102,76.425,34.593,68.053,3.35432175095833,0.102803,7,1
1011010201,2023-05-13,45.087,393.5408,8.72847605740014,19.331,7.833,17.923,3.6,0.14142,7,1
1011010402,2023-05-13,20.655,362.9852,17.5737206487533,13.08,4.408,3.167,NaN,0.119747368421053,7,1
1011010501,2023-05-13,33.208,232.456,7,13.81,4.066,15.332,NaN,0.07122,7,1
1011010504,2023-05-13,135.703,968.972,7.14038746379962,53.057,32.336,50.31,5.15,0.0851533333333334,7,1
1011010801,2023-05-13,95.606,611.7762,6.3989310294333,25.555,22.158,47.893,2.95493923805264,0.0813097222222222,7,1
1011010101,2023-05-14,199.509,1060.6856,5.31647995829762,105.112,34.645,59.752,3.62520427404148,0.102803,1,1
1011010201,2023-05-14,43.642,374.47,8.58049585261904,26.608,10.384,6.65,NaN,0.14142,1,1
1011010402,2023-05-14,15.86,178.3172,11.2432030264817,11.655,2.967,1.238,NaN,0.119747368421053,1,1
1011010501,2023-05-14,32.974,230.818,7,15.057,5.389,12.528,NaN,0.07122,1,1
1011010504,2023-05-14,110.866,797.4962,7.19333429545578,50.747,23.137,36.982,5.70846429556107,0.0851533333333334,1,1
1011010801,2023-05-14,97.677,583.2122,5.97082424726394,34.576,23.227,39.874,3.97404681533949,0.0813097222222222,1,1
1011010101,2023-05-15,171.35,822.9846,4.80294484972279,50.722,34.397,86.231,3.47108019509075,0.102803,2,0
1011010201,2023-05-15,27.764,278.7225,10.038989338712,7.674,6.446,13.644,5.94703010577705,0.14142,2,0
1011010402,2023-05-15,7.475,73.4192,9.82196655518394,4.01,3.465,0,NaN,0.119747368421053,2,0
1011010501,2023-05-15,21.584,150.601,6.97743699036323,4.398,7.488,9.698,NaN,0.07122,2,0
1011010504,2023-05-15,78.687,548.8491,6.97509245491631,18.688,28.872,31.127,5.69674634320371,0.0851533333333334,2,0
1011010801,2023-05-15,61.585,360.1954,5.84875213120078,17.397,5.765,38.423,4.32638388123012,0.0813097222222222,2,0
1011010101,2023-05-16,194.936,965.6316,4.95358271432675,60.141,33.989,100.806,3.19202096187981,0.102803,3,0
1011010201,2023-05-16,26.009,274.1805,10.5417547771925,15.833,4.111,6.065,4.3,0.14142,3,0
1011010402,2023-05-16,9.603,97.964,10.2013953972717,6.982,0.756,1.865,NaN,0.119747368421053,3,0
1011010501,2023-05-16,14.181,99.267,7,3.85,3.592,6.739,NaN,0.07122,3,0
1011010504,2023-05-16,80.294,601.9476,7.49679428101726,25.66,17.387,37.247,5.59090909090909,0.0851533333333334,3,0
1011010801,2023-05-16,57.535,316.2348,5.49639002346398,21.578,6.205,29.752,3.8914673661472,0.0813097222222222,3,0
1011010101,2023-05-17,150.478,777.1946,5.16483871396483,58.568,24.446,67.464,3.92262190247802,0.102803,4,0
1011010201,2023-05-17,19.914,203.108,10.1992568042583,5.875,3.26,10.779,5.81107099879663,0.14142,4,0
1011010402,2023-05-17,12.893,175.1852,13.5876211897929,5.783,2.501,4.609,NaN,0.119747368421053,4,0
1011010501,2023-05-17,14.296,100.072,7,5.417,3.965,4.914,NaN,0.07122,4,0
1011010504,2023-05-17,67.717,529.9516,7.82597575202682,24.627,10.683,32.407,6,0.0851533333333334,4,0
1011010801,2023-05-17,54.7,328.5598,6.00657769652651,23.018,4.992,26.69,4.24723451327434,0.0813097222222222,4,0
1011010101,2023-05-18,112.688,590.9668,5.24427445690757,43.499,24.29,44.899,3.68200413698,0.102803,5,0
1011010201,2023-05-18,22.684,233.8863,10.3106286369247,6.226,5.066,11.392,4.3,0.14142,5,0
1011010402,2023-05-18,8.812,108.2956,12.28955969133,4.176,4.302,0.334,NaN,0.119747368421053,5,0
1011010501,2023-05-18,11.595,81.165,7,6.078,1.235,4.282,NaN,0.07122,5,0
1011010504,2023-05-18,53.892,385.6616,7.15619386921992,17.63,14.131,22.131,NaN,0.0851533333333334,5,0
1011010801,2023-05-18,49.756,298.3416,5.99609293351556,11.059,11.34,27.357,3.94545454545454,0.0813097222222222,5,0
1011010101,2023-05-19,141.327,678.326,4.79969149560947,51.104,22.221,68.002,3.4,0.102803,6,0
1011010201,2023-05-19,20.153,200.5884,9.95327742767826,8.652,3.103,8.398,5.69847715736041,0.14142,6,0
1011010402,2023-05-19,9.66,103.8612,10.7516770186335,4.029,2.952,2.679,NaN,0.119747368421053,6,0
1011010501,2023-05-19,15.232,106.624,7,5.691,6.021,3.52,NaN,0.07122,6,0
1011010504,2023-05-19,71.713,569.158,7.93660842525065,22.125,18.692,30.896,6.04501894361489,0.0851533333333334,6,0
1011010801,2023-05-19,60.947,349.9492,5.74186096116298,16.141,12.166,32.64,2.56,0.0813097222222222,6,0
1011010101,2023-05-20,177.822,821.468,4.61960837241736,83.193,33.964,60.665,3.3,0.102803,7,1
1011010201,2023-05-20,27.242,274.2789,10.0682365465091,15.085,5.386,6.771,5.76453113815319,0.14142,7,1
1011010402,2023-05-20,11.094,182.8532,16.4821705426357,7.537,2.083,1.474,NaN,0.119747368421053,7,1
1011010501,2023-05-20,33.825,236.775,7,13.32,9.241,11.264,NaN,0.07122,7,1
1011010504,2023-05-20,92.262,638.8076,6.92384296893629,33.883,24.262,34.117,6.97772233113527,0.0851533333333334,7,1
1011010801,2023-05-20,82.754,479.896,5.79906711458056,35.441,10.432,36.881,2.94285714285714,0.0813097222222222,7,1
1011010101,2023-05-21,197.446,1081.8488,5.47921355712448,61.787,69.937,65.722,2.9,0.102803,1,1
1011010201,2023-05-21,29.13,298.572,10.2496395468589,12.198,11.164,5.768,NaN,0.14142,1,1
1011010402,2023-05-21,13.615,232.0232,17.0417333822989,8.618,3.393,1.604,NaN,0.119747368421053,1,1
1011010501,2023-05-21,38.276,267.932,7,9.827,12.04,16.409,NaN,0.07122,1,1
1011010504,2023-05-21,117.485,826.6532,7.03624462697366,44.515,34.015,38.955,NaN,0.0851533333333334,1,1
1011010801,2023-05-21,94.76,648.2868,6.84135500211059,30.007,30.413,34.34,3.30140581068416,0.0813097222222222,1,1
1011010101,2023-05-22,154.18,749.1462,4.85890647295369,49.068,28.518,76.594,3.1394207520963,0.102803,2,0
1011010201,2023-05-22,14.808,155.788,10.520529443544,6.118,3.549,5.141,4,0.14142,2,0
1011010402,2023-05-22,8.411,81.5396,9.69440019022708,4.319,1.683,2.409,NaN,0.119747368421053,2,0
1011010501,2023-05-22,25.981,180.5518,6.94937839190177,8.09,5.316,12.575,NaN,0.07122,2,0
1011010504,2023-05-22,90.848,627.6112,6.90836562169778,33.015,12.88,44.953,4.5,0.0851533333333334,2,0
1011010801,2023-05-22,70.154,396.934,5.65803803061836,14.991,16.583,38.58,3.05029797377831,0.0813097222222222,2,0
1011010101,2023-05-23,150.721,697.8402,4.63001307050776,50.36,29.478,70.883,3.86559067154894,0.102803,3,0
1011010201,2023-05-23,20.181,216.4552,10.7256924830286,6.158,6.149,7.874,4.8,0.14142,3,0
1011010402,2023-05-23,14.637,159.8172,10.9187128509941,7.597,2.821,4.219,NaN,0.119747368421053,3,0
1011010501,2023-05-23,23.022,161.154,7,6.841,5.03,11.151,NaN,0.07122,3,0
1011010504,2023-05-23,69.361,512.4632,7.3883479188593,18.025,21.603,29.733,7.10181238797052,0.0851533333333334,3,0
1011010801,2023-05-23,49.994,324.5468,6.4917150058007,20.262,10.386,19.346,4.1436928702011,0.0813097222222222,3,0
1011010101,2023-05-24,135.51,656.304,4.84321452291344,64.213,20.884,50.413,2.84666666666667,0.102803,4,0
1011010201,2023-05-24,15.923,178.796,11.2287885448722,5.538,4.522,5.863,NaN,0.14142,4,0
1011010402,2023-05-24,9.414,137.686,14.6256639048226,4.515,2.578,2.321,NaN,0.119747368421053,4,0
1011010501,2023-05-24,15.749,110.243,7,6.509,2.212,7.028,NaN,0.07122,4,0
1011010504,2023-05-24,62.956,467.0404,7.41852087171993,19.938,18.862,24.156,5.93141055738145,0.0851533333333334,4,0
1011010801,2023-05-24,47.818,296.8332,6.20756200593919,13.044,9.547,25.227,3.18148576232006,0.0813097222222222,4,0
1011010101,2023-05-25,114.768,597.0716,5.2024222779869,39.426,32.46,42.882,3.30942956926659,0.102803,5,0
1011010201,2023-05-25,14.565,131.4464,9.02481290765534,4.888,2.798,6.879,4.2,0.14142,5,0
1011010402,2023-05-25,13.962,212.8628,15.2458673542472,5.862,4.926,3.174,NaN,0.119747368421053,5,0
1011010501,2023-05-25,21.865,165.283,7.55924994283101,8.391,5.184,8.29,NaN,0.07122,5,0
1011010504,2023-05-25,76.118,521.1328,6.84638061956436,23.506,21.459,31.153,5.18924390458586,0.0851533333333334,5,0
1011010801,2023-05-25,50.69,274.86,5.42237127638587,18.844,9.039,22.807,3.1,0.0813097222222222,5,0
1011010101,2023-05-26,154.12,783.0974,5.08108876200363,41.419,45.055,67.646,3.86877828054299,0.102803,6,0
1011010201,2023-05-26,24.236,252.9304,10.4361445783133,7.367,7.912,8.957,7,0.14142,6,0
1011010402,2023-05-26,20.081,296.9576,14.7879886459838,7.201,7.741,5.139,NaN,0.119747368421053,6,0
1011010501,2023-05-26,18.213,152.022,8.34689507494647,6.496,5.506,6.211,NaN,0.07122,6,0
1011010504,2023-05-26,90.26,660.8418,7.32153556392644,19.357,21.279,49.624,5.5,0.0851533333333334,6,0
1011010801,2023-05-26,53.736,405.5428,7.54694804228078,14.381,13.97,25.385,17.0927975739196,0.0813097222222222,6,0
1011010101,2023-05-27,273.537,1365.2152,4.99097087414134,132.204,62.633,78.7,2.81,0.102803,7,1
1011010201,2023-05-27,41.279,429.4078,10.4025727367427,18.639,9.165,13.475,NaN,0.14142,7,1
1011010402,2023-05-27,24.97,340.204,13.6245094112936,13.953,4.018,6.999,12,0.119747368421053,7,1
1011010501,2023-05-27,24.313,170.191,7,12.688,4.843,6.782,NaN,0.07122,7,1
1011010504,2023-05-27,127.658,862.666,6.75763367748202,50.016,39.051,38.591,25.8,0.0851533333333334,7,1
1011010801,2023-05-27,91.754,537.696,5.86019138130218,42.525,24.486,24.743,NaN,0.0813097222222222,7,1
1011010101,2023-05-28,262.277,1353.1002,5.15905016452072,105.144,78.709,78.424,2.86227771471812,0.102803,1,1
1011010201,2023-05-28,36.971,399.0036,10.7923399421168,13.456,12.944,10.571,5.61823834196891,0.14142,1,1
1011010402,2023-05-28,22.807,296.5116,13.000903231464,16.919,4.171,1.717,NaN,0.119747368421053,1,1
1011010501,2023-05-28,38.881,233.286,6,17.283,11.11,10.488,NaN,0.07122,1,1
1011010504,2023-05-28,131.518,889.4558,6.76299670007147,53.152,44.511,33.855,4.74285714285714,0.0851533333333334,1,1
1011010801,2023-05-28,109.635,593.14,5.41013362521093,33.348,26.271,50.016,2.772,0.0813097222222222,1,1
1011010101,2023-05-29,146.434,746.1758,5.09564581995985,48.492,41.744,56.198,3.67584960231381,0.102803,2,0
1011010201,2023-05-29,16.312,214.2842,13.1365988229524,9.194,4.73,2.388,NaN,0.14142,2,0
1011010402,2023-05-29,12.75,169.808,13.3182745098039,6.005,6.16,0.585,NaN,0.119747368421053,2,0
1011010501,2023-05-29,28.536,215.766,7.5611858704794,11.683,5.725,11.128,NaN,0.07122,2,0
1011010504,2023-05-29,61.995,431.804,6.96514235018953,26.761,18.051,17.183,3.5,0.0851533333333334,2,0
1011010801,2023-05-29,53.849,263.876,4.90029527010715,16.915,8.188,28.746,3.00769230769231,0.0813097222222222,2,0
1011010101,2023-05-30,156.287,771.464,4.93620070767242,56.315,30.216,69.756,3.45454545454546,0.102803,3,0
1011010201,2023-05-30,14.652,201.923,13.7812585312585,4.898,4.049,5.705,NaN,0.14142,3,0
1011010402,2023-05-30,8.852,125.0332,14.1248531405332,4.669,2.719,1.464,NaN,0.119747368421053,3,0
1011010501,2023-05-30,23.886,210.0594,8.7942476764632,8.723,7.446,7.717,NaN,0.07122,3,0
1011010504,2023-05-30,59.897,399.4408,6.66879476434546,15.684,9.916,34.297,5.8,0.0851533333333334,3,0
1011010801,2023-05-30,46.299,270.876,5.85057992613231,4.026,11.689,30.584,2.25,0.0813097222222222,3,0
1011010101,2023-05-31,136.132,722.856,5.30996385860782,41.609,35.428,59.095,3.3,0.102803,4,0
1011010201,2023-05-31,16.723,228.404,13.6580757041201,5.695,2.748,8.28,NaN,0.14142,4,0
1011010402,2023-05-31,7.86,121.5896,15.4694147582697,4.585,1.479,1.796,NaN,0.119747368421053,4,0
1011010501,2023-05-31,17.471,116.2056,6.65134222425734,5.994,2.515,8.962,NaN,0.07122,4,0
1011010504,2023-05-31,61.96,446.141,7.20046804389929,21.534,15.162,25.264,NaN,0.0851533333333334,4,0
1011010801,2023-05-31,46.711,251.964,5.39410417246473,14.772,12.376,19.563,2.475,0.0813097222222222,4,0
1011010101,2023-06-01,136.982,706.9904,5.16119198142822,50.709,30.672,55.601,2.9,0.102803,5,0
1011010201,2023-06-01,19.364,265.101,13.6904048750258,8.352,4.428,6.584,NaN,0.14142,5,0
1011010402,2023-06-01,9.741,150.5268,15.4529103788112,2.366,4.28,3.095,NaN,0.119747368421053,5,0
1011010501,2023-06-01,18.475,166.3782,9.00558592692828,9.325,4.688,4.462,NaN,0.07122,5,0
1011010504,2023-06-01,67.854,493.165,7.26803136145253,21.435,14.079,32.34,NaN,0.0851533333333334,5,0
1011010801,2023-06-01,44.867,241.508,5.38275347137094,10.543,13.811,20.513,2.71428571428571,0.0813097222222222,5,0
1011010101,2023-06-02,161.142,853.786,5.29834555857567,69.653,28.521,62.968,3.62941176470588,0.102803,6,0
1011010201,2023-06-02,16.172,223.033,13.7913059609201,5.601,2.577,7.994,NaN,0.14142,6,0
1011010402,2023-06-02,11.988,193.018,16.1009342676009,6.927,2.969,2.092,NaN,0.119747368421053,6,0
1011010501,2023-06-02,22.501,200.3846,8.90558641838141,6.516,6.702,9.283,NaN,0.07122,6,0
1011010504,2023-06-02,72.847,508.8586,6.98530618968523,28.952,11.992,31.903,NaN,0.0851533333333334,6,0
1011010801,2023-06-02,68.385,351.7756,5.14404620896396,7.994,14.408,45.983,3,0.0813097222222222,6,0
1011010101,2023-06-03,222.081,1197.6974,5.39306559318447,83.065,67.417,71.599,3.32,0.102803,7,1
1011010201,2023-06-03,33.243,457.148,13.7517071263123,13.881,8.738,10.624,NaN,0.14142,7,1
1011010402,2023-06-03,29.041,414.3926,14.2692262663131,17.847,5.822,5.372,11.439627039627,0.119747368421053,7,1
1011010501,2023-06-03,39.399,334.3932,8.4873524708749,17.469,10.426,11.504,NaN,0.07122,7,1
1011010504,2023-06-03,123.664,808.3244,6.53645685082158,55.774,27.285,40.605,4.3,0.0851533333333334,7,1
1011010801,2023-06-03,94.541,504.484,5.33613987582107,30.135,25.576,38.83,2.4,0.0813097222222222,7,1
1011010101,2023-06-04,215.285,1140.6152,5.2981638293425,88.526,64.238,62.521,3.25,0.102803,1,1
1011010201,2023-06-04,25.117,346.953,13.8134729466099,11.935,8.225,4.957,NaN,0.14142,1,1
1011010402,2023-06-04,21.047,250.0524,11.8806670784435,10.684,7.21,3.153,NaN,0.119747368421053,1,1
1011010501,2023-06-04,34.741,305.3196,8.78845168532857,10.813,10.654,13.274,NaN,0.07122,1,1
1011010504,2023-06-04,123.698,782.4572,6.32554447121215,49.914,35.211,38.573,9,0.0851533333333334,1,1
1011010801,2023-06-04,95.926,480.624,5.0103621541605,29.97,31.751,34.205,2.76111111111111,0.0813097222222222,1,1
1011010101,2023-06-05,145.142,787.4456,5.42534621267448,52.896,24.942,67.304,2.89328346739075,0.102803,2,0
1011010201,2023-06-05,22.57,308.696,13.6772707133363,8.589,6.759,7.222,NaN,0.14142,2,0
1011010402,2023-06-05,12.58,159.032,12.641653418124,5.379,3.981,3.22,NaN,0.119747368421053,2,0
1011010501,2023-06-05,19.989,160.0238,8.00559307619191,8.426,3.91,7.653,NaN,0.07122,2,0
1011010504,2023-06-05,74.896,439.0545,5.86218890194403,28.507,12.803,33.586,5.9454682324601,0.0851533333333334,2,0
1011010801,2023-06-05,49.192,273.608,5.56204260855424,16.055,8.085,25.052,2.64,0.0813097222222222,2,0
1011010101,2023-06-06,152.439,835.3906,5.48016321282611,52.102,37.577,62.76,3.71905770908638,0.102803,3,0
1011010201,2023-06-06,21.351,297.789,13.9473092595195,7.995,3.757,9.599,NaN,0.14142,3,0
1011010402,2023-06-06,14.408,185.6728,12.8867851193781,3.609,4.246,6.553,NaN,0.119747368421053,3,0
1011010501,2023-06-06,19.081,157.2814,8.24282794402809,6.402,3.563,9.116,NaN,0.07122,3,0
1011010504,2023-06-06,84.745,489.583,5.77713139418255,26.009,14.584,44.152,4.14344316527723,0.0851533333333334,3,0
1011010801,2023-06-06,56.608,270.092,4.77126907857547,17.081,11.359,28.168,2.70625,0.0813097222222222,3,0
1011010101,2023-06-07,135.735,719.88,5.30356945518842,45.814,33.984,55.937,4.09000169176112,0.102803,4,0
1011010201,2023-06-07,11.835,179.892,15.2,4.466,0.904,6.465,NaN,0.14142,4,0
1011010402,2023-06-07,14.142,214.7916,15.1882053457785,5.284,4.476,4.382,NaN,0.119747368421053,4,0
1011010501,2023-06-07,17.873,170.6024,9.54525821070889,3.943,6.8,7.13,NaN,0.07122,4,0
1011010504,2023-06-07,66.121,478.548,7.23745859862979,16.803,14.744,34.574,4.46844275293371,0.0851533333333334,4,0
1011010801,2023-06-07,44.446,239.904,5.39765108221212,7.722,14.358,22.366,3.32857142857143,0.0813097222222222,4,0
1011010101,2023-06-08,119.287,625.0968,5.24027597307334,49.138,24.449,45.7,3.81739938523125,0.102803,5,0
1011010201,2023-06-08,15.446,232.016,15.0211057879063,8.318,3.206,3.922,NaN,0.14142,5,0
1011010402,2023-06-08,9.254,136.1932,14.7172249837908,3.343,3.719,2.192,NaN,0.119747368421053,5,0
1011010501,2023-06-08,24.509,228.762,9.33379574850055,10.438,3.987,10.084,NaN,0.07122,5,0
1011010504,2023-06-08,77.363,526.9816,6.81180409239559,25.464,18.239,33.66,8.34700103412616,0.0851533333333334,5,0
1011010801,2023-06-08,49.993,246.632,4.93333066629328,14.127,12.789,23.077,2.85,0.0813097222222222,5,0
1011010101,2023-06-09,140.024,721.6428,5.15370793578244,50.542,21.563,67.919,3.56061909488622,0.102803,6,0
1011010201,2023-06-09,13.684,203.456,14.8681672025723,5.03,3.852,4.802,NaN,0.14142,6,0
1011010402,2023-06-09,15.816,187.2744,11.8408194233687,8.072,2.22,5.524,10.4080808080808,0.119747368421053,6,0
1011010501,2023-06-09,21.798,189.91,8.71226718047527,8.019,3.87,9.909,NaN,0.07122,6,0
1011010504,2023-06-09,74.296,456.8817,6.14947911058469,20.525,18.045,35.726,5.30846019755956,0.0851533333333334,6,0
1011010801,2023-06-09,55.465,232.63,4.19417650770756,24.345,6.364,24.756,2.66923076923077,0.0813097222222222,6,0
1011010101,2023-06-10,240.235,1288.7028,5.36434241471892,101.371,49.156,89.708,3.61275110414589,0.102803,7,1
1011010201,2023-06-10,26.766,390.0342,14.5720017933199,12.656,6.514,7.596,7.8,0.14142,7,1
1011010402,2023-06-10,19.118,222.5999,11.6434721205147,8.162,6.595,4.361,9.9,0.119747368421053,7,1
1011010501,2023-06-10,38.116,307.584,8.0696820232973,15.594,8.964,13.558,NaN,0.07122,7,1
1011010504,2023-06-10,146.968,824.6054,5.61078193892548,62.36,38.587,46.021,4.38946188340807,0.0851533333333334,7,1
1011010801,2023-06-10,98.844,422.568,4.27510015782445,27.368,17.99,53.486,2.11923076923077,0.0813097222222222,7,1
1011010101,2023-06-11,213.908,1148.2452,5.36793948800419,98.527,49.926,65.455,3.47507457891597,0.102803,1,1
1011010201,2023-06-11,25.472,365.7642,14.3594613693467,13.772,5.195,6.505,7.8,0.14142,1,1
1011010402,2023-06-11,21.247,304.3095,14.3224690544547,17.132,2.18,1.935,12.4493161094225,0.119747368421053,1,1
1011010501,2023-06-11,43.303,360.97,8.33591206151999,23.84,6.874,12.589,NaN,0.07122,1,1
1011010504,2023-06-11,119.69,715.1913,5.97536385662963,58.751,23.86,37.079,3.08264955720224,0.0851533333333334,1,1
1011010801,2023-06-11,79.626,380.072,4.77321477909226,25.501,14.897,39.228,2.63181818181818,0.0813097222222222,1,1
1011010101,2023-06-12,127.399,645.9176,5.07003665648867,43.508,23.509,60.382,3.56080837242873,0.102803,2,0
1011010201,2023-06-12,17.143,231.9352,13.5294405879951,5.691,2.864,8.588,9.07249647390691,0.14142,2,0
1011010402,2023-06-12,10.351,142.9268,13.8080185489325,7.596,1.396,1.359,NaN,0.119747368421053,2,0
1011010501,2023-06-12,23.087,175.2404,7.59043617620306,8.159,3.451,11.477,NaN,0.07122,2,0
1011010504,2023-06-12,67.12,415.306,6.18751489868891,18.822,19.617,28.681,4.55029832935561,0.0851533333333334,2,0
1011010801,2023-06-12,36.154,185.588,5.13326326270952,9.74,6.207,20.207,2.17692307692308,0.0813097222222222,2,0
1011010101,2023-06-13,140.865,775.7412,5.50698328186562,47.467,30.238,63.16,3.7652348193489,0.102803,3,0
1011010201,2023-06-13,10.189,154.8728,15.2,2.328,1.524,6.337,NaN,0.14142,3,0
1011010402,2023-06-13,12.054,178.6952,14.824556163929,6.771,1.125,4.158,11.1929390997352,0.119747368421053,3,0
1011010501,2023-06-13,17.659,130.944,7.4151424202956,7.789,1.627,8.243,NaN,0.07122,3,0
1011010504,2023-06-13,84.891,455.6876,5.3679141487319,28.592,19.968,36.331,3.95920679886685,0.0851533333333334,3,0
1011010801,2023-06-13,54.24,268.28,4.94616519174041,15.43,11.672,27.138,1.87692307692308,0.0813097222222222,3,0
1011010101,2023-06-14,115.605,635.9628,5.50117036460361,36.428,20.061,59.116,3.07908690070882,0.102803,4,0
1011010201,2023-06-14,9.175,138.8506,15.1335803814714,2.599,1.781,4.795,NaN,0.14142,4,0
1011010402,2023-06-14,7.284,107.2968,14.7304777594728,2.942,4.062,0.28,NaN,0.119747368421053,4,0
1011010501,2023-06-14,28.361,193.9656,6.83916646098516,11.384,6.998,9.979,NaN,0.07122,4,0
1011010504,2023-06-14,82.127,462.9276,5.63672848149817,21.116,15.839,45.172,4.43298969072165,0.0851533333333334,4,0
1011010801,2023-06-14,43.778,225.916,5.16049157110878,15.152,4.246,24.38,3.12222222222222,0.0813097222222222,4,0
1011010101,2023-06-15,118.42,593.5972,5.01264313460564,39.262,24.47,54.688,3.41764705882353,0.102803,5,0
1011010201,2023-06-15,9.804,143.0932,14.5953896368829,3.728,3.596,2.48,3.8,0.14142,5,0
1011010402,2023-06-15,16.733,197.4948,11.8027132014582,3.529,7.349,5.855,11.2016,0.119747368421053,5,0
1011010501,2023-06-15,15.908,134.462,8.45247674126226,4.595,6.724,4.589,NaN,0.07122,5,0
1011010504,2023-06-15,63.624,392.0405,6.16183358481076,15.988,18.874,28.762,6.82236965711602,0.0851533333333334,5,0
1011010801,2023-06-15,34.886,206.092,5.90758470446598,8.444,8.48,17.962,2.27,0.0813097222222222,5,0
1011010101,2023-06-16,172.11,900.0056,5.22924641217826,41.491,69.515,61.104,3.1551724137931,0.102803,6,0
1011010201,2023-06-16,22.692,310.35,13.6766261237441,6.839,7.174,8.679,NaN,0.14142,6,0
1011010402,2023-06-16,15.49,255.2846,16.4806068431246,4.861,3.943,6.686,12.0608490566038,0.119747368421053,6,0
1011010501,2023-06-16,24.133,195.8532,8.11557618199146,6.356,6.36,11.417,NaN,0.07122,6,0
1011010504,2023-06-16,86.159,495.78,5.75424505855453,21.434,25.742,38.983,4.419488296135,0.0851533333333334,6,0
1011010801,2023-06-16,58.503,270.466,4.62311334461481,10.874,12.807,34.822,3.04705882352941,0.0813097222222222,6,0
1011010101,2023-06-17,244.334,1294.141,5.2966062848396,127.509,51.342,65.483,3.35853412206031,0.102803,7,1
1011010201,2023-06-17,26.791,407.2232,15.2,12.799,9.315,4.677,NaN,0.14142,7,1
1011010402,2023-06-17,22.626,312.8232,13.8258286926545,10.673,4.657,7.296,10.5604171389708,0.119747368421053,7,1
1011010501,2023-06-17,46.628,334.5324,7.17449601098053,22.679,13.452,10.497,NaN,0.07122,7,1
1011010504,2023-06-17,169.193,882.9504,5.21859887820418,66.09,55.088,48.015,2.65555555555556,0.0851533333333334,7,1
1011010801,2023-06-17,93.35,530.2,5.67970005356186,38.613,21.146,33.591,2.43333333333333,0.0813097222222222,7,1
1011010101,2023-06-18,253.447,1301.476,5.13510122431909,135.572,63.082,54.793,3.57176307345417,0.102803,1,1
1011010201,2023-06-18,23.098,348.2312,15.0762490258897,12.605,5.903,4.59,NaN,0.14142,1,1
1011010402,2023-06-18,23.373,358.4731,15.3370598553887,14.424,3.936,5.013,11.5366111111111,0.119747368421053,1,1
1011010501,2023-06-18,54.553,376.114,6.89446959837222,24.034,12.781,17.738,NaN,0.07122,1,1
1011010504,2023-06-18,149.877,785.4832,5.24085216544233,68.792,43.669,37.416,2.92413793103448,0.0851533333333334,1,1
1011010801,2023-06-18,72.039,456.236,6.33318063826538,28.501,16.312,27.226,3.14,0.0813097222222222,1,1
1011010101,2023-06-19,128.701,630.4718,4.89873272157947,48.607,21.866,58.228,3.60709504685408,0.102803,2,0
1011010201,2023-06-19,12.363,187.9176,15.2,2.613,1.999,7.751,NaN,0.14142,2,0
1011010402,2023-06-19,11.51,199.9592,17.3726498696785,2.608,2.351,6.551,7.30669885334943,0.119747368421053,2,0
1011010501,2023-06-19,21.207,162.26,7.65124722968831,4.243,2.767,14.197,NaN,0.07122,2,0
1011010504,2023-06-19,77.049,416.4558,5.40507728847876,18.54,17.311,41.198,3.30631911532386,0.0851533333333334,2,0
1011010801,2023-06-19,43.293,257.032,5.93703370059825,12.2,6.634,24.459,2.88,0.0813097222222222,2,0
1011010101,2023-06-20,126.228,620.0676,4.91228253636277,55.415,21.022,49.791,3.2589084698393,0.102803,3,0
1011010201,2023-06-20,13.919,209.518,15.0526618291544,3.739,3.288,6.892,NaN,0.14142,3,0
1011010402,2023-06-20,11.657,221.8696,19.0331646221155,4.752,2.815,4.09,NaN,0.119747368421053,3,0
1011010501,2023-06-20,21.592,153.984,7.13153019636903,9.764,4.578,7.25,NaN,0.07122,3,0
1011010504,2023-06-20,66.666,393.0572,5.89591695916959,22.141,17.003,27.522,4.19199029126214,0.0851533333333334,3,0
1011010801,2023-06-20,39.223,205.352,5.23549957932845,9.054,8.776,21.393,2.32307692307692,0.0813097222222222,3,0
1011010101,2023-06-21,126.263,566.102,4.48351456879688,57.765,20.006,48.492,3.20683692735765,0.102803,4,0
1011010201,2023-06-21,16.697,220.4004,13.2,6.073,6.399,4.225,NaN,0.14142,4,0
1011010402,2023-06-21,27.178,456.2164,16.786238869674,11.697,3.873,11.608,11.72807906741,0.119747368421053,4,0
1011010501,2023-06-21,24.123,175.453,7.27326617750694,9.328,4.169,10.626,NaN,0.07122,4,0
1011010504,2023-06-21,91.365,436.4906,4.77743774968533,31.88,17.067,42.418,2.7875,0.0851533333333334,4,0
1011010801,2023-06-21,63.364,282.236,4.45420112366643,13.507,9.88,39.977,2.85882352941176,0.0813097222222222,4,0
1011010101,2023-06-22,171.919,859.332,4.99847020980811,86.063,32.031,53.825,3.3625,0.102803,5,0
1011010201,2023-06-22,17.912,250.768,14,9.865,4.285,3.762,NaN,0.14142,5,0
1011010402,2023-06-22,38.77,640.237,16.5137219499613,17.34,6.944,14.486,9.36238861005839,0.119747368421053,5,0
1011010501,2023-06-22,33.866,269.683,7.96323746530444,8.804,9.388,15.674,NaN,0.07122,5,0
1011010504,2023-06-22,114.288,623.7628,5.45781534369313,43.559,26.893,43.836,2.39429657794677,0.0851533333333334,5,0
1011010801,2023-06-22,77.476,491.124,6.3390469306624,22.191,14.09,41.195,1.84615384615385,0.0813097222222222,5,0
1011010101,2023-06-23,178.718,855.5916,4.78738347564319,76.008,35.434,67.276,3.3102958888057,0.102803,6,0
1011010201,2023-06-23,9.279,129.906,14,6.348,0.846,2.085,NaN,0.14142,6,0
1011010402,2023-06-23,18.677,294.7358,15.7806821223965,5.534,2.363,10.78,10.3102325581395,0.119747368421053,6,0
1011010501,2023-06-23,25.398,187.924,7.3991652886054,8.482,4.44,12.476,NaN,0.07122,6,0
1011010504,2023-06-23,88.349,467.087,5.28683969258283,45.967,10.035,32.347,2.6,0.0851533333333334,6,0
1011010801,2023-06-23,55.417,292.508,5.2783081004024,13.329,8.047,34.041,2.86470588235294,0.0813097222222222,6,0
1011010101,2023-06-24,161.495,810.902,5.02122047122202,87.805,21.88,51.81,3.28251229867242,0.102803,7,1
1011010201,2023-06-24,11.548,161.672,14,6.698,2.228,2.622,NaN,0.14142,7,1
1011010402,2023-06-24,16.054,258.3204,16.0907188239691,6.097,3.03,6.927,12.2538644470868,0.119747368421053,7,1
1011010501,2023-06-24,28.369,212.934,7.50586908244915,15.422,6.633,6.314,NaN,0.07122,7,1
1011010504,2023-06-24,94.187,544.6812,5.78297641925106,33.773,27.185,33.229,5.96984943777397,0.0851533333333334,7,1
1011010801,2023-06-24,54.18,295.62,5.4562569213732,19.872,6.45,27.858,2.00666666666667,0.0813097222222222,7,1
1011010101,2023-06-25,108.895,522.7804,4.80077505854263,37.431,17.404,54.06,3.23809523809524,0.102803,1,1
1011010201,2023-06-25,10.681,149.534,14,2.801,2.629,5.251,NaN,0.14142,1,1
1011010402,2023-06-25,16.5,256.7524,15.5607515151515,5.235,4.07,7.195,12.8186425339367,0.119747368421053,1,1
1011010501,2023-06-25,23.315,156.08,6.69440274501394,9.535,2.733,11.047,NaN,0.07122,1,1
1011010504,2023-06-25,69.658,385.57,5.53518619541187,24.065,14.555,31.038,3.69757489300999,0.0851533333333334,1,1
1011010801,2023-06-25,35.271,199.204,5.64781265061949,8.103,5.435,21.733,2.95714285714286,0.0813097222222222,1,1
1011010101,2023-06-26,80.524,430.5642,5.34702945705628,36.364,9.982,34.178,3.09566145539022,0.102803,2,0
1011010201,2023-06-26,8.083,113.162,14,3.303,1.626,3.154,NaN,0.14142,2,0
1011010402,2023-06-26,10.384,186.5424,17.964406779661,7.185,1.826,1.373,10.3023208879919,0.119747368421053,2,0
1011010501,2023-06-26,21.224,134.97,6.35931021485111,6.528,1.693,13.003,NaN,0.07122,2,0
1011010504,2023-06-26,72.185,425.565,5.89547689963289,22.251,14.9,35.034,4.6407830853563,0.0851533333333334,2,0
1011010801,2023-06-26,39.582,216.668,5.4739022788136,9.269,4.734,25.579,2.96666666666667,0.0813097222222222,2,0
1011010101,2023-06-27,127.278,642.0896,5.04478071622747,46.45,27.842,52.986,4.34421025240697,0.102803,3,0
1011010201,2023-06-27,14.272,171.264,12,3.219,1.914,9.139,NaN,0.14142,3,0
1011010402,2023-06-27,16.454,263.0436,15.9866050808314,6.14,0.725,9.589,12.5744213112634,0.119747368421053,3,0
1011010501,2023-06-27,8.415,67.124,7.9767082590612,1.56,2.33,4.525,NaN,0.07122,3,0
1011010504,2023-06-27,67.12,422.8367,6.29971245530393,22.163,7.911,37.046,6.25015188335358,0.0851533333333334,3,0
1011010801,2023-06-27,38.708,193.892,5.00909372739485,14.383,4.526,19.799,1.93076923076923,0.0813097222222222,3,0
1011010101,2023-06-28,130.182,630.4388,4.84274938163494,45.547,38.493,46.142,3.55786673759809,0.102803,4,0
1011010201,2023-06-28,16.069,198.164,12.3320679569357,7.339,4.136,4.594,NaN,0.14142,4,0
1011010402,2023-06-28,14.946,209.4314,14.0125384718319,4.027,1.081,9.838,12.6197544642857,0.119747368421053,4,0
1011010501,2023-06-28,15.651,121.6408,7.77207846144016,4.261,5.097,6.293,NaN,0.07122,4,0
1011010504,2023-06-28,68.534,415.4488,6.06193714068929,17.224,15.926,35.384,2.44893111638955,0.0851533333333334,4,0
1011010801,2023-06-28,53.742,247.908,4.61292843586022,17.899,11.074,24.769,2.8,0.0813097222222222,4,0
1011010101,2023-06-29,135.09,646.1398,4.7830320527056,50.63,37.318,47.142,3.30526315789474,0.102803,5,0
1011010201,2023-06-29,24.367,292.502,12.0040218328067,8.681,6.061,9.625,8.4,0.14142,5,0
1011010402,2023-06-29,22.945,391.5526,17.0648332970146,3.817,7.331,11.797,12.6183268748575,0.119747368421053,5,0
1011010501,2023-06-29,11.511,86.3524,7.50172878116584,2.691,2.347,6.473,NaN,0.07122,5,0
1011010504,2023-06-29,89.113,556.428,6.24407213313433,24.326,31.691,33.096,3.30841121495327,0.0851533333333334,5,0
1011010801,2023-06-29,48.314,225.936,4.67640849443226,11.127,15.37,21.817,2.32,0.0813097222222222,5,0
1011010101,2023-06-30,130.464,667.7684,5.11841120922247,51.806,16.191,62.467,4.51444015444016,0.102803,6,0
1011010201,2023-06-30,28.087,323.3425,11.5121764517392,10.963,5.674,11.45,10.1628400299476,0.14142,6,0
1011010402,2023-06-30,19.419,280.9766,14.4691590710129,3.502,3.85,12.067,12.7416455556779,0.119747368421053,6,0
1011010501,2023-06-30,24.53,198.8132,8.10490012229923,5.895,5.229,13.406,NaN,0.07122,6,0
1011010504,2023-06-30,82.286,501.6192,6.09604549984201,26.349,15.148,40.789,3.62576687116564,0.0851533333333334,6,0
1011010801,2023-06-30,39.572,258.828,6.54068533306378,4.276,8.135,27.161,2.44444444444444,0.0813097222222222,6,0
